inr,mode,terminal_state,last_activity_summary
19INR0041,deep,max_turns,Bash:queue_history.py > Bash:# > Bash:python3 > Bash:python3 > Bash:python3 > Bash:python3 > Bash:python3 > Bash:# > Bash:cp > Write:findings.json
19INR0075,triage,hung_hardkilled,WebFetch:html.duckduckgo.com/html > WebFetch:comptroller.texas.gov/economy/l > WebFetch:comptroller.texas.gov/economy/l > WebFetch:mycpa.cpa.state.tx.us/ch313 > WebFetch:html.duckduckgo.com/html > WebFetch:gov.texas.gov/business/page > Edit:log.md > Write:triage_findings.json > Write:triage.md > Edit:log.md
19INR0100,deep,budget_kill,Read:s2_2024-06-01.png > Read:s2_2025-12-01.png > WebFetch:wacotrib.com/news/local > WebFetch:search.yahoo.com/search > WebFetch:search.yahoo.com/search > Read:s2_2026-04-01.png > WebFetch:tollbit.wacotrib.com/news/local > WebFetch:en.newsroom.engie.com/news/engi > WebFetch:search.yahoo.com/search > Glob:gis-research/research/19INR0100_pra
19INR0103,triage,hung_hardkilled,WebFetch:www.bing.com/search > Edit:log.md > WebFetch:comptroller.texas.gov/economy/l > WebFetch:comptroller.texas.gov/economy/l > WebFetch:comptroller.texas.gov/economy/l > WebFetch:www.bing.com/search > Edit:log.md > Write:triage_findings.json > Write:triage.md > Edit:log.md
20INR0162,deep,exec_error,Read:PLAYBOOK.md > Read:DOSSIER_TEMPLATE.md > Read:dossier.md
20INR0203,deep,budget_kill,Read:dossier.md > Bash:ls > Read:triage_findings.json > Read:triage.md > Read:timeline.md > Bash:ls > Read:2026-07-19_clearway_pine-forest-com > Read:2026-07-19_clearway_pine-forest-fin > Read:log.md > Bash:gmaps.py:places
20INR0236,deep,exec_error,Write:findings.json > Write:dossier.md > Bash:queue_history.py > Bash:build_brief.py > Bash:build_brief.py > Read:build_brief.py > Bash:uv > Bash:uv > Bash:build_brief.py > Bash:build_brief.py
20INR0255,deep,budget_kill,WebFetch:www.comptroller.texas.gov/econo > Read:findings.json > Read:dossier.md > Bash:cdse.py:chip > Bash:# > WebFetch:services1.arcgis.com/Hp6G80Pky0 > Bash:gmaps.py:staticmap > Write:findings.json > Write:dossier.md > Bash:queue_history.py
21INR0210,deep,exec_error,WebFetch:www.solarpowerworldonline.com/t > WebFetch:www.gem.wiki/Adamstown_Solar > WebFetch:www.gem.wiki/Special:Search > WebFetch:www.wilbargercad.org/results.ph > WebFetch:www.wilbargercad.org/results.ph > WebFetch:www.wilbargercad.org > WebFetch:www.ercot.com/files/docs > WebFetch:www.ercot.com/files/docs > WebFetch:www.ercot.com/files/docs > WebFetch:www.ercot.com/mp/data-products
21INR0221,deep,max_turns,Read:esri_z14_phase2.jpg > Bash:python3 > Read:esri_z12_wide.jpg > Read:esri_z14_phase3_west.jpg > Read:esri_z14_phase1_franklin.jpg > Bash:gmaps.py > Bash:# > Write:findings.json > Write:dossier.md > Bash:queue_history.py
21INR0260,triage,hung_hardkilled,Bash:cdse.py:chips > Bash:cdse.py:chip > Bash:mkdir > Bash:cdse.py:chip > Bash:cdse.py:chip > Bash:ls > Read:s2_lat31.625_lon-96.789.png > Edit:log.md > Write:triage_findings.json > Write:triage.md
21INR0280,triage,budget_kill,WebFetch:www.bing.com/search > WebFetch:www.openstreetmap.org/search > WebFetch:nominatim.openstreetmap.org/sea > WebFetch:nominatim.openstreetmap.org/sea > Bash:cdse.py:sheet > Bash:cdse.py > Bash:cdse.py:chips > Bash:cdse.py:chips > Read:b4x36ry3d.output > Write:triage_findings.json
21INR0324,deep,budget_kill,WebFetch:www.engie-na.com/daikin-engie-r > WebFetch:www.engie-na.com/walmart > WebFetch:direct.sos.state.tx.us/acct/acc > Bash:ls > Bash:mkdir > Write:triage_findings.json > Write:triage_findings.json > Bash:cat > Bash:cat > Bash:cat
21INR0341,deep,exec_error,WebFetch:comptroller.texas.gov/economy/d > WebFetch:comptroller.texas.gov/economy/d > WebFetch:comptroller.texas.gov/economy/d > WebFetch:comptroller.texas.gov/economy/d > Bash:curl:comptroller.texas.gov > WebFetch:whartoncountytx.gov > Bash:curl:comptroller.texas.gov > Bash:curl:comptroller.texas.gov > Bash:cat > Bash:curl:interchange.puc.texas.gov
22INR0203,triage,hung_hardkilled,WebFetch:comptroller.texas.gov/economy/d > WebFetch:comptroller.texas.gov/economy/d > Edit:log.md > WebFetch:www.bing.com/search > WebFetch:www.bing.com/search > WebFetch:www.bing.com/search > WebFetch:www.bing.com/search > Edit:log.md > Write:triage_findings.json > Write:triage.md
22INR0262,deep,exec_error,WebFetch:overpass-api.de/api/interpreter > WebFetch:esearch.callahancad.org > WebFetch:comptroller.texas.gov/economy/l > WebFetch:comptroller.texas.gov/economy/l > WebFetch:overpass-api.de/api/interpreter > WebFetch:www.sos.state.tx.us/corp/sosda > WebFetch:mycpa.cpa.state.tx.us/ch313sear > WebFetch:www.puc.texas.gov/industry/elec > WebFetch:www.ercot.com/files/docs > WebFetch:mycpa.cpa.state.tx.us/coa/Index
22INR0503,deep,hung_hardkilled,Bash:curl:interchange.puc.texas.gov > Bash:# > Bash:curl:interchange.puc.texas.gov > Bash:curl:interchange.puc.texas.gov > Bash:curl:interchange.puc.texas.gov > Bash:curl:interchange.puc.texas.gov > Bash:curl:interchange.puc.texas.gov > Bash:curl:interchange.puc.texas.gov > Bash:curl:interchange.puc.texas.gov > Bash:curl:interchange.puc.texas.gov
22INR0504,deep,hung_hardkilled,WebFetch:interchange.puc.texas.gov/searc > WebFetch:openinframap.org > WebFetch:comptroller.texas.gov/taxes/fra > WebFetch:interchange.puc.texas.gov/searc > WebFetch:www.ercot.com/search > WebFetch:overpass-api.de/api/interpreter > WebFetch:api-doc.comptroller.texas.gov/p > WebFetch:overpass-api.de/api/interpreter > WebFetch:overpass-api.de/api/interpreter > WebFetch:www.sos.state.tx.us/corp/sosda
23INR0027,deep,hung_hardkilled,Read:triage_findings.json > Read:triage.md > Read:log.md > Read:timeline.json > Read:timeline.md > Read:2026-07-19_puct_56006-351_cachena-s > Read:2026-07-19_enbridge_clear-fork-sola > Read:2026-07-19_enbridge_pr_clear-fork-s > Read:2026-07-19_electrek_clear-fork-sola > Read:2026-07-19_enbridge_clear-fork-sola
23INR0047,deep,max_turns,Bash:curl:www.ercot.com > Bash:# > Bash:cdse.py:chip > Bash:cdse.py:chip > Read:s2_2026-07-01_correct.png > Bash:cdse.py:chip > Bash:cdse.py:chip > Bash:cdse.py:chip > Bash:# > Bash:#
23INR0056,deep,budget_kill,WebFetch:leewindpower.com/projects > WebFetch:www.solv.energy/projects > WebFetch:www.sunrunhome.com/caliche-moun > Glob:gis-research/research/23INR0056_cal > Read:triage_findings.json > Read:log.md > Read:triage.md > Read:log.md > Write:findings.json > Write:log.md
23INR0070,deep,exec_error,WebFetch:www.engie-na.com/news/latest-ne > WebFetch:www.eia.gov/opendata/browser > Bash:ls > Bash:which > Bash:uv > Bash:uv > Bash:uv > Bash:curl:assets.comptroller.texas.gov > WebFetch:api.eia.gov/v2/electricity > WebFetch:www.eia.gov/electricity/data
23INR0204,triage,max_turns,Bash:cdse.py > Bash:cdse.py:chips > Bash:cdse.py:sheet > Bash:cdse.py:chip > Bash:cdse.py:sheet > Read:contact_sheet.png > Edit:log.md > Bash:mkdir > Write:triage.md > Edit:log.md
23INR0235,deep,max_turns,"Bash:# > Bash:curl:overpass.kumi.systems > WebFetch:en.wikipedia.org/wiki/Hoyte,_Te > Bash:curl:milam.tx.publicsearch.us > Bash:curl:milam.tx.publicsearch.us > Bash:curl:html.duckduckgo.com > WebFetch:html.duckduckgo.com/html > WebFetch:html.duckduckgo.com/html > WebFetch:www.ferrovial.com/en/press-room > WebFetch:www.ferrovial.com/en/press-room"
23INR0290,deep,max_turns,Bash:# > Bash:cat > Bash:cdse.py:is > Bash:cdse.py:to > Bash:curl:identity.dataspace.copernicus. > Bash:curl:identity.dataspace.copernicus. > Bash:gmaps.py:staticmap > Bash:gmaps.py:places > Read:s2_2025-12-01_tight.png > Read:scan_b.png
23INR0318,triage,budget_kill,WebFetch:www.google.com/search > WebFetch:www.google.com/search > Bash:ls > Read:log.md > Read:timeline.json > Write:triage_findings.json > Write:triage.md > Edit:log.md > Agent:Agent > ToolSearch:ToolSearch
23INR0421,deep,hung_hardkilled,Bash:curl:interchange.puc.texas.gov > Bash:curl:interchange.puc.texas.gov > Bash:curl:interchange.puc.texas.gov > Bash:python3 > Bash:curl:interchange.puc.texas.gov > Bash:curl:interchange.puc.texas.gov > Bash:curl:interchange.puc.texas.gov > Bash:curl:interchange.puc.texas.gov > Bash:curl:interchange.puc.texas.gov > Bash:curl:interchange.puc.texas.gov
23INR0485,deep,exec_error,Read:index.json > WebFetch:interchange.puc.texas.gov/Apps/ > Read:INDEX.md > Grep:hacienda|23INR0485|galveston.energy > Glob:/workspaces/scratch-workspace/.clau > Glob:/workspaces/scratch-workspace/.clau > Read:triage_findings.json > Read:triage.md > Read:log.md > Bash:gmaps.py:places
23INR0501,deep,hung_hardkilled,Bash:queue_history.py > Read:timeline.md > WebFetch:www.ercot.com/misapp/GetReports > WebFetch:www.bing.com/search > WebFetch:www.bing.com/search > WebFetch:www.bing.com/search > WebFetch:www.aeptexas.com/content/dam > WebFetch:www.aeptexas.com/en/business > WebFetch:www.aeptexas.com/en/business > WebFetch:www.aeptexas.com/transmission/i
24INR0038,deep,hung_hardkilled,WebFetch:comptroller.texas.gov/economy/l > WebFetch:nominatim.openstreetmap.org/sea > WebFetch:html.duckduckgo.com/html > WebFetch:html.duckduckgo.com/html > Glob:**/* > Read:triage_findings.json > Read:log.md > Read:triage.md > Write:findings.json > Write:dossier.md
24INR0042,triage,hung_hardkilled,Bash:grep > Bash:curl:interchange.puc.texas.gov > Bash:curl:interchange.puc.texas.gov > Bash:curl:interchange.puc.texas.gov > Read:bud0qwsao.output > Edit:log.md > Write:triage_findings.json > Write:triage.md > Write:triage.md > Edit:log.md
24INR0066,triage,hung_hardkilled,WebFetch:interchange.puc.texas.gov/Searc > WebFetch:interchange.puc.texas.gov/searc > WebFetch:interchange.puc.texas.gov > Edit:log.md > WebFetch:comptroller.texas.gov/economy/l > Edit:log.md > Edit:log.md > Write:triage_findings.json > Write:triage.md > Edit:log.md
24INR0198,deep,max_turns,WebFetch:news.google.com/search > WebFetch:www.renewablesnow.com/search > WebFetch:www.woodmac.com/news/search > WebFetch:www.globenewswire.com/search/ke > WebFetch:www.accesswire.com/search > Bash:queue_history.py > Bash:cat > Bash:mkdir > Write:findings.json > Write:dossier.md
24INR0287,deep,budget_kill,Bash:wc > WebFetch:www.pinegaterenewables.com/magn > WebFetch:comptroller.texas.gov/economy/l > ToolSearch:ToolSearch > WebFetch:www.co.guadalupe.tx.us/commissi > WebFetch:news.google.com/search > Bash:grep > Bash:ls > WebFetch:www.google.com/search > Bash:queue_history.py
24INR0340,triage,hung_hardkilled,WebFetch:comptroller.texas.gov/economy/l > WebFetch:comptroller.texas.gov/economy/l > Edit:log.md > Bash:cdse.py > Bash:cdse.py:chips > Bash:cdse.py:sheet > Edit:log.md > Write:triage_findings.json > Write:triage.md > Edit:log.md
24INR0386,deep,hung_hardkilled,Bash:curl:services1.arcgis.com > Bash:curl:opendata.arcgis.com > Bash:curl:services.arcgis.com > Bash:# > Bash:# > Bash:# > Bash:# > Bash:# > Bash:# > Bash:curl:nominatim.openstreetmap.org
24INR0453,triage,max_turns,WebFetch:www.ercot.com/mp/data-products > WebFetch:www.bing.com/search > WebFetch:www.bing.com/search > WebFetch:www.bing.com/search > WebFetch:www.bing.com/search > WebFetch:pecoscad.org > WebFetch:pecoscad.org/home > WebFetch:pecoscad.org/home > WebFetch:www.bing.com/search > WebFetch:www.bing.com/search
25INR0046,deep,budget_kill,Bash:curl:interchange.puc.texas.gov > Bash:curl:interchange.puc.texas.gov > Bash:uv > Write:dossier.md > Bash:uv > Bash:queue_history.py > Bash:build_brief.py > Bash:build_index.py > Bash:ls > Read:findings.json
25INR0052,deep,max_turns,Bash:cat > Write:dossier.md > Write:findings.json > Bash:queue_history.py > Bash:build_brief.py > Bash:python3 > Bash:build_brief.py > Edit:findings.json > Bash:build_brief.py > Bash:build_brief.py
25INR0081,deep,max_turns,Bash:cdse.py:chip > Read:s2_2024-11-01.png > Bash:cdse.py:sheet > Bash:cat > Bash:queue_history.py > Write:findings.json > Write:dossier.md > Bash:queue_history.py > Bash:build_brief.py > Bash:build_index.py
25INR0102,deep,exec_error,WebFetch:efts.sec.gov/LATEST/search-inde > WebFetch:efts.sec.gov/LATEST/search-inde > WebFetch:www.sec.gov/cgi-bin/srqsb > WebFetch:efts.sec.gov/LATEST/search-inde > WebFetch:efts.sec.gov/LATEST/search-inde > WebFetch:efts.sec.gov/LATEST/search-inde > WebFetch:efts.sec.gov/LATEST/search-inde > WebFetch:efts.sec.gov/LATEST/search-inde > WebFetch:search.yahoo.com/search > Bash:curl:interchange.puc.texas.gov
25INR0189,triage,hung_hardkilled,Bash:cdse.py:sheet > Bash:cdse.py > Bash:cdse.py:chip > Bash:cdse.py:chips > Bash:cdse.py:chip > Bash:ls > Edit:log.md > Write:triage_findings.json > Write:triage.md > Edit:log.md
25INR0225,deep,budget_kill,WebFetch:www.ercot.com/page/trans > WebFetch:mis.ercot.com/misapp/GetReports > Glob:**/RPT.00015933* > Glob:**/GIS_Report* > Glob:**/gen_research* > Glob:gis-research/research/** > Glob:gis-research/research/*25INR0225* > Read:index.json > Glob:gis-research/research/26INR0357*/** > WebFetch:overpass-api.de/api/interpreter
25INR0230,deep,max_turns,Bash:build_brief.py > Bash:build_index.py > Bash:# > Bash:# > Bash:# > Bash:curl:nominatim.openstreetmap.org > Bash:curl:nominatim.openstreetmap.org > Bash:curl:nominatim.openstreetmap.org > Bash:curl:nominatim.openstreetmap.org > Bash:null
25INR0237,triage,max_turns,Bash:sleep > Bash:sleep > Bash:# > Bash:cdse.py:sheet > Bash:# > Read:cdse.py > Grep:def sheet|s2_\*|glob|sheet > Bash:mkdir > Bash:find > Bash:mkdir
25INR0375,deep,hung_hardkilled,Read:s2_2026-04-01_candidate1.png > Bash:ls > Bash:gmaps.py:staticmap > Read:s2_2026-03-01_candidate1.png > Bash:curl:www.globenewswire.com > Write:log.md > Write:findings.json > Read:log.md > Write:dossier.md > Write:findings.json
25INR0554,deep,max_turns,WebFetch:www.google.com/search > WebFetch:interchange.puc.texas.gov/searc > WebFetch:interchange.puc.texas.gov/apps/ > WebFetch:interchange.puc.texas.gov/Searc > WebFetch:comptroller.texas.gov/taxes/fra > WebFetch:opencorporates.com/companies > WebFetch:interchange.puc.texas.gov > WebFetch:comptroller.texas.gov/taxes/fra > WebFetch:www.puc.texas.gov/regulatory/el > WebFetch:efts.sos.state.tx.us/efts/publi
25INR0557,deep,max_turns,WebFetch:uptoncad.org/Home/Search > Bash:curl:uptoncad.org > Bash:curl:uptoncad.org > Bash:queue_history.py > Write:findings.json > Write:dossier.md > Bash:build_brief.py > Read:build_brief.py > Read:build_brief.py > Bash:build_brief.py
25INR0591,deep,budget_kill,Write:log.md > Bash:cat > Edit:log.md > Bash:curl:zeusred.com > Bash:gmaps.py:places > Bash:gmaps.py:places > Agent:Agent > ToolSearch:ToolSearch > WebFetch:interchange.puc.texas.gov/searc > WebFetch:interchange.puc.texas.gov/searc
26INR0023,deep,max_turns,Read:s2_2026-07-01_S_corridor.png > Bash:cdse.py:chip > Read:s2_2026-07-01_PS_substation.png > Bash:cdse.py:chip > Read:s2_2026-07-01_PS_tap_wide.png > Bash:cat > Write:findings.json > Write:dossier.md > Bash:queue_history.py > Bash:build_brief.py
26INR0034,deep,exec_error,Bash:cat > Bash:ls > Read:2026-07-19_energy-storage-news_qcel > Read:triage.md > Read:timeline.md > Read:triage_findings.json > Bash:# > Read:contact_sheet_2026-06-15.png > Read:2026-07-19_nofar_usa-portfolio-acqu > Read:2026-07-19_nofar_q1-2026-financial-
26INR0156,deep,exec_error,WebFetch:interconnection.fyi/developer/s > WebFetch:interconnection.fyi/project/erc > WebFetch:www.ercot.com/files/docs > WebFetch:interconnection.fyi/search > WebFetch:interconnection.fyi/projects/er > WebFetch:www.gridstatus.io/interconnecti > Read:2026-07-18_comptroller_search_ross_ > WebFetch:data.texas.gov/resource/9cir-ef > WebFetch:data.texas.gov/resource/9cir-ef > Read:dossier.md
26INR0340,deep,exec_error,Read:DOSSIER_TEMPLATE.md > Read:triage_findings.json > Read:triage.md > Read:timeline.md > Read:log.md > Read:dossier.md > Bash:ls > Bash:uv > Read:2026-07-19_puct_35077-2132_tnmp-sou > Bash:#
26INR0375,deep,budget_kill,Agent:Agent > ToolSearch:ToolSearch > WebFetch:interchange.puc.texas.gov/searc > WebFetch:www.fbcad.org > WebFetch:interchange.puc.texas.gov/searc > Bash:ls > Read:triage_findings.json > Read:log.md > Read:triage.md > Read:log.md
26INR0417,deep,hung_hardkilled,WebFetch:search.yahoo.com/search > WebFetch:ercotqueue.com/project/26INR041 > WebFetch:ercotqueue.com/search > WebFetch:ercotqueue.com/data/projects.js > WebFetch:search.yahoo.com/search > WebFetch:search.yahoo.com/search > WebFetch:www.bizapedia.com/tx/gamay-ener > WebFetch:www.bizapedia.com/addresses/420 > WebFetch:interchange.puc.texas.gov/searc > Read:s2_2026-07-01.png
26INR0431,deep,exec_error,WebFetch:tollbit.theeagle.com/search > WebFetch:bing.com/search > WebFetch:bing.com/search > WebFetch:newprojectmedia.com/ma-panamint > WebFetch:newprojectmedia.com/signals/big > WebFetch:bing.com/search > WebFetch:bing.com/search > WebFetch:robertson.tx.appraisaldistrict. > WebFetch:www.puc.texas.gov/agency/resour > WebFetch:bing.com/search
26INR0474,deep,max_turns,Bash:curl:geonames.usgs.gov > Bash:cat > Bash:curl:geonames.usgs.gov > Bash:cat > WebFetch:geonames.usgs.gov/api/names > WebFetch:www.usgs.gov/us-board-on-geogra > Bash:curl:geonames.usgs.gov > Bash:curl:services1.arcgis.com > Bash:python3 > Bash:python3
26INR0621,deep,max_turns,WebFetch:esearch.bordencad.org/Result/Ow > WebFetch:gis.bisclient.com/bordencad > Bash:cp > Edit:log.md > Write:findings.json > Write:dossier.md > Bash:queue_history.py > Bash:build_brief.py > Bash:build_index.py > Edit:log.md
26INR0625,triage,max_turns,Bash:cdse.py:chip > Bash:cdse.py:chip > Bash:cdse.py:sheet > Read:cdse.py > Read:chip_32.280556_-100.149167.png > Read:chip_32.280556_-100.149167.png > Read:chip_32.310556_-100.179167.png > Edit:log.md > Write:triage_findings.json > Write:triage.md
26INR0647,deep,max_turns,Bash:cdse.py:chips > Bash:# > Read:s2_2025-10-01.png > Read:s2_2026-03-01.png > Read:s2_2026-03-01.png > Bash:cat > Write:findings.json > Write:dossier.md > Bash:queue_history.py > Bash:build_brief.py
26INR0686,triage,max_turns,WebFetch:www.bing.com/search > WebFetch:openinframap.org > Bash:cdse.py:sheet > Bash:cdse.py > Bash:cdse.py:chips > Bash:cdse.py:sheet > Edit:log.md > Write:triage_findings.json > Write:triage.md > Edit:log.md
27INR0005,deep,max_turns,Bash:cdse.py:chip > Bash:curl:baylorcad.southwestdatasolutio > Bash:cdse.py:chip > Bash:curl:search.baylorcounty.net > Bash:cdse.py:chip > Bash:gmaps.py:staticmap > Bash:# > Write:findings.json > Write:dossier.md > Bash:build_brief.py
27INR0011,triage,max_turns,WebFetch:gov.texas.gov/business/page > WebFetch:comptroller.texas.gov/economy/l > WebFetch:comptroller.texas.gov/economy/l > WebFetch:comptroller.texas.gov/economy/l > Bash:curl:governor.texas.gov > WebFetch:www.bing.com/search > Edit:log.md > WebFetch:www.openstreetmap.org/search > WebFetch:www.bing.com/search > WebFetch:www.bing.com/search
27INR0181,deep,max_turns,WebFetch:www.gsec.coop/news > WebFetch:www.gsec.coop/about > WebFetch:www.gsec.coop/generation > Bash:curl:esearch.hale-cad.org > WebFetch:www.halecad.org > WebFetch:www.gsec.coop/power/elk-station > WebFetch:esearch.halecad.org/search/adva > WebFetch:esearch.halecad.org/search/resu > WebFetch:esearch.halecad.org/search/resu > Bash:curl:esearch.halecad.org
27INR0272,triage,hung_hardkilled,WebFetch:html.duckduckgo.com/html > WebFetch:html.duckduckgo.com/html > WebFetch:nominatim.openstreetmap.org/sea > Bash:cdse.py:sheet > Bash:cdse.py > Bash:cdse.py:chips > Bash:cdse.py:chip > Bash:cdse.py:chips > Edit:log.md > Write:triage_findings.json
27INR0297,deep,budget_kill,WebFetch:reevescad.org > WebFetch:propaccess.trueautomation.com/c > WebFetch:www.google.com/search > WebFetch:www.google.com/search > WebFetch:www.google.com/search > WebFetch:www.google.com/search > WebFetch:echo.epa.gov/facilities/facilit > WebFetch:echo.epa.gov/facilities/facilit > Bash:curl:interchange.puc.texas.gov > Bash:curl:interchange.puc.texas.gov
27INR0355,deep,max_turns,WebFetch:geocoding.geo.census.gov/geocod > WebFetch:services.nationalmap.gov/arcgis > WebFetch:hydro.nationalmap.gov/arcgis/re > WebFetch:www.usgs.gov/tools/topoview > WebFetch:ofmpub.epa.gov/waters10/Navigat > WebFetch:www.openstreetmap.org/search > WebFetch:nominatim.openstreetmap.org/sea > WebFetch:nominatim.openstreetmap.org/sea > Bash:cdse.py:chip > Bash:cdse.py:chip
27INR0501,deep,budget_kill,WebFetch:www.prnewswire.com/news-release > Bash:curl:duckduckgo.com > WebFetch:www.spglobal.com/marketintellig > WebFetch:www.4coffshore.com/windfarms/un > Bash:gmaps.py > WebFetch:www.prnewswire.com/news-release > WebFetch:seekingalpha.com/search > WebFetch:www.rechargenews.com/search > WebFetch:www.spglobal.com/commodityinsig > Write:findings.json
27INR0536,deep,max_turns,Bash:curl:interchange.puc.texas.gov > Bash:curl:interchange.puc.texas.gov > Bash:curl:interchange.puc.texas.gov > Bash:curl:interchange.puc.texas.gov > Bash:curl:interchange.puc.texas.gov > Bash:curl:interchange.puc.texas.gov > Bash:curl:interchange.puc.texas.gov > Bash:curl:interchange.puc.texas.gov > Bash:curl:interchange.puc.texas.gov > Bash:curl:interchange.puc.texas.gov
27INR0572,deep,max_turns,WebFetch:energycapitalhtx.com/2026/06 > WebFetch:energycapitalhtx.com/kilby > WebFetch:energycapitalhtx.com/search > WebFetch:energycapitalhtx.com/chevron-mi > WebFetch:energycapitalhtx.com/joulent-la > Bash:curl:energycapitalhtx.com > Bash:# > Bash:queue_history.py > Write:findings.json > Write:dossier.md
27INR0578,deep,max_turns,Bash:curl:www.datacenterfrontier.com > Bash:curl:www.datacenterfrontier.com > WebFetch:www.bing.com/search > Bash:curl:www.bing.com > Bash:curl:www.bing.com > WebFetch:mycpa.cpa.state.tx.us/coa/coaSe > WebFetch:www.bing.com/search > WebFetch:www.bing.com/search > Bash:cat > Read:findings.json
28INR0048,triage,hung_hardkilled,WebFetch:api.openstreetmap.org/api/0.6 > Bash:cdse.py:sheet > Bash:cdse.py > Bash:cdse.py:chips > Bash:cdse.py:chips > Bash:cat > Edit:log.md > Write:triage_findings.json > Write:triage.md > Edit:log.md
28INR0090,deep,max_turns,Write:dossier.md > Read:findings.json > Write:findings.json > Bash:queue_history.py > Bash:build_brief.py > Read:build_brief.py > Edit:build_brief.py > Bash:build_brief.py > Bash:build_index.py > TaskUpdate:TaskUpdate
28INR0413,deep,budget_kill,Bash: > WebFetch:www.eia.gov/electricity/data > WebFetch:nominatim.openstreetmap.org/sea > WebFetch:nominatim.openstreetmap.org/sea > Bash: > Bash:ls > Read:triage_findings.json > Read:triage.md > Bash: > Bash:
29INR0015,deep,exec_error,Glob:gis-research/research/29INR0015_fun > Read:triage.md > Read:triage_findings.json > Read:timeline.md > Read:log.md > Glob:gis-research/research/29INR0015_fun > Read:s2_2026-07-01.png > Bash:cdse.py:timelapse > Read:2026-07-19_puct_35077-1965_lst-funs > Bash:gmaps.py:staticmap
