date,peak_net_load,code,elem,cont,hours_bound,max_shadow
2026-07-06,63929.450000000004,SEA_AAT1,SEA:138KV-SEA:69KV,DFRYTM58,7,1146.972900390625
2026-07-06,63929.450000000004,CROSSO_NORTMC1_1,NORTMC:138KV-CROSSOVE:138KV,DBIGSCH5,5,535.2924194335938
2026-07-06,63929.450000000004,NEWM_WAL_1,NEWMAN:138KV-WALNUT1:138KV,SOAKSHI8,3,484.29718017578125
2026-07-06,63929.450000000004,PALOUS_WOLFCA1_1,PALOUSE:138KV-WOLFCAMP:138KV,DBIGSCH5,5,438.2463684082031
2026-07-06,63929.450000000004,2270__B,MEXTP:69KV-ITALY:69KV,SBLAWDB8,4,249.98593139648438
2026-07-06,63929.450000000004,NLARSW_PILONC1_1,NLARSW:138KV-PILONCIL:138KV,DFOAVLO5,5,248.5503692626953
2026-07-06,63929.450000000004,MAGRUD_VICTOR2_1,VICTORIA:138KV-MAGRUDER:138KV,XVIC89,9,153.00096130371094
2026-07-06,63929.450000000004,6200__F,TYPRK:138KV-PLYAM:138KV,DCDHTVW5,7,134.78858947753906
2026-07-06,63929.450000000004,651__B,CMNSW:138KV-CMNTP:138KV,DMBDRKC5,4,119.4257583618164
2026-07-06,63929.450000000004,NUECES_WHITE_2_1,NUECES_B:138KV-WHITE_PT:138KV,SMAYWHI8,5,64.40213775634766
2026-07-06,63929.450000000004,BI_JN_64_A,JN:345KV-BI:345KV,DWAP_BI5,9,47.0555305480957
2026-07-06,63929.450000000004,HON_DEVI_1,HONDOCK:69KV-DEVINESW:69KV,SHONF38,5,45.58553695678711
2026-07-06,63929.450000000004,1545__A,FLTSW:138KV-PRSSW:138KV,SPRSPAR8,7,36.19059371948242
2026-07-06,63929.450000000004,INTF,INTF,BASE,14,30.27381134033203
2026-07-06,63929.450000000004,RAYBURN_69_2,RAYBURN:138KV-RAYBURN:69KV,SFURVAN8,2,29.2884464263916
2026-07-06,63929.450000000004,STPWAP39_1,STP:345KV-WAP:345KV,DWPWFWP5,4,25.224716186523438
2026-07-06,63929.450000000004,SOLSTICE_PST1,SOLSTICE:138KV-SOLSTICE:138KV,STARLEO8,2,21.32998275756836
2026-07-06,63929.450000000004,1715__B,TMPSW:138KV-FRYSW:138KV,DSALHUT5,7,17.917251586914062
2026-07-06,63929.450000000004,OB_WAP98_A,WAP:345KV-OB:345KV,SOBWAP5,5,15.87564754486084
2026-07-06,63929.450000000004,FB_RS_60_A,RS:138KV-FB:138KV,SWAATH8,6,12.210335731506348
2026-07-06,63929.450000000004,BRUNI_69_1,BRUNI:138KV-BRUNI:69KV,SLAQLOB8,4,11.921210289001465
2026-07-06,63929.450000000004,138_FTS_LNC_1,FTST:138KV-LEONCRK:138KV,BASE,6,5.962287425994873
2026-07-06,63929.450000000004,_WC_WCO_1,WC:138KV-WCOLMAIN:138KV,SWCOW2C8,3,4.179989814758301
2026-07-06,63929.450000000004,BENTS_FRTER_1B_1,FRONTERA:138KV-S_MISSIN:138KV,SSHAFRO8,9,2.0480575561523438
2026-07-06,63929.450000000004,ASHERT_CATARI1_1,CATARINA:138KV-ASHERTON:138KV,DFOAVLO5,4,1.5752882957458496
2026-07-06,63929.450000000004,D5_S1_1,HOWARD:138KV-LEON_CRK:138KV,SP5CAG8,2,0.028423333540558815
2026-07-06,63929.450000000004,651__C,CMNTP:138KV-SHILO:138KV,DMBDRKC5,3,0.0
2026-07-06,63929.450000000004,MOURSUND_FUR_1,FURHMAN:138KV-MOURSUND:138KV,SFURVAN8,8,0.0
2026-07-07,62752.340000000004,HON_DEVI_1,HONDOCK:69KV-DEVINESW:69KV,SHONF38,6,534.4903564453125
2026-07-07,62752.340000000004,NLARSW_PILONC1_1,NLARSW:138KV-PILONCIL:138KV,DFOAVLO5,11,243.13795471191406
2026-07-07,62752.340000000004,LPLMK_LPLNE_1,LPLMK:115KV-LPLNE:115KV,SBWDDBM5,2,176.16354370117188
2026-07-07,62752.340000000004,BRUNI_69_1,BRUNI:138KV-BRUNI:69KV,SLAQLOB8,3,168.27349853515625
2026-07-07,62752.340000000004,NEWM_WAL_1,NEWMAN:138KV-WALNUT1:138KV,SOAKSHI8,6,162.85382080078125
2026-07-07,62752.340000000004,GN_PZ_08_A,GN:138KV-PZ:138KV,SMDOOAS5,5,126.5500259399414
2026-07-07,62752.340000000004,MAGRUD_VICTOR2_1,VICTORIA:138KV-MAGRUDER:138KV,DELMSAN5,8,107.70280456542969
2026-07-07,62752.340000000004,PALOUS_WOLFCA1_1,PALOUSE:138KV-WOLFCAMP:138KV,SKINODE5,4,104.14219665527344
2026-07-07,62752.340000000004,3610__G,PGTP1:138KV-PDSES:138KV,MWTRWLV5,3,64.21790313720703
2026-07-07,62752.340000000004,INTF,INTF,BASE,18,31.174236297607422
2026-07-07,62752.340000000004,2270__B,MEXTP:69KV-ITALY:69KV,SBLAWDB8,6,30.80438232421875
2026-07-07,62752.340000000004,FB_RS_60_A,RS:138KV-FB:138KV,SWAATH8,5,28.918092727661133
2026-07-07,62752.340000000004,1545__A,FLTSW:138KV-PRSSW:138KV,SPRSPAR8,5,28.256855010986328
2026-07-07,62752.340000000004,OB_WAP99_A,WAP:345KV-OB:345KV,SOBWA2P5,3,18.40020751953125
2026-07-07,62752.340000000004,NUECES_WHITE_2_1,NUECES_B:138KV-WHITE_PT:138KV,SMAYWHI8,8,13.991881370544434
2026-07-07,62752.340000000004,BI_JN_64_A,JN:345KV-BI:345KV,DWAP_BI5,6,7.905431747436523
2026-07-07,62752.340000000004,138_FTS_LNC_1,FTST:138KV-LEONCRK:138KV,BASE,4,3.9582149982452393
2026-07-07,62752.340000000004,138_FTS_LNC_1,LEONCRK:138KV-FTST:138KV,STARLEO8,4,3.273622512817383
2026-07-07,62752.340000000004,STPWAP39_1,STP:345KV-WAP:345KV,DWPWFWP5,8,0.7262799739837646
2026-07-07,62752.340000000004,BENTS_FRTER_1B_1,FRONTERA:138KV-S_MISSIN:138KV,SBENS_M8,2,0.5500891804695129
2026-07-07,62752.340000000004,BENTS_FRTER_1B_1,FRONTERA:138KV-S_MISSIN:138KV,SSHAFRO8,8,0.18641582131385803
2026-07-07,62752.340000000004,G138_15_1,ANGLETON:138KV-WCOLLOCL:138KV,SWCOWCO8,3,0.011396666057407856
2026-07-07,62752.340000000004,138_FTS_LNC_1,LEONCRK:138KV-FTST:138KV,DTNFBCA8,1,0.0
2026-07-07,62752.340000000004,CARIZOSPG_BEVO_1,BEVO:69KV-CARIZOS:69KV,XASH89,5,0.0
2026-07-07,62752.340000000004,D5_S1_1,HOWARD:138KV-LEON_CRK:138KV,SP5CAG8,1,0.0
2026-07-07,62752.340000000004,MAGRUD_VICTOR2_1,VICTORIA:138KV-MAGRUDER:138KV,XVIC89,3,0.0
2026-07-07,62752.340000000004,MOURSUND_FUR_1,FURHMAN:138KV-MOURSUND:138KV,SFURVAN8,5,0.0
2026-07-07,62752.340000000004,PAWNEE_SPRUCE_1,PAWNEE:345KV-CALAVERS:345KV,DELMSAN5,3,0.0
2026-07-04,62617.93,SEA_AAT1,SEA:138KV-SEA:69KV,DFRYTM58,7,549.544189453125
2026-07-04,62617.93,2270__B,MEXTP:69KV-ITALY:69KV,SBLAWDB8,7,248.07582092285156
2026-07-04,62617.93,NLARSW_PILONC1_1,NLARSW:138KV-PILONCIL:138KV,DFOAVLO5,5,216.9252471923828
2026-07-04,62617.93,NEWM_WAL_1,NEWMAN:138KV-WALNUT1:138KV,SOAKSHI8,3,170.16004943847656
2026-07-04,62617.93,WESLCO_HIDLBRG_1,MV_HBRG4:138KV-MV_WESL4:138KV,MHARNED5,6,151.77001953125
2026-07-04,62617.93,MAGRUD_VICTOR2_1,VICTORIA:138KV-MAGRUDER:138KV,DELMSAN5,6,120.35879516601562
2026-07-04,62617.93,TREADW_YELWJC1_1,TREADWEL:138KV-YELWJCKT:138KV,DBIGKEN5,4,80.297119140625
2026-07-04,62617.93,OB_WAP99_A,WAP:345KV-OB:345KV,SOBWA2P5,7,79.86940002441406
2026-07-04,62617.93,35055__A,SAMSW:345KV-VENSW:345KV,SVENFTS5,6,40.68120193481445
2026-07-04,62617.93,INTF,INTF,BASE,14,39.08543395996094
2026-07-04,62617.93,STPWAP39_1,STP:345KV-WAP:345KV,DWPWFWP5,11,36.1115608215332
2026-07-04,62617.93,1545__A,FLTSW:138KV-PRSSW:138KV,SPRSPAR8,7,28.8220272064209
2026-07-04,62617.93,ACSSW_AX1H,ACSSW:345KV-ACSSW:1KV,SACSARE8,2,25.730972290039062
2026-07-04,62617.93,THWZEN98_A,ZEN:345KV-THW:345KV,DRNS_TB5,5,25.022031784057617
2026-07-04,62617.93,PAWNEE_SPRUCE_1,PAWNEE:345KV-CALAVERS:345KV,DELMSAN5,5,18.133468627929688
2026-07-04,62617.93,WAPWLY72_A,WLY:345KV-WAP:345KV,DBLW2JC5,9,17.5386905670166
2026-07-04,62617.93,421__A,BCESW:345KV-SNDSW:345KV,SSNDBGR5,4,15.229898452758789
2026-07-04,62617.93,BI_JN_64_A,JN:345KV-BI:345KV,DWAP_BI5,9,13.684670448303223
2026-07-04,62617.93,MDOPHR99_A,MDO:345KV-PHR:345KV,DWAP_OB5,8,12.761884689331055
2026-07-04,62617.93,138_FTS_LNC_1,FTST:138KV-LEONCRK:138KV,BASE,5,8.933815956115723
2026-07-04,62617.93,138_FTS_LNC_1,LEONCRK:138KV-FTST:138KV,STARLEO8,2,7.099845886230469
2026-07-04,62617.93,D5_S1_1,HOWARD:138KV-LEON_CRK:138KV,SP5CAG8,3,4.615920066833496
2026-07-04,62617.93,G138_15_1,ANGLETON:138KV-WCOLLOCL:138KV,SWCOWCO8,2,3.902169942855835
2026-07-04,62617.93,HEXT_YELWJC1_1,YELWJCKT:69KV-HEXT:69KV,DYETRJU8,3,3.013474941253662
2026-07-04,62617.93,MOURSUND_FUR_1,FURHMAN:138KV-MOURSUND:138KV,SFURVAN8,7,2.0970425605773926
2026-07-04,62617.93,ALPINE_BRONCO1_1,BRONCO:69KV-ALPINE:69KV,XFTS89,3,1.1195850372314453
2026-07-04,62617.93,138_IH2_COT_1,IH20:138KV-TNCOLIET:138KV,SSTAWIC8,2,1.094974160194397
2026-07-04,62617.93,138_FTS_LNC_1,FTST:138KV-LEONCRK:138KV,SSOAHOL8,3,1.0127350091934204
2026-07-04,62617.93,BENTS_FRTER_1B_1,FRONTERA:138KV-S_MISSIN:138KV,SBENS_M8,2,0.5531558394432068
2026-07-04,62617.93,_WC_WCO_1,WC:138KV-WCOLMAIN:138KV,SWCOW2C8,3,0.01651499979197979
2026-07-04,62617.93,455__A,BGRSW:345KV-SNDSW:345KV,SBCESN35,4,0.0
2026-07-04,62617.93,940__A,ENWSW:138KV-TMPTN:138KV,SPEBTRU8,7,0.0
2026-07-04,62617.93,BRUNI_69_1,BRUNI:138KV-BRUNI:69KV,SLAQLOB8,2,0.0
2026-07-04,62617.93,COCS_FTST1_1,COCS:69KV-FTST:69KV,SBROALP9,3,0.0
2026-07-04,62617.93,CONCHO_VRBS1_1,CONCHO:69KV-VRBS:69KV,XBAL89,5,0.0
2026-07-04,62617.93,CTHR_TINSLE1_1,TINSLEY:138KV-CTHR:138KV,SILLFTL8,1,0.0
2026-07-04,62617.93,FARMLAND_LONGD_1,FARMLAND:345KV-W_LD_345:345KV,DCOTWR25,3,0.0
2026-07-04,62617.93,FB_RS_60_A,RS:138KV-FB:138KV,SWAATH8,1,0.0
2026-07-04,62617.93,FORTMA_YELWJC1_1,YELWJCKT:138KV-FORTMA:138KV,DBIGKEN5,3,0.0
2026-07-04,62617.93,HECKER_RESNIK1_1,HECKER:138KV-RESNIK:138KV,DMCDUPS8,2,0.0
2026-07-04,62617.93,LPLMK_LPLNE_1,LPLMK:115KV-LPLNE:115KV,SBWDDBM5,3,0.0
2026-07-04,62617.93,NUECES_WHITE_2_1,NUECES_B:138KV-WHITE_PT:138KV,SMAYWHI8,2,0.0
2026-07-04,62617.93,SOLSTICE_PST1,SOLSTICE:138KV-SOLSTICE:138KV,STARLEO8,2,0.0
2026-07-04,62617.93,STPWAP39_1,STP:345KV-WAP:345KV,DWPWFCK5,5,0.0
2026-07-04,62617.93,WAPWLY72_A,WLY:345KV-WAP:345KV,DOASSEB5,3,0.0
2026-07-04,62617.93,WESLCO_HIDLBRG_1,MV_HBRG4:138KV-MV_WESL4:138KV,DCC1DUKE,5,0.0
2026-07-08,60605.880000000005,6830__B,CRDSW:69KV-OLNEY:69KV,DGRMGRS8,14,2710.349853515625
2026-07-08,60605.880000000005,SEA_AAT1,SEA:138KV-SEA:69KV,DFRYBC58,5,526.2346801757812
2026-07-08,60605.880000000005,6840__B,NVKSW:69KV-ANARN:69KV,DMGSRIC8,4,484.1401672363281
2026-07-08,60605.880000000005,PALOUS_WOLFCA1_1,PALOUSE:138KV-WOLFCAMP:138KV,DBIGSCH5,8,452.4442443847656
2026-07-08,60605.880000000005,6293__C,MARSW:138KV-DEVIT:138KV,DEVRHLS8,5,382.8858642578125
2026-07-08,60605.880000000005,TREADW_YELWJC1_1,TREADWEL:138KV-YELWJCKT:138KV,DBIGKEN5,8,367.81353759765625
2026-07-08,60605.880000000005,PALOUS_WOLFCA1_1,PALOUSE:138KV-WOLFCAMP:138KV,DBIGKEN5,6,304.9300537109375
2026-07-08,60605.880000000005,1715__B,TMPSW:138KV-FRYSW:138KV,DSALHUT5,8,259.2281494140625
2026-07-08,60605.880000000005,CARIZOSPG_BEVO_1,BEVO:69KV-CARIZOS:69KV,XASH89,6,235.0434112548828
2026-07-08,60605.880000000005,DILLEYSW_XF1H,DILLEYSW:138KV-DILLEYSW:1KV,DDILCOT8,5,226.3070526123047
2026-07-08,60605.880000000005,NLARSW_PILONC1_1,NLARSW:138KV-PILONCIL:138KV,DFOAVLO5,5,225.42918395996094
2026-07-08,60605.880000000005,1035__A,MCLSW:138KV-WCOLO:138KV,DELMWWE8,3,211.59324645996094
2026-07-08,60605.880000000005,35055__A,SAMSW:345KV-VENSW:345KV,SVENFTS5,5,206.7041473388672
2026-07-08,60605.880000000005,2270__B,MEXTP:69KV-ITALY:69KV,SBLAWDB8,4,142.76463317871094
2026-07-08,60605.880000000005,CROSSO_NORTMC1_1,NORTMC:138KV-CROSSOVE:138KV,DBIGSCH5,7,134.57858276367188
2026-07-08,60605.880000000005,1710__A,SALDS:138KV-SONTERRA:138KV,DSALHUT5,8,128.5625762939453
2026-07-08,60605.880000000005,MAGRUD_VICTOR2_1,VICTORIA:138KV-MAGRUDER:138KV,DELMSAN5,5,121.55613708496094
2026-07-08,60605.880000000005,GN_PZ_08_A,GN:138KV-PZ:138KV,SMDOOAS5,6,116.4664077758789
2026-07-08,60605.880000000005,6945__A,MGSES:345KV-CATSW:345KV,SRGRMGS5,6,101.95850372314453
2026-07-08,60605.880000000005,HON_DEVI_1,HONDOCK:69KV-DEVINESW:69KV,SHONF38,4,84.74520874023438
2026-07-08,60605.880000000005,651__B,CMNSW:138KV-CMNTP:138KV,DBUCRGP5,9,81.74646759033203
2026-07-08,60605.880000000005,NUECES_WHITE_2_1,NUECES_B:138KV-WHITE_PT:138KV,SMAYWHI8,6,78.65164947509766
2026-07-08,60605.880000000005,OB_WAP98_A,WAP:345KV-OB:345KV,SOBWAP5,4,70.29151916503906
2026-07-08,60605.880000000005,STPWAP39_1,STP:345KV-WAP:345KV,DWPWFWP5,10,65.7040023803711
2026-07-08,60605.880000000005,CROSSO_NORTMC1_1,NORTMC:138KV-CROSSOVE:138KV,DBIGKEN5,2,63.665706634521484
2026-07-08,60605.880000000005,HEXT_YELWJC1_1,YELWJCKT:69KV-HEXT:69KV,DYETRJU8,3,63.579200744628906
2026-07-08,60605.880000000005,6200__F,TYPRK:138KV-PLYAM:138KV,DCDHTVW5,11,63.40330123901367
2026-07-08,60605.880000000005,6437__F,SCRCV:138KV-KNAPP:138KV,DMTSCOS5,4,62.45172119140625
2026-07-08,60605.880000000005,MADDUX_TREADW1_1,MADDUX:138KV-TREADWEL:138KV,DBIGKEN5,4,58.299171447753906
2026-07-08,60605.880000000005,BI_JN_64_A,JN:345KV-BI:345KV,DWAP_BI5,8,51.612606048583984
2026-07-08,60605.880000000005,138_FTS_LNC_1,LEONCRK:138KV-FTST:138KV,STARLEO8,2,44.25126647949219
2026-07-08,60605.880000000005,D5_S1_1,HOWARD:138KV-LEON_CRK:138KV,SP5CAG8,8,23.081403732299805
2026-07-08,60605.880000000005,INTF,INTF,BASE,15,19.13508415222168
2026-07-08,60605.880000000005,LPLMK_LPLNE_1,LPLMK:115KV-LPLNE:115KV,SBWDDBM5,4,18.03410530090332
2026-07-08,60605.880000000005,SOLSTICE_PST1,SOLSTICE:138KV-SOLSTICE:138KV,STARLEO8,3,14.86679458618164
2026-07-08,60605.880000000005,FORTMA_YELWJC1_1,YELWJCKT:138KV-FORTMA:138KV,DBIGKEN5,9,14.035261154174805
2026-07-08,60605.880000000005,138_FTS_LNC_1,FTST:138KV-LEONCRK:138KV,BASE,5,11.885353088378906
2026-07-08,60605.880000000005,400__A,FMRVL:345KV-RYSSW:345KV,SFMRRYS5,4,8.427680015563965
2026-07-08,60605.880000000005,421__A,BCESW:345KV-SNDSW:345KV,SSNDBGR5,8,4.02726411819458
2026-07-08,60605.880000000005,WAPWLY72_A,WLY:345KV-WAP:345KV,DBLW2JC5,2,1.5902765989303589
2026-07-08,60605.880000000005,THWZEN98_A,ZEN:345KV-THW:345KV,DRNS_TB5,9,1.1729533672332764
2026-07-08,60605.880000000005,_WC_WCO2_1,WC:138KV-WCOLMAIN:138KV,SWCOWC8,4,0.408160001039505
2026-07-08,60605.880000000005,ESCOND_GANSO1_1,GANSO:138KV-ESCONDID:138KV,SBRAPIN8,2,0.3983199894428253
2026-07-08,60605.880000000005,155T217_1,BELLSO:138KV-PT:138KV,DWPWFWP5,3,0.0
2026-07-08,60605.880000000005,BRUNI_69_1,BRUNI:138KV-BRUNI:69KV,SLAQLOB8,3,0.0
2026-07-08,60605.880000000005,HAMILT_MAVERI1_1,HAMILTON:138KV-MAVERICK:138KV,SBRAPIN8,3,0.0
2026-07-08,60605.880000000005,MOURSUND_FUR_1,FURHMAN:138KV-MOURSUND:138KV,SFURVAN8,6,0.0
2026-07-08,60605.880000000005,NEWM_WAL_1,NEWMAN:138KV-WALNUT1:138KV,SOAKMCC8,2,0.0
2026-07-08,60605.880000000005,NEWM_WAL_1,NEWMAN:138KV-WALNUT1:138KV,SOAKSHI8,1,0.0
2026-07-03,59902.12,SEA_AAT1,SEA:138KV-SEA:69KV,DFRYTM58,8,504.17547607421875
2026-07-03,59902.12,LPLMK_LPLNE_1,LPLMK:115KV-LPLNE:115KV,SBWDDBM5,10,492.7139587402344
2026-07-03,59902.12,2270__B,MEXTP:69KV-ITALY:69KV,SBLAWDB8,4,172.5313262939453
2026-07-03,59902.12,HECKER_RESNIK1_1,HECKER:138KV-RESNIK:138KV,DMCDUPS8,12,164.94155883789062
2026-07-03,59902.12,WESLCO_HIDLBRG_1,MV_HBRG4:138KV-MV_WESL4:138KV,MHARNED5,4,151.80441284179688
2026-07-03,59902.12,TREADW_YELWJC1_1,TREADWEL:138KV-YELWJCKT:138KV,DBIGKEN5,6,139.3519744873047
2026-07-03,59902.12,PALOUS_WOLFCA1_1,PALOUSE:138KV-WOLFCAMP:138KV,DBIGSCH5,9,135.7425994873047
2026-07-03,59902.12,NLARSW_PILONC1_1,NLARSW:138KV-PILONCIL:138KV,DFOAVLO5,5,100.91536712646484
2026-07-03,59902.12,THWZEN98_A,ZEN:345KV-THW:345KV,DRNS_TB5,7,69.79329681396484
2026-07-03,59902.12,1561__A,DPREA:138KV-RCSES:138KV,SWDDMNS5,6,47.82122039794922
2026-07-03,59902.12,STPWAP39_1,STP:345KV-WAP:345KV,DWPWFWP5,9,39.74934387207031
2026-07-03,59902.12,INTF,INTF,BASE,17,28.75501251220703
2026-07-03,59902.12,1545__A,FLTSW:138KV-PRSSW:138KV,SPRSPAR8,7,28.482131958007812
2026-07-03,59902.12,HEXT_YELWJC1_1,YELWJCKT:69KV-HEXT:69KV,DYETRJU8,9,27.721895217895508
2026-07-03,59902.12,BRUNI_69_1,BRUNI:138KV-BRUNI:69KV,SLAQLOB8,4,21.767488479614258
2026-07-03,59902.12,D5_S1_1,HOWARD:138KV-LEON_CRK:138KV,SP5CAG8,4,17.260046005249023
2026-07-03,59902.12,35055__A,SAMSW:345KV-VENSW:345KV,SVENFTS5,5,17.053897857666016
2026-07-03,59902.12,WAPWLY72_A,WLY:345KV-WAP:345KV,DBLW2JC5,8,12.2831392288208
2026-07-03,59902.12,WESLCO_HIDLBRG_1,MV_HBRG4:138KV-MV_WESL4:138KV,DCC1DUKE,4,12.14709758758545
2026-07-03,59902.12,455__A,BGRSW:345KV-SNDSW:345KV,SBCESN35,5,11.899738311767578
2026-07-03,59902.12,FORTMA_YELWJC1_1,YELWJCKT:138KV-FORTMA:138KV,DBIGKEN5,2,9.316699028015137
2026-07-03,59902.12,MADDUX_TREADW1_1,MADDUX:138KV-TREADWEL:138KV,DBIGKEN5,2,9.070189476013184
2026-07-03,59902.12,MDOPHR99_A,MDO:345KV-PHR:345KV,DWAP_OB5,9,9.030447959899902
2026-07-03,59902.12,HEXT_YELWJC1_1,YELWJCKT:69KV-HEXT:69KV,SJUNYEL9,9,8.960735321044922
2026-07-03,59902.12,421__A,BCESW:345KV-SNDSW:345KV,SSNDBGR5,7,8.431671142578125
2026-07-03,59902.12,138_FTS_LNC_1,FTST:138KV-LEONCRK:138KV,SSOAHOL8,3,6.624213218688965
2026-07-03,59902.12,G138_15_1,ANGLETON:138KV-WCOLLOCL:138KV,SWCOWCO8,3,3.234081745147705
2026-07-03,59902.12,BENTS_FRTER_1B_1,FRONTERA:138KV-S_MISSIN:138KV,SPALFRO8,2,3.1880998611450195
2026-07-03,59902.12,NUECES_WHITE_2_1,NUECES_B:138KV-WHITE_PT:138KV,SMAYWHI8,3,2.456237554550171
2026-07-03,59902.12,138_IH2_COT_1,IH20:138KV-TNCOLIET:138KV,SSTAWIC8,3,1.9781408309936523
2026-07-03,59902.12,1715__B,TMPSW:138KV-FRYSW:138KV,DSALHUT5,5,1.3000849485397339
2026-07-03,59902.12,BI_JN_64_A,JN:345KV-BI:345KV,DWAP_BI5,8,0.7965325117111206
2026-07-03,59902.12,_WC_WCO_1,WC:138KV-WCOLMAIN:138KV,SWCOW2C8,2,0.27549833059310913
2026-07-03,59902.12,138_FTS_LNC_1,FTST:138KV-LEONCRK:138KV,BASE,2,0.02378416620194912
2026-07-03,59902.12,1710__A,SALDS:138KV-SONTERRA:138KV,DSALHUT5,10,0.0
2026-07-03,59902.12,35055__A,SAMSW:345KV-VENSW:345KV,SFTSFVL5,4,0.0
2026-07-03,59902.12,400__A,FMRVL:345KV-RYSSW:345KV,SFMRRYS5,2,0.0
2026-07-03,59902.12,421__A,BCESW:345KV-SNDSW:345KV,SBCEBGR5,1,0.0
2026-07-03,59902.12,6437__F,SCRCV:138KV-KNAPP:138KV,DMTSCOS5,4,0.0
2026-07-03,59902.12,6830__B,CRDSW:69KV-OLNEY:69KV,DGRMGRS8,6,0.0
2026-07-03,59902.12,6945__A,MGSES:345KV-CATSW:345KV,SRGRMGS5,1,0.0
2026-07-03,59902.12,BLESSI_PAVLOV1_1,BLESSING:138KV-PAVLOV:138KV,SSTPESP8,2,0.0
2026-07-03,59902.12,CROSSO_NORTMC1_1,NORTMC:138KV-CROSSOVE:138KV,DBIGSCH5,2,0.0
2026-07-03,59902.12,MOURSUND_FUR_1,FURHMAN:138KV-MOURSUND:138KV,SFURVAN8,8,0.0
2026-07-03,59902.12,RAY_MOURSUND_1,MOURSUND:138KV-RAYBURN:138KV,SFURVAN8,1,0.0
2026-07-03,59902.12,SNDSW_MR1H,SNDSW:345KV-SNDSW:1KV,MSNDWCR5,7,0.0
2026-07-03,59902.12,SWEETWN2_XF21,SWEETWN2:138KV-SWEETWN2:345KV,BASE,1,0.0
2026-07-01,58572.26999999999,SEA_AAT1,SEA:138KV-SEA:69KV,DFRYTM58,6,642.0869750976562
2026-07-01,58572.26999999999,1715__B,TMPSW:138KV-FRYSW:138KV,DSALHUT5,10,539.1600341796875
2026-07-01,58572.26999999999,6437__F,SCRCV:138KV-KNAPP:138KV,DMTSCOS5,12,523.5352172851562
2026-07-01,58572.26999999999,6830__B,CRDSW:69KV-OLNEY:69KV,SGRMGRS8,14,518.8351440429688
2026-07-01,58572.26999999999,LPLMK_LPLNE_1,LPLMK:115KV-LPLNE:115KV,SBWDDBM5,11,386.13958740234375
2026-07-01,58572.26999999999,WESLCO_HIDLBRG_1,MV_HBRG4:138KV-MV_WESL4:138KV,MHARNED5,7,292.31341552734375
2026-07-01,58572.26999999999,505__B,FBRSW:345KV-THSES:345KV,MBULNAV5,4,114.99630737304688
2026-07-01,58572.26999999999,STPWAP39_1,STP:345KV-WAP:345KV,DWPWFWP5,13,112.03427124023438
2026-07-01,58572.26999999999,651__B,CMNSW:138KV-CMNTP:138KV,SCMNCPS5,9,108.45370483398438
2026-07-01,58572.26999999999,6840__B,NVKSW:69KV-ANARN:69KV,DMGSRIC8,8,107.51005554199219
2026-07-01,58572.26999999999,THWZEN98_A,ZEN:345KV-THW:345KV,DRNS_TB5,9,87.20207977294922
2026-07-01,58572.26999999999,BI_JN_64_A,JN:345KV-BI:345KV,DWAP_BI5,9,78.61748504638672
2026-07-01,58572.26999999999,MDOPHR99_A,MDO:345KV-PHR:345KV,DWAP_OB5,12,69.89796447753906
2026-07-01,58572.26999999999,HECKER_RESNIK1_1,HECKER:138KV-RESNIK:138KV,DMCDUPS8,6,68.7545166015625
2026-07-01,58572.26999999999,TREADW_YELWJC1_1,TREADWEL:138KV-YELWJCKT:138KV,DBIGKEN5,10,59.05608367919922
2026-07-01,58572.26999999999,6375__A,GRSES:138KV-GRMES:138KV,DLONPK25,7,49.071876525878906
2026-07-01,58572.26999999999,35045__A,SAMSW:345KV-FVLSW:345KV,SHELBUL5,3,48.49840545654297
2026-07-01,58572.26999999999,MAGRUD_VICTOR2_1,VICTORIA:138KV-MAGRUDER:138KV,DELMSAN5,5,43.462371826171875
2026-07-01,58572.26999999999,INTF,INTF,BASE,20,40.05656433105469
2026-07-01,58572.26999999999,35055__A,SAMSW:345KV-VENSW:345KV,SVENFTS5,5,39.48222732543945
2026-07-01,58572.26999999999,235__A,SGRSW:345KV-JEWET:345KV,SHELBUL5,3,39.46086883544922
2026-07-01,58572.26999999999,D5_S1_1,HOWARD:138KV-LEON_CRK:138KV,SP5CAG8,5,33.38003158569336
2026-07-01,58572.26999999999,1710__A,SALDS:138KV-SONTERRA:138KV,DSALHUT5,10,24.977325439453125
2026-07-01,58572.26999999999,1210__B,HUBRD:138KV-HAN1:138KV,SBLAWDB8,3,23.765621185302734
2026-07-01,58572.26999999999,NLARSW_PILONC1_1,NLARSW:138KV-PILONCIL:138KV,DFOAVLO5,3,18.167661666870117
2026-07-01,58572.26999999999,SNDSW_MR1H,SNDSW:345KV-SNDSW:1KV,MSNDWCR5,6,13.09449291229248
2026-07-01,58572.26999999999,505__B,FBRSW:345KV-THSES:345KV,SSAMTCR5,1,10.147449493408203
2026-07-01,58572.26999999999,FORTMA_YELWJC1_1,YELWJCKT:138KV-FORTMA:138KV,DBIGKEN5,8,8.633833885192871
2026-07-01,58572.26999999999,6965__A,LNGSW:345KV-PRLSW:345KV,DSLKNOR5,6,8.123412132263184
2026-07-01,58572.26999999999,138_FTS_LNC_1,LEONCRK:138KV-FTST:138KV,STARLEO8,2,4.187376976013184
2026-07-01,58572.26999999999,WAPWLY72_A,WLY:345KV-WAP:345KV,DBLW2JC5,10,2.998140811920166
2026-07-01,58572.26999999999,HAINE__LA_PAL1_1,LA_PALMA:138KV-HAINE_DR:138KV,SRAYRI38,6,2.862534999847412
2026-07-01,58572.26999999999,6217__A,WLVSW:138KV-GAILS:138KV,SBUZHMP8,2,2.2667975425720215
2026-07-01,58572.26999999999,MOURSUND_FUR_1,FURHMAN:138KV-MOURSUND:138KV,SFURVAN8,9,2.246248483657837
2026-07-01,58572.26999999999,OB_WAP98_A,WAP:345KV-OB:345KV,SOBWAP5,3,1.4421000480651855
2026-07-01,58572.26999999999,381__A,FMRVL:345KV-RYSSW:345KV,SFMRRY25,7,1.2435016632080078
2026-07-01,58572.26999999999,SABIN_NEVAD_1,NEVADA:138KV-SABNCRKT:138KV,SWALWLN8,3,0.9911233186721802
2026-07-01,58572.26999999999,G138_15_1,ANGLETON:138KV-WCOLLOCL:138KV,SWCOWCO8,3,0.5791433453559875
2026-07-01,58572.26999999999,BENTS_FRTER_1B_1,FRONTERA:138KV-S_MISSIN:138KV,SBENS_M8,2,0.26203665137290955
2026-07-01,58572.26999999999,PAWNEE_SPRUCE_1,PAWNEE:345KV-CALAVERS:345KV,DELMSAN5,3,0.2615624964237213
2026-07-01,58572.26999999999,138_IH2_COT_1,IH20:138KV-TNCOLIET:138KV,SSTAWIC8,2,0.045459166169166565
2026-07-01,58572.26999999999,35045__A,SAMSW:345KV-FVLSW:345KV,DTHSFBR5,2,0.0
2026-07-01,58572.26999999999,421__A,BCESW:345KV-SNDSW:345KV,SSNDBGR5,4,0.0
2026-07-01,58572.26999999999,651__B,CMNSW:138KV-CMNTP:138KV,DBUCRGP5,2,0.0
2026-07-01,58572.26999999999,6965__A,LNGSW:345KV-PRLSW:345KV,DBEANOR5,1,0.0
2026-07-01,58572.26999999999,ASHERT_CATARI1_1,CATARINA:138KV-ASHERTON:138KV,DFOAVLO5,3,0.0
2026-07-01,58572.26999999999,G138_15_1,WCOLLOCL:138KV-ANGLETON:138KV,SWCOWCO8,1,0.0
2026-07-05,58014.65,SEA_AAT1,SEA:138KV-SEA:69KV,DFRYTM58,9,1013.6425170898438
2026-07-05,58014.65,MAGRUD_VICTOR2_1,VICTORIA:138KV-MAGRUDER:138KV,XVIC89,8,650.5423583984375
2026-07-05,58014.65,2270__B,MEXTP:69KV-ITALY:69KV,SBLAWDB8,7,624.3047485351562
2026-07-05,58014.65,6945__A,MGSES:345KV-CATSW:345KV,SRGRMGS5,12,291.52178955078125
2026-07-05,58014.65,MAGRUD_VICTOR2_1,VICTORIA:138KV-MAGRUDER:138KV,DELMSAN5,6,133.85659790039062
2026-07-05,58014.65,940__A,ENWSW:138KV-TMPTN:138KV,SPEBTRU8,7,71.58535766601562
2026-07-05,58014.65,6437__F,SCRCV:138KV-KNAPP:138KV,DMTSCOS5,5,53.380714416503906
2026-07-05,58014.65,35055__A,SAMSW:345KV-VENSW:345KV,SVENFTS5,6,52.65668487548828
2026-07-05,58014.65,OB_WAP98_A,WAP:345KV-OB:345KV,SOBWAP5,6,52.432918548583984
2026-07-05,58014.65,NLARSW_PILONC1_1,NLARSW:138KV-PILONCIL:138KV,DFOAVLO5,5,49.692779541015625
2026-07-05,58014.65,INTF,INTF,BASE,12,39.53863525390625
2026-07-05,58014.65,ACSSW_AX1H,ACSSW:345KV-ACSSW:1KV,SACSARE8,8,34.71638870239258
2026-07-05,58014.65,1545__A,FLTSW:138KV-PRSSW:138KV,SPRSPAR8,5,26.38713836669922
2026-07-05,58014.65,6240__C,SACRC:138KV-DPCRK:138KV,SSUNRGR8,4,17.52835464477539
2026-07-05,58014.65,LAKENA_SAMATH1_1,LAKENASW:69KV-SAMATHIS:69KV,SBGLTWI8,2,14.09398365020752
2026-07-05,58014.65,138_FTS_LNC_1,FTST:138KV-LEONCRK:138KV,BASE,5,13.358213424682617
2026-07-05,58014.65,FB_RS_60_A,RS:138KV-FB:138KV,SWAATH8,3,7.906066417694092
2026-07-05,58014.65,NUECES_WHITE_2_1,NUECES_B:138KV-WHITE_PT:138KV,SMAYWHI8,4,7.577798366546631
2026-07-05,58014.65,6695__B,SNYDR:69KV-AMOTP:69KV,SSNYCGR8,2,3.7855732440948486
2026-07-05,58014.65,HEXT_YELWJC1_1,YELWJCKT:69KV-HEXT:69KV,DYETRJU8,8,3.2339682579040527
2026-07-05,58014.65,DA_WC_89_A,WC:138KV-DA:138KV,SEBHUG8,2,3.1014983654022217
2026-07-05,58014.65,ALPINE_BRONCO1_1,BRONCO:69KV-ALPINE:69KV,XFTS89,2,2.4638333320617676
2026-07-05,58014.65,FB_RS_60_A,RS:138KV-FB:138KV,MATHEB_8,3,1.761565089225769
2026-07-05,58014.65,STPWAP39_1,STP:345KV-WAP:345KV,DWPWFWP5,3,1.5427292585372925
2026-07-05,58014.65,BENTS_FRTER_1B_1,FRONTERA:138KV-S_MISSIN:138KV,SBENS_M8,3,1.2472816705703735
2026-07-05,58014.65,WESLCO_HIDLBRG_1,MV_HBRG4:138KV-MV_WESL4:138KV,MHARNED5,3,0.9065766334533691
2026-07-05,58014.65,G138_15_1,ANGLETON:138KV-WCOLLOCL:138KV,SWCOWCO8,2,0.23640000820159912
2026-07-05,58014.65,138_FTS_LNC_1,FTST:138KV-LEONCRK:138KV,SSOAHOL8,5,0.0
2026-07-05,58014.65,6240__C,SACRC:138KV-DPCRK:138KV,DMTSCOS5,1,0.0
2026-07-05,58014.65,6635__G,MRVLY:69KV-ESTLD:69KV,SCLCGTN8,1,0.0
2026-07-05,58014.65,BI_JN_64_A,JN:345KV-BI:345KV,DWAP_BI5,5,0.0
2026-07-05,58014.65,BRUNI_69_1,BRUNI:138KV-BRUNI:69KV,DFOAVLO5,4,0.0
2026-07-05,58014.65,HON_DEVI_1,HONDOCK:69KV-DEVINESW:69KV,SHONF38,2,0.0
2026-07-05,58014.65,LAKENA_SAMATH1_1,LAKENASW:69KV-SAMATHIS:69KV,DBAKCED5,3,0.0
2026-07-05,58014.65,LAKENA_SAMATH1_1,LAKENASW:69KV-SAMATHIS:69KV,SCARLVO8,2,0.0
2026-07-05,58014.65,MDOPHR99_A,MDO:345KV-PHR:345KV,DWAP_OB5,8,0.0
2026-07-05,58014.65,MOURSUND_FUR_1,FURHMAN:138KV-MOURSUND:138KV,SFURVAN8,8,0.0
2026-07-05,58014.65,NEWM_WAL_1,NEWMAN:138KV-WALNUT1:138KV,SOAKSHI8,1,0.0
2026-07-05,58014.65,PAWNEE_SPRUCE_1,PAWNEE:345KV-CALAVERS:345KV,DELMSAN5,3,0.0
2026-07-05,58014.65,UVALDE_W_BATE1_1,W_BATESV:138KV-UVALDE:138KV,SMOOPEA8,2,0.0
2026-07-12,57521.98999999999,3610__G,PGTP1:138KV-PDSES:138KV,MWTRWLV5,5,2005.3310546875
2026-07-12,57521.98999999999,CONCHO_VRBS1_1,CONCHO:69KV-VRBS:69KV,XBAL89,5,1636.08056640625
2026-07-12,57521.98999999999,SANA_FMR1,SANA:138KV-SANA:69KV,SCOLBAL8,5,1133.0867919921875
2026-07-12,57521.98999999999,2270__B,MEXTP:69KV-ITALY:69KV,SBLURDH8,9,364.8660583496094
2026-07-12,57521.98999999999,NLARSW_PILONC1_1,NLARSW:138KV-PILONCIL:138KV,DFOAVLO5,7,340.8523254394531
2026-07-12,57521.98999999999,PALOUS_WOLFCA1_1,PALOUSE:138KV-WOLFCAMP:138KV,DBIGSCH5,5,208.2142333984375
2026-07-12,57521.98999999999,WESLCO_HIDLBRG_1,MV_HBRG4:138KV-MV_WESL4:138KV,MHARNED5,4,97.09491729736328
2026-07-12,57521.98999999999,35055__A,SAMSW:345KV-VENSW:345KV,SVENFTS5,4,83.88700866699219
2026-07-12,57521.98999999999,MAGRUD_VICTOR2_1,VICTORIA:138KV-MAGRUDER:138KV,DELMSAN5,6,58.261924743652344
2026-07-12,57521.98999999999,1545__A,FLTSW:138KV-PRSSW:138KV,SPRSPAR8,3,31.28882598876953
2026-07-12,57521.98999999999,6945__A,MGSES:345KV-CATSW:345KV,SRGRMGS5,5,26.170364379882812
2026-07-12,57521.98999999999,INTF,INTF,BASE,9,21.663270950317383
2026-07-12,57521.98999999999,940__A,ENWSW:138KV-TMPTN:138KV,SPEBTRU8,3,6.652604103088379
2026-07-12,57521.98999999999,ESCOND_GANSO1_1,ESCONDID:138KV-GANSO:138KV,SBRAHAM8,2,5.686450958251953
2026-07-12,57521.98999999999,STPWAP39_1,STP:345KV-WAP:345KV,DWPWFWP5,10,4.474307537078857
2026-07-12,57521.98999999999,MAGRUD_VICTOR2_1,VICTORIA:138KV-MAGRUDER:138KV,XVIC89,3,1.7990649938583374
2026-07-12,57521.98999999999,138_FTS_LNC_1,FTST:138KV-LEONCRK:138KV,BASE,3,1.0707125663757324
2026-07-12,57521.98999999999,G138_15_1,ANGLETON:138KV-WCOLLOCL:138KV,SWCOWCO8,2,0.9933608174324036
2026-07-12,57521.98999999999,D5_S1_1,HOWARD:138KV-LEON_CRK:138KV,SP5CAG8,5,0.845585823059082
2026-07-12,57521.98999999999,138_IH2_COT_1,IH20:138KV-TNCOLIET:138KV,SSTAWIC8,2,0.592954158782959
2026-07-12,57521.98999999999,BRUNI_69_1,BRUNI:138KV-BRUNI:69KV,DFOAVLO5,7,0.0
2026-07-12,57521.98999999999,BRUNI_69_1,BRUNI:138KV-BRUNI:69KV,SLAQLOB8,1,0.0
2026-07-12,57521.98999999999,GEO_SIG_1,GEOWEST:138KV-SIGMOR:138KV,DFOWSMG5,4,0.0
2026-07-12,57521.98999999999,HEXT_YELWJC1_1,YELWJCKT:69KV-HEXT:69KV,DYETRJU8,1,0.0
2026-07-12,57521.98999999999,MDOPHR99_A,MDO:345KV-PHR:345KV,DWAP_OB5,4,0.0
2026-07-12,57521.98999999999,MOURSUND_FUR_1,FURHMAN:138KV-MOURSUND:138KV,SFURVAN8,5,0.0
2026-07-12,57521.98999999999,NEWM_WAL_1,NEWMAN:138KV-WALNUT1:138KV,SOAKSHI8,1,0.0
2026-07-12,57521.98999999999,WAPWLY72_A,WLY:345KV-WAP:345KV,DBLW2JC5,6,0.0
