code,elem,cont,hot_days_seen,total_hours,worst_shadow,days
NLARSW_PILONC1_1,NLARSW:138KV-PILONCIL:138KV,DFOAVLO5,8,46,340.8523254394531,"Fri 07-03, Mon 07-06, Sat 07-04, Sun 07-05, Sun 07-12, Tue 07-07, Wed 07-01, Wed 07-08"
STPWAP39_1,STP:345KV-WAP:345KV,DWPWFWP5,8,68,112.03427124023438,"Fri 07-03, Mon 07-06, Sat 07-04, Sun 07-05, Sun 07-12, Tue 07-07, Wed 07-01, Wed 07-08"
INTF,INTF,BASE,8,119,40.05656433105469,"Fri 07-03, Mon 07-06, Sat 07-04, Sun 07-05, Sun 07-12, Tue 07-07, Wed 07-01, Wed 07-08"
MOURSUND_FUR_1,FURHMAN:138KV-MOURSUND:138KV,SFURVAN8,8,56,2.246248483657837,"Fri 07-03, Mon 07-06, Sat 07-04, Sun 07-05, Sun 07-12, Tue 07-07, Wed 07-01, Wed 07-08"
BI_JN_64_A,JN:345KV-BI:345KV,DWAP_BI5,7,54,78.61748504638672,"Fri 07-03, Mon 07-06, Sat 07-04, Sun 07-05, Tue 07-07, Wed 07-01, Wed 07-08"
D5_S1_1,HOWARD:138KV-LEON_CRK:138KV,SP5CAG8,7,28,33.38003158569336,"Fri 07-03, Mon 07-06, Sat 07-04, Sun 07-12, Tue 07-07, Wed 07-01, Wed 07-08"
138_FTS_LNC_1,FTST:138KV-LEONCRK:138KV,BASE,7,30,13.358213424682617,"Fri 07-03, Mon 07-06, Sat 07-04, Sun 07-05, Sun 07-12, Tue 07-07, Wed 07-08"
2270__B,MEXTP:69KV-ITALY:69KV,SBLAWDB8,6,32,624.3047485351562,"Fri 07-03, Mon 07-06, Sat 07-04, Sun 07-05, Tue 07-07, Wed 07-08"
NEWM_WAL_1,NEWMAN:138KV-WALNUT1:138KV,SOAKSHI8,6,15,484.29718017578125,"Mon 07-06, Sat 07-04, Sun 07-05, Sun 07-12, Tue 07-07, Wed 07-08"
35055__A,SAMSW:345KV-VENSW:345KV,SVENFTS5,6,31,206.7041473388672,"Fri 07-03, Sat 07-04, Sun 07-05, Sun 07-12, Wed 07-01, Wed 07-08"
BRUNI_69_1,BRUNI:138KV-BRUNI:69KV,SLAQLOB8,6,17,168.27349853515625,"Fri 07-03, Mon 07-06, Sat 07-04, Sun 07-12, Tue 07-07, Wed 07-08"
MAGRUD_VICTOR2_1,VICTORIA:138KV-MAGRUDER:138KV,DELMSAN5,6,36,133.85659790039062,"Sat 07-04, Sun 07-05, Sun 07-12, Tue 07-07, Wed 07-01, Wed 07-08"
NUECES_WHITE_2_1,NUECES_B:138KV-WHITE_PT:138KV,SMAYWHI8,6,28,78.65164947509766,"Fri 07-03, Mon 07-06, Sat 07-04, Sun 07-05, Tue 07-07, Wed 07-08"
1545__A,FLTSW:138KV-PRSSW:138KV,SPRSPAR8,6,34,36.19059371948242,"Fri 07-03, Mon 07-06, Sat 07-04, Sun 07-05, Sun 07-12, Tue 07-07"
G138_15_1,ANGLETON:138KV-WCOLLOCL:138KV,SWCOWCO8,6,15,3.902169942855835,"Fri 07-03, Sat 07-04, Sun 07-05, Sun 07-12, Tue 07-07, Wed 07-01"
SEA_AAT1,SEA:138KV-SEA:69KV,DFRYTM58,5,37,1146.972900390625,"Fri 07-03, Mon 07-06, Sat 07-04, Sun 07-05, Wed 07-01"
LPLMK_LPLNE_1,LPLMK:115KV-LPLNE:115KV,SBWDDBM5,5,30,492.7139587402344,"Fri 07-03, Sat 07-04, Tue 07-07, Wed 07-01, Wed 07-08"
WESLCO_HIDLBRG_1,MV_HBRG4:138KV-MV_WESL4:138KV,MHARNED5,5,24,292.31341552734375,"Fri 07-03, Sat 07-04, Sun 07-05, Sun 07-12, Wed 07-01"
MDOPHR99_A,MDO:345KV-PHR:345KV,DWAP_OB5,5,41,69.89796447753906,"Fri 07-03, Sat 07-04, Sun 07-05, Sun 07-12, Wed 07-01"
HEXT_YELWJC1_1,YELWJCKT:69KV-HEXT:69KV,DYETRJU8,5,24,63.579200744628906,"Fri 07-03, Sat 07-04, Sun 07-05, Sun 07-12, Wed 07-08"
WAPWLY72_A,WLY:345KV-WAP:345KV,DBLW2JC5,5,35,17.5386905670166,"Fri 07-03, Sat 07-04, Sun 07-12, Wed 07-01, Wed 07-08"
MAGRUD_VICTOR2_1,VICTORIA:138KV-MAGRUDER:138KV,XVIC89,4,23,650.5423583984375,"Mon 07-06, Sun 07-05, Sun 07-12, Tue 07-07"
1715__B,TMPSW:138KV-FRYSW:138KV,DSALHUT5,4,30,539.1600341796875,"Fri 07-03, Mon 07-06, Wed 07-01, Wed 07-08"
HON_DEVI_1,HONDOCK:69KV-DEVINESW:69KV,SHONF38,4,17,534.4903564453125,"Mon 07-06, Sun 07-05, Tue 07-07, Wed 07-08"
6437__F,SCRCV:138KV-KNAPP:138KV,DMTSCOS5,4,25,523.5352172851562,"Fri 07-03, Sun 07-05, Wed 07-01, Wed 07-08"
PALOUS_WOLFCA1_1,PALOUSE:138KV-WOLFCAMP:138KV,DBIGSCH5,4,27,452.4442443847656,"Fri 07-03, Mon 07-06, Sun 07-12, Wed 07-08"
TREADW_YELWJC1_1,TREADWEL:138KV-YELWJCKT:138KV,DBIGKEN5,4,28,367.81353759765625,"Fri 07-03, Sat 07-04, Wed 07-01, Wed 07-08"
6945__A,MGSES:345KV-CATSW:345KV,SRGRMGS5,4,24,291.52178955078125,"Fri 07-03, Sun 07-05, Sun 07-12, Wed 07-08"
THWZEN98_A,ZEN:345KV-THW:345KV,DRNS_TB5,4,30,87.20207977294922,"Fri 07-03, Sat 07-04, Wed 07-01, Wed 07-08"
OB_WAP98_A,WAP:345KV-OB:345KV,SOBWAP5,4,18,70.29151916503906,"Mon 07-06, Sun 07-05, Wed 07-01, Wed 07-08"
138_FTS_LNC_1,LEONCRK:138KV-FTST:138KV,STARLEO8,4,10,44.25126647949219,"Sat 07-04, Tue 07-07, Wed 07-01, Wed 07-08"
FB_RS_60_A,RS:138KV-FB:138KV,SWAATH8,4,15,28.918092727661133,"Mon 07-06, Sat 07-04, Sun 07-05, Tue 07-07"
PAWNEE_SPRUCE_1,PAWNEE:345KV-CALAVERS:345KV,DELMSAN5,4,14,18.133468627929688,"Sat 07-04, Sun 07-05, Tue 07-07, Wed 07-01"
421__A,BCESW:345KV-SNDSW:345KV,SSNDBGR5,4,23,15.229898452758789,"Fri 07-03, Sat 07-04, Wed 07-01, Wed 07-08"
FORTMA_YELWJC1_1,YELWJCKT:138KV-FORTMA:138KV,DBIGKEN5,4,22,14.035261154174805,"Fri 07-03, Sat 07-04, Wed 07-01, Wed 07-08"
138_IH2_COT_1,IH20:138KV-TNCOLIET:138KV,SSTAWIC8,4,9,1.9781408309936523,"Fri 07-03, Sat 07-04, Sun 07-12, Wed 07-01"
BENTS_FRTER_1B_1,FRONTERA:138KV-S_MISSIN:138KV,SBENS_M8,4,9,1.2472816705703735,"Sat 07-04, Sun 07-05, Tue 07-07, Wed 07-01"
CROSSO_NORTMC1_1,NORTMC:138KV-CROSSOVE:138KV,DBIGSCH5,3,14,535.2924194335938,"Fri 07-03, Mon 07-06, Wed 07-08"
HECKER_RESNIK1_1,HECKER:138KV-RESNIK:138KV,DMCDUPS8,3,20,164.94155883789062,"Fri 07-03, Sat 07-04, Wed 07-01"
1710__A,SALDS:138KV-SONTERRA:138KV,DSALHUT5,3,28,128.5625762939453,"Fri 07-03, Wed 07-01, Wed 07-08"
940__A,ENWSW:138KV-TMPTN:138KV,SPEBTRU8,3,17,71.58535766601562,"Sat 07-04, Sun 07-05, Sun 07-12"
SOLSTICE_PST1,SOLSTICE:138KV-SOLSTICE:138KV,STARLEO8,3,7,21.32998275756836,"Mon 07-06, Sat 07-04, Wed 07-08"
138_FTS_LNC_1,FTST:138KV-LEONCRK:138KV,SSOAHOL8,3,11,6.624213218688965,"Fri 07-03, Sat 07-04, Sun 07-05"
_WC_WCO_1,WC:138KV-WCOLMAIN:138KV,SWCOW2C8,3,8,4.179989814758301,"Fri 07-03, Mon 07-06, Sat 07-04"
6830__B,CRDSW:69KV-OLNEY:69KV,DGRMGRS8,2,20,2710.349853515625,"Fri 07-03, Wed 07-08"
3610__G,PGTP1:138KV-PDSES:138KV,MWTRWLV5,2,8,2005.3310546875,"Sun 07-12, Tue 07-07"
CONCHO_VRBS1_1,CONCHO:69KV-VRBS:69KV,XBAL89,2,10,1636.08056640625,"Sat 07-04, Sun 07-12"
6840__B,NVKSW:69KV-ANARN:69KV,DMGSRIC8,2,12,484.1401672363281,"Wed 07-01, Wed 07-08"
CARIZOSPG_BEVO_1,BEVO:69KV-CARIZOS:69KV,XASH89,2,11,235.0434112548828,"Tue 07-07, Wed 07-08"
6200__F,TYPRK:138KV-PLYAM:138KV,DCDHTVW5,2,18,134.78858947753906,"Mon 07-06, Wed 07-08"
GN_PZ_08_A,GN:138KV-PZ:138KV,SMDOOAS5,2,11,126.5500259399414,"Tue 07-07, Wed 07-08"
651__B,CMNSW:138KV-CMNTP:138KV,DBUCRGP5,2,11,81.74646759033203,"Wed 07-01, Wed 07-08"
OB_WAP99_A,WAP:345KV-OB:345KV,SOBWA2P5,2,10,79.86940002441406,"Sat 07-04, Tue 07-07"
MADDUX_TREADW1_1,MADDUX:138KV-TREADWEL:138KV,DBIGKEN5,2,6,58.299171447753906,"Fri 07-03, Wed 07-08"
ACSSW_AX1H,ACSSW:345KV-ACSSW:1KV,SACSARE8,2,10,34.71638870239258,"Sat 07-04, Sun 07-05"
SNDSW_MR1H,SNDSW:345KV-SNDSW:1KV,MSNDWCR5,2,13,13.09449291229248,"Fri 07-03, Wed 07-01"
WESLCO_HIDLBRG_1,MV_HBRG4:138KV-MV_WESL4:138KV,DCC1DUKE,2,9,12.14709758758545,"Fri 07-03, Sat 07-04"
455__A,BGRSW:345KV-SNDSW:345KV,SBCESN35,2,9,11.899738311767578,"Fri 07-03, Sat 07-04"
400__A,FMRVL:345KV-RYSSW:345KV,SFMRRYS5,2,6,8.427680015563965,"Fri 07-03, Wed 07-08"
ALPINE_BRONCO1_1,BRONCO:69KV-ALPINE:69KV,XFTS89,2,5,2.4638333320617676,"Sat 07-04, Sun 07-05"
BENTS_FRTER_1B_1,FRONTERA:138KV-S_MISSIN:138KV,SSHAFRO8,2,17,2.0480575561523438,"Mon 07-06, Tue 07-07"
ASHERT_CATARI1_1,CATARINA:138KV-ASHERTON:138KV,DFOAVLO5,2,7,1.5752882957458496,"Mon 07-06, Wed 07-01"
BRUNI_69_1,BRUNI:138KV-BRUNI:69KV,DFOAVLO5,2,11,0.0,"Sun 07-05, Sun 07-12"
SANA_FMR1,SANA:138KV-SANA:69KV,SCOLBAL8,1,5,1133.0867919921875,Sun 07-12
SEA_AAT1,SEA:138KV-SEA:69KV,DFRYBC58,1,5,526.2346801757812,Wed 07-08
6830__B,CRDSW:69KV-OLNEY:69KV,SGRMGRS8,1,14,518.8351440429688,Wed 07-01
6293__C,MARSW:138KV-DEVIT:138KV,DEVRHLS8,1,5,382.8858642578125,Wed 07-08
2270__B,MEXTP:69KV-ITALY:69KV,SBLURDH8,1,9,364.8660583496094,Sun 07-12
PALOUS_WOLFCA1_1,PALOUSE:138KV-WOLFCAMP:138KV,DBIGKEN5,1,6,304.9300537109375,Wed 07-08
DILLEYSW_XF1H,DILLEYSW:138KV-DILLEYSW:1KV,DDILCOT8,1,5,226.3070526123047,Wed 07-08
1035__A,MCLSW:138KV-WCOLO:138KV,DELMWWE8,1,3,211.59324645996094,Wed 07-08
651__B,CMNSW:138KV-CMNTP:138KV,DMBDRKC5,1,4,119.4257583618164,Mon 07-06
505__B,FBRSW:345KV-THSES:345KV,MBULNAV5,1,4,114.99630737304688,Wed 07-01
651__B,CMNSW:138KV-CMNTP:138KV,SCMNCPS5,1,9,108.45370483398438,Wed 07-01
PALOUS_WOLFCA1_1,PALOUSE:138KV-WOLFCAMP:138KV,SKINODE5,1,4,104.14219665527344,Tue 07-07
CROSSO_NORTMC1_1,NORTMC:138KV-CROSSOVE:138KV,DBIGKEN5,1,2,63.665706634521484,Wed 07-08
6375__A,GRSES:138KV-GRMES:138KV,DLONPK25,1,7,49.071876525878906,Wed 07-01
35045__A,SAMSW:345KV-FVLSW:345KV,SHELBUL5,1,3,48.49840545654297,Wed 07-01
1561__A,DPREA:138KV-RCSES:138KV,SWDDMNS5,1,6,47.82122039794922,Fri 07-03
235__A,SGRSW:345KV-JEWET:345KV,SHELBUL5,1,3,39.46086883544922,Wed 07-01
RAYBURN_69_2,RAYBURN:138KV-RAYBURN:69KV,SFURVAN8,1,2,29.2884464263916,Mon 07-06
1210__B,HUBRD:138KV-HAN1:138KV,SBLAWDB8,1,3,23.765621185302734,Wed 07-01
6240__C,SACRC:138KV-DPCRK:138KV,SSUNRGR8,1,4,17.52835464477539,Sun 07-05
LAKENA_SAMATH1_1,LAKENASW:69KV-SAMATHIS:69KV,SBGLTWI8,1,2,14.09398365020752,Sun 07-05
505__B,FBRSW:345KV-THSES:345KV,SSAMTCR5,1,1,10.147449493408203,Wed 07-01
HEXT_YELWJC1_1,YELWJCKT:69KV-HEXT:69KV,SJUNYEL9,1,9,8.960735321044922,Fri 07-03
6965__A,LNGSW:345KV-PRLSW:345KV,DSLKNOR5,1,6,8.123412132263184,Wed 07-01
ESCOND_GANSO1_1,ESCONDID:138KV-GANSO:138KV,SBRAHAM8,1,2,5.686450958251953,Sun 07-12
6695__B,SNYDR:69KV-AMOTP:69KV,SSNYCGR8,1,2,3.7855732440948486,Sun 07-05
BENTS_FRTER_1B_1,FRONTERA:138KV-S_MISSIN:138KV,SPALFRO8,1,2,3.1880998611450195,Fri 07-03
DA_WC_89_A,WC:138KV-DA:138KV,SEBHUG8,1,2,3.1014983654022217,Sun 07-05
HAINE__LA_PAL1_1,LA_PALMA:138KV-HAINE_DR:138KV,SRAYRI38,1,6,2.862534999847412,Wed 07-01
6217__A,WLVSW:138KV-GAILS:138KV,SBUZHMP8,1,2,2.2667975425720215,Wed 07-01
FB_RS_60_A,RS:138KV-FB:138KV,MATHEB_8,1,3,1.761565089225769,Sun 07-05
381__A,FMRVL:345KV-RYSSW:345KV,SFMRRY25,1,7,1.2435016632080078,Wed 07-01
SABIN_NEVAD_1,NEVADA:138KV-SABNCRKT:138KV,SWALWLN8,1,3,0.9911233186721802,Wed 07-01
_WC_WCO2_1,WC:138KV-WCOLMAIN:138KV,SWCOWC8,1,4,0.408160001039505,Wed 07-08
ESCOND_GANSO1_1,GANSO:138KV-ESCONDID:138KV,SBRAPIN8,1,2,0.3983199894428253,Wed 07-08
138_FTS_LNC_1,LEONCRK:138KV-FTST:138KV,DTNFBCA8,1,1,0.0,Tue 07-07
155T217_1,BELLSO:138KV-PT:138KV,DWPWFWP5,1,3,0.0,Wed 07-08
35045__A,SAMSW:345KV-FVLSW:345KV,DTHSFBR5,1,2,0.0,Wed 07-01
35055__A,SAMSW:345KV-VENSW:345KV,SFTSFVL5,1,4,0.0,Fri 07-03
421__A,BCESW:345KV-SNDSW:345KV,SBCEBGR5,1,1,0.0,Fri 07-03
6240__C,SACRC:138KV-DPCRK:138KV,DMTSCOS5,1,1,0.0,Sun 07-05
651__C,CMNTP:138KV-SHILO:138KV,DMBDRKC5,1,3,0.0,Mon 07-06
6635__G,MRVLY:69KV-ESTLD:69KV,SCLCGTN8,1,1,0.0,Sun 07-05
6965__A,LNGSW:345KV-PRLSW:345KV,DBEANOR5,1,1,0.0,Wed 07-01
BLESSI_PAVLOV1_1,BLESSING:138KV-PAVLOV:138KV,SSTPESP8,1,2,0.0,Fri 07-03
COCS_FTST1_1,COCS:69KV-FTST:69KV,SBROALP9,1,3,0.0,Sat 07-04
CTHR_TINSLE1_1,TINSLEY:138KV-CTHR:138KV,SILLFTL8,1,1,0.0,Sat 07-04
FARMLAND_LONGD_1,FARMLAND:345KV-W_LD_345:345KV,DCOTWR25,1,3,0.0,Sat 07-04
G138_15_1,WCOLLOCL:138KV-ANGLETON:138KV,SWCOWCO8,1,1,0.0,Wed 07-01
GEO_SIG_1,GEOWEST:138KV-SIGMOR:138KV,DFOWSMG5,1,4,0.0,Sun 07-12
HAMILT_MAVERI1_1,HAMILTON:138KV-MAVERICK:138KV,SBRAPIN8,1,3,0.0,Wed 07-08
LAKENA_SAMATH1_1,LAKENASW:69KV-SAMATHIS:69KV,DBAKCED5,1,3,0.0,Sun 07-05
LAKENA_SAMATH1_1,LAKENASW:69KV-SAMATHIS:69KV,SCARLVO8,1,2,0.0,Sun 07-05
NEWM_WAL_1,NEWMAN:138KV-WALNUT1:138KV,SOAKMCC8,1,2,0.0,Wed 07-08
RAY_MOURSUND_1,MOURSUND:138KV-RAYBURN:138KV,SFURVAN8,1,1,0.0,Fri 07-03
STPWAP39_1,STP:345KV-WAP:345KV,DWPWFCK5,1,5,0.0,Sat 07-04
SWEETWN2_XF21,SWEETWN2:138KV-SWEETWN2:345KV,BASE,1,1,0.0,Fri 07-03
UVALDE_W_BATE1_1,W_BATESV:138KV-UVALDE:138KV,SMOOPEA8,1,2,0.0,Sun 07-05
WAPWLY72_A,WLY:345KV-WAP:345KV,DOASSEB5,1,3,0.0,Sat 07-04
