teid,branch_id,base_model_status,implied_default_status,pct_closed,base_from_name,base_to_name,base_circuit,base_device_type,from_bus,to_bus,ckt,DeviceType,match_type
1012,60000905.0,Open,Closed,1.0,EQUIPIPE1_9,BLOOMGRV1_9,1,Line,EQUIPIPE1_9,BLOOMGRV1_9,1,Line,direct_label
107357,60008804.0,Closed,Open,0.1,L_FAYETT5_1Y,1000,3,Transformer,L_FAYETT5_1Y,1000,3,Transformer,direct_label
1126,60007364.0,Open,Closed,1.0,STER2A,STCO2A,1,Line,STER2A,STCO2A,1,Line,direct_label
1133,60008072.0,Open,Closed,1.0,JACKSONS2A,SAWA2A,1,Line,SAWA2A,JACKSONS2A,1,Line,direct_label
132827,60002676.0,Open,Closed,1.0,SPRINGCRK,PL_COMM2_8,1,Line,SPRINGCRK,PL_COMM2_8,1,Line,direct_label
1513,60011476.0,Open,Closed,1.0,ODESEHV_8,LIQDAIR_8,1,Line,ODESEHV_8,LIQDAIR_8,1,Line,direct_label
1567,60003376.0,Closed,Open,0.143,BLF_CRK4A,BUFF_GAP_2_8,1,Line,BUFF_GAP_2_8,BLF_CRK4A,1,Line,direct_label
173,60002449.0,Open,Closed,1.0,BOMARTON_9,SEYMOUR_9,1,Line,SEYMOUR_9,BOMARTON_9,1,Line,direct_label
1792,60002000.0,Open,Closed,1.0,ROSEN1_T8,ROSEN1_8,1,Line,ROSEN1_T8,ROSEN1_8,1,Line,direct_label
1824,60009608.0,Open,Closed,1.0,DYESS2AB2A,DYESS3AB2A,1,Line,DYESS3AB2A,DYESS2AB2A,1,Line,direct_label
185181,60008980.0,Open,Closed,1.0,GRNVL_W8,PRENTICPOD_8,1,Line,PRENTICPOD_8,GRNVL_W8,1,Line,direct_label
1903,60006861.0,Open,Closed,1.0,TEXT2A,RANKIN42A,1,Line,RANKIN42A,TEXT2A,1,Line,direct_label
193,60005283.0,Open,Closed,0.95,PONY_7_8,HHOLLOW2_1_8,1,Line,HHOLLOW2_1_8,PONY_7_8,1,Line,direct_label
1970,60003101.0,Open,Closed,1.0,BRNWD1_9,DUBLIN1_9,1,Line,ASPM2A,CONA2A,1,Line,direct_label
2071,60103475.0,Closed,Open,0.0,CRLTN_NW_W8,NTHLK_N8,1,Line,CRLTN_NW_W8,NTHLK_N8,1,Line,direct_label
208470,60008125.0,Open,Closed,1.0,RGTAP4A,NEDIN4A,1,Line,NEDIN4A,RGTAP4A,1,Line,direct_label
2149,60001890.0,Closed,Open,0.158,PAFFRD1_8,WDGWD2_T8,1,Line,PAFFRD1_8,WDGWD2_T8,1,Line,direct_label
2157,60001904.0,Closed,Open,0.263,PAFFRD2_8,WDGWD1_T8,1,Line,PAFFRD2_8,WDGWD1_T8,1,Line,direct_label
222967,60008515.0,Open,Closed,0.9,CENIZO7B,CENIZO7C,S1,Series Cap,CENIZO7C,CENIZO7B,S1,Line,direct_label
223780,60011938.0,Open,Closed,1.0,REDSWTAP8,RGTAP4A,1,Line,RGTAP4A,REDSWTAP8,1,Line,direct_label
2531,60009031.0,Open,Closed,1.0,ABNTHWST4B,ELMCRK4A,1,Line,ELMCRK4A,ABNTHWST4B,1,Line,direct_label
2567,60005239.0,Open,Closed,1.0,HSKLTAP22A,HASR2A,1,Line,HASR2A,HSKLTAP22A,1,Line,direct_label
2589,60002545.0,Open,Closed,1.0,JAXVLNTA_9,JAXVLNOR_9,1,Line,JAXVLNTA_9,JAXVLNOR_9,1,Line,direct_label
279229,60007581.0,Closed,Open,0.421,TEMP_SS__9,TEMP_SS__8,1,Transformer,TEMP_SS__8,TEMP_SS__9,1,Transformer,direct_label
279322,60003979.0,Open,Closed,1.0,TNCLIMAX__0,TNCLIMAX__1,1,Transformer,TNCLIMAX__1,TNCLIMAX__0,1,Transformer,direct_label
279397,60110975.0,Open,Closed,1.0,ABNTHWST2A,ABNTHWST4B,1,Transformer,ABNTHWST2A,ABNTHWST4B,1,Transformer,direct_label
279517,60005789.0,Open,Closed,0.933,LIMEST__B138,49168_STAR,A1,Transformer,LIMEST__B138,49168_STAR,A1,Transformer,direct_label
279595,60112772.0,Open,Closed,0.941,HHOLLOW2_1_8,HHOLLO_WIND1,1,Transformer,HHOLLO_WIND1,HHOLLOW2_1_8,1,Transformer,direct_label
2800,60001770.0,Open,Closed,1.0,L_RIVERY8_1Y,L_GEORGE8_1Y,1,Line,L_GEORGE8_1Y,L_RIVERY8_1Y,1,Line,direct_label
280349,60112771.0,Closed,Open,0.294,H_HOLLOW_1_8,H_HOLLO_WND1,1,Transformer,H_HOLLO_WND1,H_HOLLOW_1_8,1,Transformer,direct_label
2805,60002540.0,Open,Closed,1.0,ARPCHIPR_9,TROUP_9,1,Line,TROUP_9,ARPCHIPR_9,1,Line,direct_label
2923,60004941.0,Closed,Open,0.1,TNOLDOCEAN0,TNHILCORP_0,2,Line,TNHILCORP_0,TNOLDOCEAN0,2,Line,direct_label
298141,60112588.0,Open,Closed,1.0,BORDAS_5,BRDS_JAVEL18,T1,Transformer,BRDS_JAVEL18,BORDAS_5,T1,Transformer,direct_label
300554,60003644.0,Open,Closed,1.0,BRKSDLE2A,CAMPWOOD2A,1,Line,BRKSDLE2A,CAMPWOOD2A,1,Line,direct_label
30229,60007218.0,Open,Closed,1.0,SILR2A,SILV2A,1,Line,SILV2A,SILR2A,1,Line,direct_label
302430,60001931.0,Open,Closed,1.0,ORLA_SW1_8,RED_BLUFF1_8,1,Line,ORLA_SW1_8,RED_BLUFF1_8,1,Line,direct_label
307362,60000250.0,Open,Closed,1.0,COPPCVE_8,KILCLARRDT_8,1,Line,KILCLARRDT_8,COPPCVE_8,1,Line,direct_label
309005,60008776.0,Open,Closed,1.0,BORDAS_5,CENIZO7A,1,Line,CENIZO7A,BORDAS_5,1,Line,direct_label
3129,60003490.0,Open,Closed,1.0,BROOKHOL2A,P_LAVACA2A,1,Line,BROOKHOL2A,P_LAVACA2A,1,Line,direct_label
314621,60005459.0,Open,Closed,1.0,PANDALE2A,ILLN2A,1,Line,PANDALE2A,ILLN2A,1,Line,direct_label
3150,60001022.0,Open,Closed,0.571,P_BUDA__9_1_,P_CENTEX9_1_,1,Line,P_BUDA__9_1_,P_CENTEX9_1_,1,Line,direct_label
3157,60013294.0,Open,Closed,1.0,ABPLTTP2A,ABPOWERS2A,1,Line,ABPOWERS2A,ABPLTTP2A,1,Line,direct_label
321429,60112589.0,Open,Closed,1.0,BORDAS2_5,BRDS_JAVEL2B,02,Transformer,BRDS_JAVEL2B,BORDAS2_5,02,Transformer,direct_label
321439,60008786.0,Open,Closed,1.0,BORDAS_5,BORDAS2_5,1,Line,BORDAS2_5,BORDAS_5,1,Line,direct_label
3220,60007603.0,Open,Closed,0.857,TNTRENTON_0,TNLEONARD_0,1,Line,TNTRENTON_0,TNLEONARD_0,1,Line,direct_label
3242,60002557.0,Open,Closed,1.0,DIALVILL_9,RUSK_9,2,Line,DIALVILL_9,RUSK_9,2,Line,direct_label
3245,60006197.0,Open,Closed,1.0,MILHWY,MILITARY4A,3,Line,MILITARY4A,MILHWY,3,Line,direct_label
325253,60111700.0,Closed,Open,0.118,LARDSTAT4A,LARDSTAT0A,1,Transformer,LARDSTAT4A,LARDSTAT0A,1,Transformer,direct_label
326174,60047395.0,Open,Closed,1.0,TNPUCKTFLD0,TNOCOTILO_0,1,Line,TNPUCKTFLD0,TNOCOTILO_0,1,Line,direct_label
3333,60002541.0,Open,Closed,1.0,ARPCHIPR_9,ARP_9,1,Line,ARPCHIPR_9,ARP_9,1,Line,direct_label
3415,60007405.0,Open,Closed,1.0,TEMP_SS__8,TEMP_SS_R_8,3,Line,STEWRT__B138,WESTBY_R59_8,59,Line,direct_label
348,60002203.0,Open,Closed,1.0,NYLONTAP_8,NYLON_8,1,Line,NYLONTAP_8,NYLON_8,1,Line,direct_label
357826,60009646.0,Open,Closed,1.0,BLDSW_RC,WMUNS_RC,13,Line,BLDSW_RC,WMUNS_RC,13,Line,direct_label
373260,60009507.0,Closed,Open,0.1,GAINVL_E_T9,STONCRK_9,2,Line,GAINVL_E_T9,STONCRK_9,2,Line,direct_label
373934,60009955.0,Open,Closed,1.0,WHTSTLMNT_9,WHTSTLMNT1_8,1,Transformer,WHTSTLMNT_9,WHTSTLMNT1_8,1,Transformer,direct_label
380353,60009620.0,Open,Closed,1.0,POWELLFI2A,BISON2A,1,Line,BISON2A,POWELLFI2A,1,Line,direct_label
384314,60009769.0,Closed,Open,0.3,ENTLKI_9,ENLKTP_9,1,Line,ENLKTP_9,ENTLKI_9,1,Line,direct_label
392091,60009615.0,Closed,Open,0.3,CRMWD12A,ENLKTP_9,1,Line,CRMWD12A,ENLKTP_9,1,Line,direct_label
3987,60009052.0,Open,Closed,1.0,WALNTTAP2A,ABWALNUT2A,1,Line,ABWALNUT2A,WALNTTAP2A,1,Line,direct_label
398823,60009559.0,Open,Closed,0.889,KILN_FHD_E_8,KILN_FTHD_8,1,Line,KILN_FTHD_8,KILN_FHD_E_8,1,Line,direct_label
4057,60005308.0,Closed,Open,0.35,TNHICOTAP_0,TNHAMLTNCO0,1,Line,TNHAMLTNCO0,TNHICOTAP_0,1,Line,direct_label
419224,60010125.0,Open,Closed,1.0,REDBUD,PROLINA_P8,1,Line,REDBUD,PROLINA_P8,1,Line,direct_label
421818,60111868.0,Open,Closed,1.0,TXPET__X33T9,PR_PR_G2,3,Transformer,PR_PR_G2,TXPET__X33T9,3,Transformer,direct_label
438080,60011288.0,Open,Closed,1.0,LENORAH_8,FLATLAND_8,1,Line,LENORAH_8,REDSALT_8,1,Line,direct_label
4440,60003809.0,Open,Closed,1.0,CHLC_VER2A,VERN2A,1,Line,CHLC_VER2A,VERN2A,1,Line,direct_label
4523,60003491.0,Open,Closed,1.0,PCOMFORT2A,BROOKHOL2A,1,Line,PCOMFORT2A,BROOKHOL2A,1,Line,direct_label
453417,60000607.0,Closed,Open,0.2,L_KUNITZ8_1Y,L_PINNAC8_1Y,1,Line,L_KUNITZ8_1Y,L_PINNAC8_1Y,1,Line,direct_label
470030,60068020.0,Open,Closed,1.0,SWIMMER,POOLVILLE_8,1,Line,SWIMMER,POOLVILLE_8,1,Line,direct_label
476559,60012989.0,Open,Closed,1.0,FRESTONE1_9,WTXGFPOD_9,1,Line,FRESTONE1_9,WTXGFPOD_9,1,Line,direct_label
4850,60002555.0,Open,Closed,1.0,JAXVL_9,REYNLDST_9,1,Line,JAXVL_9,REYNLDST_9,1,Line,direct_label
486974,60111643.0,Closed,Open,0.176,LP_POSEY_S7,PYT2STAR,1,Transformer,PYT2STAR,LP_POSEY_S7,1,Transformer,direct_label
486975,60111640.0,Closed,Open,0.176,LP_POSEY3,PYT2STAR,1,Transformer,LP_POSEY3,PYT2STAR,1,Transformer,direct_label
487,60000904.0,Open,Closed,1.0,EQUIPIPE1_9,MERTENS1_9,1,Line,EQUIPIPE1_9,MERTENS1_9,1,Line,direct_label
4871,60001132.0,Open,Closed,1.0,QUANEXSW9,SUNNYSIDESB9,1,Line,QUANEXSW9,SUNNYSIDESB9,1,Line,direct_label
487530,60012007.0,Closed,Open,0.3,SHELL__POI_8,BOGGY__POI_8,1,Line,BOGGY__POI_8,SHELL__POI_8,1,Line,direct_label
489885,60011567.0,Closed,Open,0.1,JOSLIN4A,SANDCRAB4A,1,Line,JOSLIN4A,SANDCRAB4A,1,Line,direct_label
489970,60011606.0,Closed,Open,0.3,FIDLWD_5,LP_POSEY_S7,1,Line,FIDLWD_5,LP_POSEY_S7,1,Line,direct_label
4968,60003143.0,Closed,Open,0.0,SHELL__POI_8,AIRPRO_POI_8,85,Line,SHELL__POI_8,AIRPRO_POI_8,85,Line,direct_label
5100,60004824.0,Open,Closed,0.6,FRPHILLT2A,L_GILLES9_1Y,1,Line,FRPHILLT2A,L_GILLES9_1Y,1,Line,direct_label
5121,60002276.0,Open,Closed,0.824,L_TURTCR8_1Y,L_HUNT__8_1Y,1,Line,L_TURTCR8_1Y,L_HUNT__8_1Y,1,Line,direct_label
5144,60006800.0,Open,Closed,1.0,TNNRTHNNAT0,TNPUCKTFLD0,1,Line,TNNRTHNNAT0,TNPUCKTFLD0,1,Line,direct_label
5393,60004716.0,Open,Closed,1.0,SANA_TAP2A,FIREROCK2A,1,Line,SANA_TAP2A,FIREROCK2A,1,Line,direct_label
553239,60012023.0,Closed,Open,0.0,PES1_8,H_O_C__POI_8,1,Line,PES1_8,H_O_C__POI_8,1,Line,direct_label
570163,60012317.0,Open,Closed,1.0,BTSTARTA_9,WILLSPNT_9,1,Line,WILLSPNT_9,BTSTARTA_9,1,Line,direct_label
570510,60012107.0,Open,Closed,1.0,MIDLDWNT_T8,MIDLDWNT_8,1,Line,MIDLDWNT_8,MIDLDWNT_T8,1,Line,direct_label
5760179,60012510.0,Closed,Open,0.25,TNCOYANOSA1,TNBCCANYON1,1,Line,TNCOYANOSA1,TNBCCANYON1,1,Line,direct_label
5760701,60008819.0,Closed,Open,0.1,L_FAYETT8_1Y,1000,3,Transformer,L_FAYETT8_1Y,1000,3,Transformer,direct_label
5760755,60012785.0,Closed,Open,0.3,HODLRAN27A,CLEARCRO7A,1,Line,CLEARCRO7A,HODLRAN27A,1,Line,direct_label
579486,60012206.0,Open,Closed,1.0,BAEZ2A,CHSEFLD2B,1,Line,CHSEFLD2B,BAEZ2A,1,Line,direct_label
579739,60012341.0,Open,Closed,0.75,NEDIN4B,NEDIN4C,S1,Line,NEDIN4B,NEDIN4C,S1,Line,direct_label
579740,60012342.0,Open,Closed,0.75,NEDIN4E,NEDIN4D,S2,Line,NEDIN4E,NEDIN4D,S2,Line,direct_label
585029,60012482.0,Open,Closed,1.0,CONCHO2A,CRIS2A,1,Line,CRIS2A,CONCHO2A,1,Line,direct_label
585317,60012498.0,Open,Closed,0.8,ROSEMNT1_8,WDGWD1_T8,1,Line,WDGWD1_T8,ROSEMNT1_8,1,Line,direct_label
596978,60012606.0,Open,Closed,1.0,AIRPRO_POI_8,BOGGY__POI_8,85,Line,BOGGY__POI_8,AIRPRO_POI_8,85,Line,direct_label
605669,60012647.0,Open,Closed,1.0,MILLWOOD,6812,2,Line,MILLWOOD,6812,2,Line,direct_label
618411,60012749.0,Closed,Open,0.4,TNLEONCRK_1,TNBCLNCRK_1,1,Line,TNLEONCRK_1,TNBCLNCRK_1,1,Line,direct_label
620824,60012911.0,Open,Closed,1.0,GODDARD2_T8,GODDARD_8,1,Line,GODDARD_8,GODDARD2_T8,1,Line,direct_label
626574,60012909.0,Open,Closed,0.571,MSQTE1_8,OATES,1,Line,OATES,MSQTE1_8,1,Line,direct_label
639467,60013074.0,Open,Closed,1.0,BANKHEAD,BELLMNT_8,2,Line,BELLMNT_8,BANKHEAD,2,Line,direct_label
646943,60012942.0,Open,Closed,0.9,BROOKHTP4A,JOSLIN4A,1,Line,JOSLIN4A,BROOKHTP4A,1,Line,direct_label
646945,60012943.0,Open,Closed,0.9,BROOKHTP4A,SANDCRAB4A,1,Line,SANDCRAB4A,BROOKHTP4A,1,Line,direct_label
649,60005511.0,Open,Closed,1.0,JATN2A,PEAC2A,1,Line,PEAC2A,JATN2A,1,Line,direct_label
653295,60089158.0,Closed,Open,0.0,PEPPERCRK_8,TEMP_NW2_8,2,Line,PEPPERCRK_8,TEMP_NW2_8,2,Line,direct_label
665,60000936.0,Closed,Open,0.105,MINERVA1_9,ROCKDALN1_9,1,Line,ROCKDALN1_9,MINERVA1_9,1,Line,direct_label
667608,60078166.0,Open,Closed,1.0,TEAL_8,TAYLOR_W1_8,2,Line,TAYLOR_W1_8,TEAL_8,2,Line,direct_label
672174,60091449.0,Closed,Open,0.375,RESNIK4A,CHENIERE4D,2,Line,RESNIK4A,CHENIERE4C,2,Line,direct_label
675110,60091709.0,Closed,Open,0.4,LONHILL7A,REFORZAR7A,1,Line,LONHILL7A,REFORZAR7A,1,Line,direct_label
675111,60091712.0,Closed,Open,0.4,NEDIN7C,REFORZAR7A,1,Line,NEDIN7C,REFORZAR7A,1,Line,direct_label
682155,60090469.0,Open,Closed,0.75,RUCKER,ELLISONSPG_9,1,Line,RUCKER,ELLISONSPG_9,1,Line,direct_label
68935,60003600.0,Open,Closed,1.0,CACTUS2A,IRAN2A,1,Line,CACTUS2A,IRAN2A,1,Line,direct_label
695,60003810.0,Open,Closed,1.0,CHLC_VER2A,VRCP2A,1,Line,CHLC_VER2A,VRCP2A,1,Line,direct_label
698175,60090601.0,Closed,Open,0.2,CRGRNCH1_8,RIDGEVW2_8,2,Line,CRGRNCH1_8,RIDGEVW2_8,2,Line,direct_label
699808,60091079.0,Open,Closed,1.0,HIDEOUT,RUNAWAY_8,2,Line,HIDEOUT,RUNAWAY_8,2,Line,direct_label
704361,60091463.0,Open,Closed,0.667,FIREROCK2A,LKBRNWD_9,2,Line,FIREROCK2A,LKBRNWD_9,2,Line,direct_label
706858,60008708.0,Closed,Open,0.353,COYCTP4A,PLEASANT4A,1,Line,COYCTP4A,PLEASANT4A,1,Line,direct_label
709659,60093263.0,Open,Closed,0.667,BLACKSTCK_8,ROYSE3_8,3,Line,ROYSE3_8,BLACKSTCK_8,3,Line,direct_label
710707,60092129.0,Open,Closed,1.0,ATMEL1_T8,SHRPD1_T8,1,Line,SHRPD1_T8,ATMEL1_T8,1,Line,direct_label
710709,60092130.0,Open,Closed,1.0,ATMEL2_T8,SHRPD2_T8,1,Line,SHRPD2_T8,ATMEL2_T8,1,Line,direct_label
712975,60095724.0,Closed,Open,0.471,FTGRIFFI2A,IBIS2A,1,Line,FTGRIFFI2A,IBIS2A,1,Line,direct_label
715049,60004091.0,Closed,Open,0.474,COYCTP4A,SUNNILN4A,1,Line,SUNNILN4A,COYCTP4A,1,Line,direct_label
716258,60093253.0,Open,Closed,1.0,STEKLY_DAM_5,BELFALLS_8,2,Line,STEKLY_DAM_5,BELFALLS_8,2,Line,direct_label
716271,60093254.0,Open,Closed,1.0,STEKLY_DAM_5,LAKE_CRK1_5,1,Line,LAKE_CRK2_5,STEKLY_DAM_5,1,Line,direct_label
716935,60094848.0,Closed,Open,0.158,BRADYRE2,RUDDER2A,1,Line,BRADYRE2,RUDDER2A,1,Line,direct_label
716936,60094849.0,Closed,Open,0.158,BRADYRE2,MAJOR2A,1,Line,BRADYRE2,MAJOR2A,1,Line,direct_label
719631,60004089.0,Closed,Open,0.474,FASHING4A,COYCTP4A,1,Line,FASHING4A,COYCTP4A,1,Line,direct_label
720325,60093268.0,Closed,Open,0.455,LONGCREK_5,MLBRRYCK_5,1,Line,MLBRRYCK_5,LONGCREK_5,1,Line,direct_label
725,60000992.0,Closed,Open,0.4,TEMP_SS__9,TEMPLE1_9,1,Line,TEMP_SS__9,TEMPLE1_9,1,Line,direct_label
730907,60012750.0,Closed,Open,0.214,FDLITY_X21T8,GALENA21T1_8,1,Line,FDLITY_X21T8,GALENA21T1_8,1,Line,direct_label
730908,60012752.0,Closed,Open,0.214,GALENA21T1_8,WITTER21TP_8,1,Line,GALENA21T1_8,WITTER21TP_8,1,Line,direct_label
730922,60095298.0,Closed,Open,0.389,TANKER_X94B8,SPEAR__X94T8,1,Line,TANKER_X94B8,SPEAR__X94T8,1,Line,direct_label
730937,60012935.0,Closed,Open,0.214,GALENA21T1_8,GALENA21TP_8,21,Line,GALENA21T1_8,GALENA21TP_8,21,Line,direct_label
733914,60098209.0,Closed,Open,0.214,OAKLAND,SHILOH,1,Line,OAKLAND,SHILOH,1,Line,direct_label
733915,60098210.0,Closed,Open,0.214,OAKLAND,MCCREE8,1,Line,OAKLAND,MCCREE8,1,Line,direct_label
734629,60095718.0,Closed,Open,0.353,LKVEW_RC,6939,1,Line,LKVEW_RC,6939,1,Line,direct_label
734630,60104071.0,Open,Closed,0.833,6939,LAKVWNODE_8,1,Line,LAKVWNODE_8,6939,1,Line,direct_label
735530,60095725.0,Closed,Open,0.471,BELKNAP2A,STASNEY2A,1,Line,BELKNAP2A,STASNEY2A,1,Line,direct_label
736181,60112085.0,Closed,Open,0.385,AZSP_SLR_8,AZSP_SLR_S1,T1,Transformer,AZSP_SLR_8,AZSP_SLR_S1,T1,Transformer,direct_label
738211,60096234.0,Closed,Open,0.312,SOLSTICE4C,HOEFSROA4A,1,Line,SOLSTICE4C,HOEFSROA4A,1,Line,direct_label
739596,60095283.0,Closed,Open,0.278,PALAFTP4A,NLARSW4A,1,Line,NLARSW4A,PALAFTP4A,1,Line,direct_label
739597,60095275.0,Closed,Open,0.278,PALAFTP4A,HOLCOMB4A,1,Line,HOLCOMB4A,PALAFTP4A,1,Line,direct_label
740640,60097007.0,Closed,Open,0.267,SNODGRS_9,JUNCTEMP2A,1,Line,SNODGRS_9,JUNCTEMP2A,1,Line,direct_label
740952,60097021.0,Closed,Open,0.267,ODYSSEUS7A,BLF_CRK7A,1,Line,BLF_CRK7A,ODYSSEUS7A,1,Line,direct_label
740953,60096991.0,Closed,Open,0.267,REDCREEK7A,ODYSSEUS7A,1,Line,REDCREEK7A,ODYSSEUS7A,1,Line,direct_label
741350,60097049.0,Open,Closed,0.75,FRYERSCRK,TEMPLE1_8,3,Line,TEMPLE1_8,FRYERSCRK,3,Line,direct_label
746819,60096343.0,Closed,Open,0.471,BELL_E_5,BADGER_5,1,Line,BADGER_5,BELL_E_5,1,Line,direct_label
747485,60096908.0,Closed,Open,0.25,WINDMILL,MULEDEER_5,1,Line,MULEDEER_5,WINDMILL,1,Line,direct_label
750550,60097036.0,Closed,Open,0.0,LONESOME1_T8,UPLAND1_8,1,Line,CENTRALIA_8,UPLAND1_8,1,Line,direct_label
754700,60098637.0,Closed,Open,0.25,ENLKTP_9,VITRUVI2A,1,Line,ENLKTP_9,VITRUVI2A,1,Line,direct_label
754785,60097413.0,Open,Closed,1.0,PRIMAVERA4A,LITHIUMJ4A,4,Line,LITHIUMJ4A,PRIMAVERA4A,4,Line,direct_label
756094,60099698.0,Open,Closed,0.5,TNBRDGTRC_0,TNBLUERDGE0,1,Line,TNBLUERDGE0,TNBRDGTRC_0,1,Line,direct_label
756095,60099699.0,Open,Closed,0.5,TNBRDGTRC_0,TNCLIMAX__0,1,Line,TNBRDGTRC_0,TNCLIMAX__0,1,Line,direct_label
756260,60101287.0,Open,Closed,1.0,TNWHITEBKR0,TNHRLLRNCH0,1,Line,TNWHITEBKR0,TNHRLLRNCH0,1,Line,direct_label
756261,60101288.0,Open,Closed,1.0,TNHRLLRNCH0,TNNRTHNNAT0,1,Line,TNHRLLRNCH0,TNNRTHNNAT0,1,Line,direct_label
761156,60111897.0,Closed,Open,0.364,FEGC_8B,FEGC_N2,T1,Transformer,FEGC_N2,FEGC_8B,T1,Transformer,direct_label
761157,60111896.0,Closed,Open,0.364,FEGC_8B,FEGC_N3,T2,Transformer,FEGC_N3,FEGC_8B,T2,Transformer,direct_label
761158,60111898.0,Closed,Open,0.364,FEGC_8B,FEGC_N4,T3,Transformer,FEGC_N4,FEGC_8B,T3,Transformer,direct_label
761162,60098269.0,Closed,Open,0.286,FEGC_8A,FEGC_8B,1,Line,FEGC_8A,FEGC_8B,1,Line,direct_label
762061,60098916.0,Closed,Open,0.3,EOLA2A,REDBO2A,1,Line,EOLA2A,REDBO2A,1,Line,direct_label
762062,60098915.0,Closed,Open,0.3,PTRK2A,REDBO2A,1,Line,PTRK2A,REDBO2A,1,Line,direct_label
762088,60098917.0,Closed,Open,0.3,REDBO2A,VITRUVI2A,1,Line,REDBO2A,VITRUVI2A,1,Line,direct_label
768489,60104539.0,Closed,Open,0.333,BUFFDRAW_8,L_TWINBU8_1Y,1,Line,BUFFDRAW_8,L_TWINBU8_1Y,1,Line,direct_label
768550,60098662.0,Open,Closed,1.0,DOLRHIDE2_8,NOTSW_1_8,1,Line,DOLRHIDE2_8,NOTSW_1_8,1,Line,direct_label
768560,60098663.0,Open,Closed,1.0,DOLRHIDE2_8,ANDRCOSO_8,1,Line,ANDRCOSO_8,DOLRHIDE2_8,1,Line,direct_label
774296,60111156.0,Closed,Open,0.0,PRNGMOSS_5,PRNGMOSS1_T,1,Transformer,PRNGMOSS_5,PRNGMOSS1_T,1,Transformer,direct_label
774297,60111165.0,Closed,Open,0.0,PRNGMOSS_8,PRNGMOSS1_T,1,Transformer,PRNGMOSS_8,PRNGMOSS1_T,1,Transformer,direct_label
774317,60111157.0,Closed,Open,0.0,PRNGMOSS_5,PRNGMOSS2_T,2,Transformer,PRNGMOSS_5,PRNGMOSS2_T,2,Transformer,direct_label
774318,60111316.0,Closed,Open,0.0,PRNGMOSS1_8,PRNGMOSS2_T,2,Transformer,PRNGMOSS1_8,PRNGMOSS2_T,2,Transformer,direct_label
827614,60103480.0,Open,Closed,0.5,WALLEYE_8,WAL_SR4_8,2,Line,WALLEYE_8,WAL_SR4_8,2,Line,direct_label
827615,60103479.0,Closed,Open,0.429,WALLEYE_8,WAL_SR3_8,1,Line,WALLEYE_8,WAL_SR3_8,1,Line,direct_label
82779,60009166.0,Closed,Open,0.15,LAREDO4A,LARDSTAT4A,1,Line,LAREDO4A,LARDSTAT4A,1,Line,direct_label
828155,60098480.0,Open,Closed,1.0,W_A_P__POI5A,HEN_5,02,Line,W_A_P__POI5A,HEN_5,02,Line,direct_label
828954,60103497.0,Open,Closed,1.0,OCELOT4A,OLMITO4A,1,Line,OCELOT4A,OLMITO4A,1,Line,direct_label
829199,60099717.0,Open,Closed,1.0,IRONHRS_T8_1,CADE_BRN1_8,9,Line,IRONHRS_T8_1,CADE_BRN1_8,9,Line,direct_label
829231,60100790.0,Closed,Open,0.333,CADE_BRN1_8,IRONHRS_T8_1,3,Line,CADE_BRN1_8,IRONHRS_T8_1,3,Line,direct_label
829472,60099755.0,Open,Closed,1.0,CRLTN_NW_W8,CYPRESS_8,3,Line,CRLTN_NW_W8,CYPRESS_8,3,Line,direct_label
829485,60099756.0,Open,Closed,1.0,CRLTN_NW_W8,CYPRESS_8,2,Line,CYPRESS_8,CRLTN_NW_W8,2,Line,direct_label
829498,60100800.0,Open,Closed,1.0,CYPRESS_8,COPELL_S_8,1,Line,CYPRESS_8,COPELL_S_8,1,Line,direct_label
829521,60099763.0,Open,Closed,1.0,CRLTN_NW_W8,CYPRESS_8,4,Line,CRLTN_NW_W8,CYPRESS_8,4,Line,direct_label
829534,60099718.0,Open,Closed,1.0,CYPRESS_8,IRV_VR2_8,1,Line,IRV_VR2_8,CYPRESS_8,1,Line,direct_label
829544,60099723.0,Open,Closed,1.0,ELMFK1T_8,CYPRESS_8,1,Line,ELMFK1T_8,CYPRESS_8,1,Line,direct_label
829554,60099734.0,Open,Closed,1.0,CYPRESS_8,IRVLBJ_W8,1,Line,CYPRESS_8,IRVLBJ_W8,1,Line,direct_label
829564,60099735.0,Open,Closed,1.0,CYPRESS_8,IRV_VR1_8,1,Line,IRV_VR1_8,CYPRESS_8,1,Line,direct_label
829574,60099736.0,Open,Closed,1.0,CYPRESS_8,NLKPMP1T_8,1,Line,CYPRESS_8,NLKPMP1T_8,1,Line,direct_label
829785,60100829.0,Open,Closed,0.5,ROCKYSPGS_8,HERTYTAP_8,1,Line,ROCKYSPGS_8,HERTYTAP_8,1,Line,direct_label
829786,60100830.0,Open,Closed,0.5,ROCKYSPGS_8,LUFKINE_8,1,Line,ROCKYSPGS_8,LUFKINE_8,1,Line,direct_label
829970,60103512.0,Closed,Open,0.429,JONTE___B138,KING__86TP_8,86,Line,JONTE___B138,KING__94TPC8,86,Line,direct_label
829971,60103509.0,Closed,Open,0.429,NEWPRT_S86_8,KING__86TP_8,86,Line,NEWPRT_S86_8,KING__94TPC8,86,Line,direct_label
830202,60099760.0,Open,Closed,0.625,CATLCRK_P8,WILSHIRE_8,2,Line,WILSHIRE_8,CATLCRK_P8,2,Line,direct_label
830203,60099759.0,Open,Closed,0.625,CATLCRK_P8,BURLSNSW_8,1,Line,CATLCRK_P8,BURLSNSW_8,1,Line,direct_label
830988,60008395.0,Open,Closed,1.0,RHINESLAKE_8,CANTNSW_8,4,Line,ELKTON_8,TYLERSWE_8,1,Line,direct_label
830998,60101564.0,Open,Closed,1.0,RHINESLAKE_8,TYLERSW_8,5,Line,RHINESLAKE_8,TYLERSW_8,5,Line,direct_label
832847,60103519.0,Closed,Open,0.375,PAD1_ESS_TL,PAD2_ESS_8,1,Line,PAD1_ESS_TL,PAD2_ESS_8,1,Line,direct_label
834210,60110777.0,Open,Closed,1.0,FERRISSW_9,FERIS_1,1,Transformer,FERRISSW_9,FERIS_1,1,Transformer,direct_label
837039,60102949.0,Open,Closed,0.857,LAWNDALE_8,MABANK_8,5,Line,MABANK_8,LAWNDALE_8,5,Line,direct_label
837049,60102950.0,Open,Closed,0.857,LAWNDALE_8,PAULINE_8,6,Line,PAULINE_8,LAWNDALE_8,6,Line,direct_label
837849,60102342.0,Open,Closed,0.667,POMPANO4A,STILLMAN,1,Line,STILLMAN,POMPANO4A,1,Line,direct_label
837850,60102341.0,Open,Closed,0.75,POMPANO4A,SCARBIDE4A,1,Line,POMPANO4A,SCARBIDE4A,1,Line,direct_label
844380,60101303.0,Open,Closed,1.0,PAYNE1_8,HERMAN_8,3,Line,PAYNE1_8,HERMAN_8,3,Line,direct_label
845,60002338.0,Open,Closed,1.0,SHPFIELD2_9,SHPFIELD1_9,1,Line,SHPFIELD1_9,SHPFIELD2_9,1,Line,direct_label
845963,60101526.0,Closed,Open,0.333,CLOUD1_P8,CLOUD2_P8,1,Line,CLOUD1_P8,CLOUD2_P8,1,Line,direct_label
846120,60104538.0,Closed,Open,0.4,DRYFRIO,MIEL4A,1,Line,DRYFRIO,MIEL4A,1,Line,direct_label
846121,60104537.0,Closed,Open,0.4,UVALDE4A,MIEL4A,1,Line,UVALDE4A,MIEL4A,1,Line,direct_label
846940,60104545.0,Closed,Open,0.333,TNLAGOMAR_1,TNFRWYPARK1,1,Line,TNLAGOMAR_1,TNFRWYPARK1,1,Line,direct_label
846941,60104546.0,Closed,Open,0.333,TNLAGOMAR_1,TNDICKNSON1,1,Line,TNLAGOMAR_1,TNDICKNSON1,1,Line,direct_label
847626,60104550.0,Open,Closed,0.5,OPEN_SKY,CLAYTON_345,1,Line,CLAYTON_345,OPEN_SKY,1,Line,direct_label
847627,60104551.0,Open,Closed,0.5,OPEN_SKY,PHNTMHL,1,Line,PHNTMHL,OPEN_SKY,1,Line,direct_label
848554,60101537.0,Open,Closed,0.833,MARAK1_9,HOBSONLAKE_9,1,Line,MARAK1_9,HOBSONLAKE_9,1,Line,direct_label
849672,60104374.0,Open,Closed,1.0,WYLIESW,BENDAVIS_8,1,Line,BENDAVIS_8,WYLIESW,1,Line,direct_label
850529,60103448.0,Closed,Open,0.25,BADERSUB8,CSTROVILESB8,1,Line,CSTROVILESB8,BADERSUB8,1,Line,direct_label
850530,60103438.0,Closed,Open,0.25,BADERSUB8,PEARSONSW8,1,Line,PEARSONSW8,BADERSUB8,1,Line,direct_label
850655,60103108.0,Open,Closed,0.75,DOFFITP4A,STEWART4A,1,Line,STEWART4A,DOFFITP4A,1,Line,direct_label
850664,60103107.0,Open,Closed,0.75,DOFFITP4A,HILINESUB8,1,Line,HILINESUB8,DOFFITP4A,1,Line,direct_label
850702,60103880.0,Closed,Open,0.25,SNMIGUELTAP9,JARITACRKSB9,1,Line,JARITACRKSB9,SNMIGUELTAP9,1,Line,direct_label
850703,60103696.0,Closed,Open,0.25,JARITACRKSB9,NCALLIHAMSB9,1,Line,NCALLIHAMSB9,JARITACRKSB9,1,Line,direct_label
854128,60105369.0,Closed,Open,0.0,LONGDRW_138,LONGDRAW_138,1,Line,LONGDRW_138,LONGDRAW_138,1,Line,direct_label
854159,60105063.0,Open,Closed,1.0,RGLNG4A,POMPANO4A,1,Line,POMPANO4A,RGLNG4A,1,Line,direct_label
854160,60105064.0,Open,Closed,1.0,RGLNG4A,POMPANO4A,2,Line,RGLNG4A,POMPANO4A,2,Line,direct_label
854200,60001349.0,Open,Closed,1.0,WATMLL_W5,STAINBACK_5,10,Line,WATMLL_W5,STAINBACK_5,10,Line,direct_label
854213,60001350.0,Open,Closed,1.0,WATMLL_W5,STAINBACK_5,20,Line,WATMLL_W5,STAINBACK_5,20,Line,direct_label
854500,60103742.0,Open,Closed,1.0,LYNX_ESS_8,PRIMAVERA4A,1,Line,PRIMAVERA4A,LYNX_ESS_8,1,Line,direct_label
854597,60104576.0,Open,Closed,1.0,GIBSON_5,GRISTMILL_5,3,Line,GRISTMILL_5,GIBSON_5,3,Line,direct_label
854930,60103743.0,Open,Closed,1.0,LYNX_ESS_8,LYNX_ESS_B1,T1,Transformer,LYNX_ESS_B1,LYNX_ESS_8,T1,Transformer,direct_label
855535,60103577.0,Open,Closed,0.75,JUMANO1_8,RINGO,1,Line,RINGO,JUMANO1_8,1,Line,direct_label
855545,60103576.0,Open,Closed,0.75,SLGRLAKE_8,JUMANO1_8,5,Line,SLGRLAKE_8,JUMANO1_8,5,Line,direct_label
856311,60103973.0,Open,Closed,0.75,WATMLL_W5,WILMER_5,2,Line,WATMLL_W5,WILMER_5,2,Line,direct_label
856324,60103974.0,Open,Closed,0.75,WATMLL_W5,WILMER_5,4,Line,WATMLL_W5,WILMER_5,4,Line,direct_label
857439,60103461.0,Open,Closed,1.0,IBIS2A,SALTPRON2A,1,Line,IBIS2A,SALTPRON2A,1,Line,direct_label
858270,60103623.0,Open,Closed,0.5,BOOSTR36TP_8,JONCRK__B138,36,Line,JONCRK__B138,BOOSTR36TP_8,36,Line,direct_label
859628,60104282.0,Closed,Open,0.0,ORCHRD_S60A8,ORCHRD_S60B8,60,Line,ORCHRD_S60B8,ORCHRD_S60A8,60,Line,direct_label
860787,60104572.0,Open,Closed,1.0,CRAZYWATER_8,MINWLLSE1_8,3,Line,CRAZYWATER_8,MINWLLSE1_8,3,Line,direct_label
861118,60104593.0,Open,Closed,0.5,POLSER2_8,CRLTNFRK1_8,8,Line,POLSER2_8,CRLTNFRK1_8,8,Line,direct_label
861127,60104594.0,Open,Closed,0.5,POLSER2_8,AUSRNCH2_8,9,Line,POLSER2_8,AUSRNCH2_8,9,Line,direct_label
861653,60001825.0,Open,Closed,0.882,NAUTILUS_5,COMCHPKW_5,1,Line,NAUTILUS_5,COMCHPKW_5,1,Line,direct_label
861697,60104577.0,Closed,Open,0.0,NOTUS_5,NAVARRO,2,Line,NOTUS_5,NAVARRO,2,Line,direct_label
861743,60104575.0,Open,Closed,1.0,TNTNP_ONE_3,GRISTMILL_5,2,Line,GRISTMILL_5,TNTNP_ONE_3,2,Line,direct_label
861960,60104573.0,Open,Closed,1.0,NAVARRO,PATHFINDER_5,1,Line,NAVARRO,PATHFINDER_5,1,Line,direct_label
862486,60113052.0,Closed,Open,0.0,DRAK_ESS_8,DRAK_ESS_B1,T1,Transformer,DRAK_ESS_B1,DRAK_ESS_8,T1,Transformer,direct_label
862487,60113053.0,Closed,Open,0.0,DRAK_ESS_8,DRAK_ESS_B2,T2,Transformer,DRAK_ESS_B2,DRAK_ESS_8,T2,Transformer,direct_label
862663,60104574.0,Open,Closed,1.0,PATHFINDER_5,LIMEST_POI_5,1,Line,PATHFINDER_5,LIMEST_POI_5,1,Line,direct_label
863011,60104578.0,Open,Closed,1.0,STAINBACK_5,BIGONION_5,2,Line,BIGONION_5,STAINBACK_5,2,Line,direct_label
863024,60104579.0,Open,Closed,1.0,STAINBACK_5,ELROD_5,2,Line,ELROD_5,STAINBACK_5,2,Line,direct_label
863178,60104899.0,Open,Closed,1.0,CORE_SOUTH,JCHRSTL,1,Line,JCHRSTL,CORE_SOUTH,1,Line,direct_label
863179,60104898.0,Open,Closed,1.0,CORE_NORTH,JCHRSTL,1,Line,CORE_NORTH,JCHRSTL,1,Line,direct_label
863305,60105332.0,Closed,Open,0.0,NOTUS_5,OLDCNTRY_5,1,Line,OLDCNTRY_5,NOTUS_5,1,Line,direct_label
863575,60105062.0,Open,Closed,1.0,POMPATAP4B,POMPANO4A,BT,Line,POMPATAP4B,POMPANO4A,BT,Line,direct_label
863588,60104227.0,Open,Closed,0.75,FINCAS4A,GTWYETP4A,1,Line,FINCAS4A,GTWYETP4A,1,Line,direct_label
863589,60104228.0,Open,Closed,0.75,FINCAS4A,ST_NINO4A,1,Line,ST_NINO4A,FINCAS4A,1,Line,direct_label
863672,60104583.0,Open,Closed,0.6,TYRPRK_8,PARKROW1_8,5,Line,TYRPRK_8,PARKROW1_8,5,Line,direct_label
863673,60104584.0,Open,Closed,0.6,TYRPRK_8,POLY_AM1_8,6,Line,POLY_AM1_8,TYRPRK_8,6,Line,direct_label
864356,60113299.0,Closed,Open,0.0,BANGL4A,LEMAY4A,1,Line,LEMAY4A,BANGL4A,1,Line,direct_label
864696,60105301.0,Open,Closed,0.5,TRINPLAINS_8,TELICO,1,Line,TELICO,TRINPLAINS_8,1,Line,direct_label
864697,60104595.0,Open,Closed,0.5,OLYMPSW_8,TRINPLAINS_8,1,Line,OLYMPSW_8,TRINPLAINS_8,1,Line,direct_label
864698,60105298.0,Open,Closed,0.5,CHATFIELD,TRINPLAINS_8,1,Line,CHATFIELD,TRINPLAINS_8,1,Line,direct_label
864775,60104580.0,Open,Closed,1.0,CRGRNCH1_8,CHELSEA_8,12,Line,CRGRNCH1_8,CHELSEA_8,12,Line,direct_label
864776,60104581.0,Open,Closed,1.0,CHELSEA_8,RIDGEVW2_8,1,Line,CHELSEA_8,RIDGEVW2_8,1,Line,direct_label
864835,60104570.0,Open,Closed,1.0,RUGGDOAK_8,BRINKER_A8,14,Line,RUGGDOAK_8,BRINKER_A8,14,Line,direct_label
864836,60104571.0,Open,Closed,1.0,WHITEOAK_T,RUGGDOAK_8,15,Line,WHITEOAK_T,RUGGDOAK_8,15,Line,direct_label
866199,60113838.0,Closed,Open,0.0,WILMRPOD_8,WILMER1_8,2,Line,WILMRPOD_8,WILMER1_8,2,Line,direct_label
866209,60113837.0,Closed,Open,0.0,WILMRPOD_8,WILMER1_8,1,Line,WILMER1_8,WILMRPOD_8,1,Line,direct_label
866485,60105330.0,Open,Closed,0.5,BARRNDESRT_8,SU_GRADY,1,Line,SU_GRADY,BARRNDESRT_8,1,Line,direct_label
866495,60105331.0,Open,Closed,0.5,EXPANSE_8,BARRNDESRT_8,1,Line,EXPANSE_8,BARRNDESRT_8,1,Line,direct_label
866586,60114135.0,Open,Closed,1.0,RISINGSTAR,NIMROD,32,Line,NIMROD,RISINGSTAR,32,Line,direct_label
866706,60112893.0,Open,Closed,0.5,REITER_5,ODESEHV2_5,3,Line,REITER_5,ODESEHV2_5,3,Line,direct_label
866714,60112892.0,Open,Closed,0.5,MOSS_5,REITER_5,1,Line,REITER_5,MOSS_5,1,Line,direct_label
866715,60112895.0,Open,Closed,0.5,ODESEHV2_5,REITER_5,4,Line,ODESEHV2_5,REITER_5,4,Line,direct_label
866716,60112894.0,Open,Closed,0.5,REITER_5,WOLFSS_5,1,Line,REITER_5,WOLFSS_5,1,Line,direct_label
867352,60112900.0,Open,Closed,1.0,EMBAR_8,NELSON_8,1,Line,NELSON_8,EMBAR_8,1,Line,direct_label
867374,60000908.0,Open,Closed,0.882,POSSUMTROT_5,RAT_SNAKE_5,2,Line,POSSUMTROT_5,RAT_SNAKE_5,2,Line,direct_label
867763,60112873.0,Open,Closed,0.5,BRANSON_8,TEAL_8,1,Line,BRANSON_8,TEAL_8,1,Line,direct_label
867764,60112874.0,Open,Closed,0.5,BRANSON_8,TEAL_8,2,Line,TEAL_8,BRANSON_8,2,Line,direct_label
868243,60113834.0,Open,Closed,0.5,RINGLING_9,WAYLND,1,Line,WAYLND,RINGLING_9,1,Line,direct_label
868244,60113835.0,Open,Closed,0.5,MORTNVAL_9,RINGLING_9,1,Line,RINGLING_9,MORTNVAL_9,1,Line,direct_label
868374,60112877.0,Open,Closed,1.0,LAUNCHPAD_8,SPGVALLYP_8,13,Line,LAUNCHPAD_8,SPGVALLYP_8,13,Line,direct_label
868375,60112879.0,Open,Closed,1.0,LAUNCHPAD_8,MOORE_MI_8,1,Line,MOORE_MI_8,LAUNCHPAD_8,1,Line,direct_label
868376,60112878.0,Open,Closed,1.0,BEWLEY_8,LAUNCHPAD_8,5,Line,LAUNCHPAD_8,BEWLEY_8,5,Line,direct_label
868493,60112866.0,Open,Closed,0.5,MSQTWE1_8,HANBY_8,5,Line,HANBY_8,MSQTWE1_8,5,Line,direct_label
868511,60112926.0,Open,Closed,1.0,ATHENA_POI_8,WALLIS_S65_8,65,Line,ATHENA_POI_8,WALLIS_S65_8,65,Line,direct_label
868512,60112925.0,Open,Closed,1.0,ATHENA_POI_8,E_BERN__B138,65,Line,ATHENA_POI_8,E_BERN__B138,65,Line,direct_label
868822,60112888.0,Open,Closed,0.5,NOKOMIS2_8,TENMILE_8,10,Line,NOKOMIS2_8,TENMILE_8,10,Line,direct_label
868823,60112889.0,Open,Closed,0.5,NOKOMIS2_8,WATMLL_E8,11,Line,NOKOMIS2_8,WATMLL_E8,11,Line,direct_label
868824,60112890.0,Open,Closed,0.5,NOKOMIS1_8,TENMILE2_8,10,Line,NOKOMIS1_8,TENMILE2_8,10,Line,direct_label
868825,60112891.0,Open,Closed,0.5,NOKOMIS1_8,WATMLL_E8,11,Line,NOKOMIS1_8,WATMLL_E8,11,Line,direct_label
868936,60113844.0,Open,Closed,0.667,PLATEAUT_8,MCKENZIEDR_8,4,Line,PLATEAUT_8,MCKENZIEDR_8,4,Line,direct_label
868946,60113843.0,Open,Closed,0.667,PLATEAUT_8,TARZANSW_8,1,Line,PLATEAUT_8,TARZANSW_8,1,Line,direct_label
868955,60113840.0,Open,Closed,1.0,PLATEAUT_8,MCKENZIEDR_8,3,Line,PLATEAUT_8,MCKENZIEDR_8,3,Line,direct_label
868965,60113841.0,Open,Closed,1.0,PLATEAUT_8,TEXMABEE_8,1,Line,PLATEAUT_8,TEXMABEE_8,1,Line,direct_label
869041,60112901.0,Open,Closed,0.5,BELTON1_8,HARDIN_8,1,Line,BELTON1_8,HARDIN_8,1,Line,direct_label
869051,60112902.0,Open,Closed,0.5,HARDIN_8,TEMPLE_S1_8,1,Line,TEMPLE_S1_8,HARDIN_8,1,Line,direct_label
869102,60112859.0,Open,Closed,0.5,TIMBERLINE_8,PALSTNS_8,1,Line,PALSTNS_8,TIMBERLINE_8,1,Line,direct_label
869103,60112860.0,Open,Closed,0.5,LAKVWNODE_8,TIMBERLINE_8,3,Line,TIMBERLINE_8,LAKVWNODE_8,3,Line,direct_label
869299,60113965.0,Open,Closed,1.0,CST2_SLR_5,CST2_SLR_S1,T1,Transformer,CST2_SLR_S1,CST2_SLR_5,T1,Transformer,direct_label
869523,60000313.0,Open,Closed,0.5,TEMP_SS__8,TEMP_PEC__8,11,Line,TEMP_SS__8,TEMP_PEC__8,11,Line,direct_label
869749,60112871.0,Open,Closed,0.5,EXPANSE_8,LENORAH_8,2,Line,EXPANSE_8,LENORAH_8,2,Line,direct_label
869750,60112872.0,Open,Closed,1.0,MERRICK_T8,EXPANSE_8,2,Line,EXPANSE_8,MERRICK_T8,2,Line,direct_label
869923,60112856.0,Open,Closed,0.5,ROANOKE2T_8,EXCHANGE1_8,10,Line,EXCHANGE1_8,ROANOKE2T_8,10,Line,direct_label
870527,60114129.0,Open,Closed,1.0,PDRA_SLR_5,PDRA_SLR_S1,T1,Transformer,PDRA_SLR_S1,PDRA_SLR_5,T1,Transformer,direct_label
870528,60114130.0,Open,Closed,1.0,PDRA_SLR_5,PDRA_SLR_S2,T2,Transformer,PDRA_SLR_S2,PDRA_SLR_5,T2,Transformer,direct_label
871313,60114050.0,Closed,Open,0.0,GRND_SLR_5,GRND_SLR_SD,T1,Transformer,GRND_SLR_5,GRND_SLR_SD,T1,Transformer,direct_label
872141,60112867.0,Closed,Open,0.0,TNYELOWJKT1,BCNV2_ES_8,2,Line,TNYELOWJKT1,BCNV2_ES_8,2,Line,direct_label
872151,60112876.0,Open,Closed,0.5,HEALY_5,ERKA_SLR_5,1,Line,ERKA_SLR_5,HEALY_5,1,Line,direct_label
872153,60114468.0,Closed,Open,0.0,DUNLAYSB8,PEARSONSW8,1,Line,PEARSONSW8,DUNLAYSB8,1,Line,direct_label
873778,60114148.0,Open,Closed,1.0,RVN_8,RVN_B1,T1,Transformer,RVN_B1,RVN_8,T1,Transformer,direct_label
873787,60114163.0,Open,Closed,0.5,ODYSSEUS7A,ULYS_SLR_5,1,Line,ODYSSEUS7A,ULYS_SLR_5,1,Line,direct_label
873906,60114166.0,Open,Closed,0.5,ULYS_SLR_5,ULYS_SLR_S1,T1,Transformer,ULYS_SLR_S1,ULYS_SLR_5,T1,Transformer,direct_label
874553,60114553.0,Open,Closed,0.5,GUNR_BES_8,CLOSNER4A,1,Line,CLOSNER4A,GUNR_BES_8,1,Line,direct_label
874695,60114552.0,Open,Closed,0.5,GUNR_BES_8,GUNR_BES_B1,T1,Transformer,GUNR_BES_B1,GUNR_BES_8,T1,Transformer,direct_label
874711,60114363.0,Closed,Open,0.0,SAND_BLUFF,HONEY_WD_5,1,Line,HONEY_WD_5,SAND_BLUFF,1,Line,direct_label
875112,60114316.0,Open,Closed,0.5,PDRA_SLR_5,PATHFINDER_5,1,Line,PATHFINDER_5,PDRA_SLR_5,1,Line,direct_label
876198,60114615.0,Open,Closed,1.0,PRUITT_8,CELESTE_8,2,Line,CELESTE_8,PRUITT_8,2,Line,direct_label
877194,60114761.0,Open,Closed,1.0,ATHENA_POI_8,RVN_8,01,Line,ATHENA_POI_8,RVN_8,01,Line,direct_label
932,60000833.0,Open,Closed,1.0,BTSTARTA_9,DUCKCVT1_9,1,Line,BTSTARTA_9,DUCKCVTA_9,1,Line,direct_label
94970,60008517.0,Open,Closed,0.5,DELSOL7C,DELSOL7B,S1,Series Cap,DELSOL7B,DELSOL7C,S1,Line,direct_label
992,60000873.0,Closed,Open,0.1,GAINVL_E_T9,GAINVL1_T9,1,Line,GAINVL_E_T9,GAINVL_T9,1,Line,direct_label
998,60000876.0,Open,Closed,1.0,ST_JO_P9,MUENSTER_9,1,Line,MUENSTER_9,ST_JO_P9,1,Line,direct_label
