teid,old_branch_id,old_branch_name,old_op_eqcode,recommended_collapseid,new_branch_name,new_op_eqcode,confidence
70,60002127,6429_C,6429__C,60079044,6437_C,6437__C,probable_renamed_duplicate
162,60002718,890_B,890__B,60011504,895C,895_C,probable_renamed_duplicate
316,60002182,6475_F,6475__F,60011481,6513_A,6513__A,probable_renamed_duplicate
362,60005918,LONEWOLF,LONEWOLF_1,60011187,LONEWOLF_TLINE1,LONEWOLF_TLINE_1,probable_renamed_duplicate
423,60002704,870_A,870__A,60114829,685_B,685__B,probable_renamed_duplicate
450,60000367,13998T485,13998T485_1,60008713,904T4851,904T485_1,probable_renamed_duplicate
564,60007176,SHARPT_WYLE1,SHARPT_WYLE1_1_,60064538,SHARPT_WYLE11,SHARPT_WYLE1_1,probable_renamed_duplicate
580,60001568,459T459,459T459_1,60009568,R5_KENDL1,R5_KENDL_1,probable_renamed_duplicate
770,60000066,1060_C_OldTeid,1060__C_OldTeid,60092055,1085_C,1085__C,probable_renamed_duplicate
771,60000067,1060_D,1060__D,60092056,1085_D,1085__D,probable_renamed_duplicate
775,60000064,1060_A_OldTeid,1060__A_OldTeid,60092054,1085_B,1085__B,probable_renamed_duplicate
777,60000075,1060_L,1060__L,60092057,1085_E,1085__E,probable_renamed_duplicate
778,60000076,1060_M,1060__M,60092059,1085_G,1085__G,probable_renamed_duplicate
779,60000077,1060_N,1060__N,60092058,1085_F,1085__F,probable_renamed_duplicate
912,60000749,198T187,198T187_1,60009131,635T6351,635T635_1,probable_renamed_duplicate
966,60001345,359T543,359T543_1,60008106,359T5421,359T542_1,probable_renamed_duplicate
983,60000862,2200,2200__A,60093159,2210_A,2210__A,probable_renamed_duplicate
1056,60000149,11468T463,11468T463_1,60009723,993T6971,993T697_1,probable_renamed_duplicate
1107,60000714,18T128,18T128_1,60009654,672T6721,672T672_1,probable_renamed_duplicate
1216,60002742,921_A,921__A,60012122,922_A,922__A,probable_renamed_duplicate
1323,60000818,215_A,215__A,60110566,215,215__A,confirmed_exact_duplicate
1351,60007915,Y1_C4,Y1_C4_1,60009579,C4_Y11,C4_Y1_1,probable_renamed_duplicate
1508,60002075,6360_E_OldTeid,6360__E_OldTeid,60093161,6385_B,6385__B,probable_renamed_duplicate
1513,60002219,6510_H_OldTeid,6510__H_OldTeid,60011476,6512_D,6512__D,probable_renamed_duplicate
1589,60000074,1060_K,1060__K,60092050,1054_C,1054__C,probable_renamed_duplicate
1599,60002410,6780_B,6780_B_1,60009029,LONGWR_ROBY11,LONGWR_ROBY1_1,probable_renamed_duplicate
1613,60001212,3350_B,3350__B,60011918,3340_H,3340__H,probable_renamed_duplicate
1778,60001713,565_B_OldTeid,565__B_OldTeid,60011907,567_D,567__D,probable_renamed_duplicate
1780,60001871,6100_I,6100__I,60010860,6101_I,6101__I,probable_renamed_duplicate
1787,60001968,620_A,620__A,60094884,605_A,605__A,probable_renamed_duplicate
1978,60000673,1850_D,1850__D,60012131,1853_A,1853__A,probable_renamed_duplicate
2081,60002787,970_D,970__D,60113993,985_B,985__B,probable_renamed_duplicate
2104,60001744,583_A,583__A,60090606,595_A,595__A,probable_renamed_duplicate
2140,60001870,6100_H,6100__H,60010859,6101_H,6101__H,probable_renamed_duplicate
2221,60002643,810_A,810__A,60098946,825_B,825__B,probable_renamed_duplicate
2232,60001986,625_A,625__A,60095212,615_A,615__A,probable_renamed_duplicate
2244,60002009,6270_E,6270__E,60009200,6277_C,6277__C,probable_renamed_duplicate
2279,60000120,11093T485,11093T485_1,60008712,984T4851,984T485_1,probable_renamed_duplicate
2290,60006694,PHR_AT2L_H,PHR_AT2L_H,60111452,PHR_AT2_H,PHR_AT2_H,probable_renamed_duplicate
2373,60001213,3350_C,3350__C,60011906,3340_F,3340__F,probable_renamed_duplicate
2374,60001214,3350_D,3350__D,60011919,3340_G,3340__G,probable_renamed_duplicate
2429,60000987,247T1241,247T124_1,60110574,247T124,247T124_1,confirmed_exact_duplicate
2465,60002558,70T342,70T342_1,60011238,675T6751,675T675_1,probable_renamed_duplicate
2476,60004318,DKE_JAT,DKE_JAT_1,60009025,DKEC_JATN11,DKEC_JATN1_1,probable_renamed_duplicate
2477,60003927,CKT_9631_OldTeid,CKT_963_1_OldTeid,60112997,CKT_963OLD1,CKT_963OLD_1,probable_renamed_duplicate
2503,60003351,BL_HOC05A,BL_HOC05_A,60110581,BL_HOC05,BL_HOC05_A,confirmed_exact_duplicate
2532,60000579,168T208,168T208_1,60009686,700T7001,700T700_1,probable_renamed_duplicate
2538,60004736,FOR_FRD,FOR_FRD_1,60008657,943T3511,943T351_1,probable_renamed_duplicate
2556,60000189,121T397,121T397_1,60009682,658T6581,658T658_1,probable_renamed_duplicate
2605,60000691,186T170,186T170_1,60009690,667T6671,667T667_1,probable_renamed_duplicate
2668,60001501,404T455,404T455_1,60009911,664T6641,664T664_1,probable_renamed_duplicate
2677,60000669,184T232,184T232_1,60009140,652T6521,652T652_1,probable_renamed_duplicate
2727,60006818,Q3_AMD_SA,Q3_AMD_SA_1,60009563,Q3_W31,Q3_W3_1,probable_renamed_duplicate
2756,60000201,1230_D,1230__D,60114748,1375_B,1375__B,probable_renamed_duplicate
2757,60000202,1230_E,1230__E,60114760,1265_B,1265__B,probable_renamed_duplicate
2771,60000219,1240_K,1240__K,60012640,1245_A,1245__A,probable_renamed_duplicate
2772,60000220,1240_N,1240__N,60012688,1250_N,1250__N,probable_renamed_duplicate
2789,60000739,195T260,195T260_1,60009142,670T6701,670T670_1,probable_renamed_duplicate
2790,60000776,202T467,202T467_1,60009139,671T6711,671T671_1,probable_renamed_duplicate
2822,60005826,LHILL_WARBU_1B,LHILL_WARBU_1B_1,60009587,MEDIOC_WARBUR11,MEDIOC_WARBUR1_1,probable_renamed_duplicate
2839,60000173,1181T393,1181T393_1,60008649,994T3931,994T393_1,probable_renamed_duplicate
2840,60001040,274T155,274T155_1,60010920,702T7021,702T702_1,probable_renamed_duplicate
2904,60000417,1435T214,1435T214_1,60008700,924T2141,924T214_1,probable_renamed_duplicate
2962,60002258,6585,6585__A,60009486,ESKSW_TRNT11,ESKSW_TRNT1_1,probable_renamed_duplicate
2966,60000185,1210_A_OldTeid,1210__A_OldTeid,60012563,1215_A,1215__A,probable_renamed_duplicate
3021,60000958,239T281,239T281_1,60010917,9524_T214891,9524_T21489_1,probable_renamed_duplicate
3126,60001486,395_A,395_A_1,60092473,395_A_1,395_A__1,probable_renamed_duplicate
3160,60001507,40T1891,40T189_1,60107558,40T189,40T189_1,confirmed_exact_duplicate
3176,60000200,1230_C,1230__C,60114747,1375_A,1375__A,probable_renamed_duplicate
3195,60000459,1520_D,1520__D,60011530,1525_B,1525__B,probable_renamed_duplicate
3196,60000460,1520_E,1520__E,60011538,1525_C,1525__C,probable_renamed_duplicate
3232,60000810,210T574,210T574_1,60009144,649T6491,649T649_1,probable_renamed_duplicate
3274,60002724,89T2041,89T204_1,60110572,89T204,89T204_1,confirmed_exact_duplicate
3305,60006517,OLI_BEN11,OLI_BEN1_1,60110564,OLI_BEN1,OLI_BEN1_1,confirmed_exact_duplicate
3309,60007452,T4_V0_1,T4_V0_1_1,60010208,T4_V01,T4_V0_1,probable_renamed_duplicate
3338,60000299,133T479,133T479_1,60012189,1781T4791,1781T479_1,probable_renamed_duplicate
3354,60001277,346T463,346T463_1,60009724,346T6971,346T697_1,probable_renamed_duplicate
3358,60006283,MV_MV_6,MV_MV_6_1,60008029,MCOOK1_MCOOK21,MCOOK1_MCOOK2_1,probable_renamed_duplicate
3359,60000462,152T176,152T176_1,60011557,715T7141,715T714_1,probable_renamed_duplicate
3366,60000654,181T274,181T274_1,60009688,696T6961,696T696_1,probable_renamed_duplicate
3391,60006306,N5_P4,N5_P4_1,60009584,N5_P4_11,N5_P4_1_1,probable_renamed_duplicate
3402,60000513,160T216,160T216_1,60011559,698T6981,698T698_1,probable_renamed_duplicate
3413,60006644,PC1TIE,PC1TIE_1,60010142,PC1_TIE1,PC1_TIE_1,probable_renamed_duplicate
3440,60000759,2000T159,2000T159_1,60008704,927T1591,927T159_1,probable_renamed_duplicate
3446,60002802,995_A,995__A,60110567,995,995__A,confirmed_exact_duplicate
3471,60003019,AM_HOC26A,AM_HOC26_A,60110582,AM_HOC26,AM_HOC26_A,confirmed_exact_duplicate
3497,60000256,128T157,128T157_1,60012175,128T7011,128T701_1,probable_renamed_duplicate
3540,60006198,MILITA_OLMITO11,MILITA_OLMITO1_1,60110577,MILITA_OLMITO1,MILITA_OLMITO1_1,confirmed_exact_duplicate
3569,60000252,127T157,127T157_1,60012174,701T7011,701T701_1,probable_renamed_duplicate
3572,60002896,ADERHO_DUKE1,ADERHO_DUKE1_1,60009007,ADERHO_HEC11,ADERHO_HEC1_1,probable_renamed_duplicate
3596,60004663,F3_E0,F3_E0_1,60009580,E0_F31,E0_F3_1,probable_renamed_duplicate
3632,60006196,MILIT21,MILIT2_1,60110570,MILIT2,MILIT2_1,confirmed_exact_duplicate
3703,60001085,3051,3051_1,60008025,WESLCO_HIDLBRG1,WESLCO_HIDLBRG_1,probable_renamed_duplicate
3705,60001007,256_A,256_A_1,60092468,256_A_1,256_A__1,probable_renamed_duplicate
3739,60007027,S103,S103_1,60008661,BURNS_HEIDLBRG1,BURNS_HEIDLBRG_1,probable_renamed_duplicate
3773,60001834,6085_D,6085_D_1,60092474,6085_D_1,6085_D__1,probable_renamed_duplicate
3782,60005566,JOURDN_PLEASA1,JOURDN_PLEASA1_1,60009160,JOURDN_PLEASN11,JOURDN_PLEASN1_1,probable_renamed_duplicate
3784,60006570,P4_T5,P4_T5_1,60009578,P4_T5_11,P4_T5_1_1,probable_renamed_duplicate
3821,60001046,27T187,27T187_1,60009130,27T6351,27T635_1,probable_renamed_duplicate
3947,60007911,X2_D1,X2_D1_1,60009569,D1_X21,D1_X2_1,probable_renamed_duplicate
3961,60000030,102T375,102T375_1,60011555,699T6991,699T699_1,probable_renamed_duplicate
3970,60002360,66T121,66T121_1,60009679,662T6621,662T662_1,probable_renamed_duplicate
4012,60007437,T249,T249_G1,60010249,8007T8007G1,8007T8007_G1,probable_renamed_duplicate
4014,60004447,DUKE_NEDIN1,DUKE_NEDIN1_1,60009168,HEC_NEDIN11,HEC_NEDIN1_1,probable_renamed_duplicate
4024,60007028,S104A,S104A_1,60008662,BURNS_RIOHONDO1,BURNS_RIOHONDO_1,probable_renamed_duplicate
4025,60004245,DCT_OKL,DCT_OKL_1,60009597,DCTM_OKLA11,DCTM_OKLA1_1,probable_renamed_duplicate
4026,60000965,240T281,240T281_1,60010918,9525_T215011,9525_T21501_1,probable_renamed_duplicate
4068,60005861,LKW_WHIT,LKW_WHIT_1,60094859,69_LWH_WHT,69_LWH_WHT_1,probable_renamed_duplicate
4085,60000643,17T109,17T109_1,60011958,711T7151,711T715_1,probable_renamed_duplicate
4122,60009270,BIT_SWWND3,BIT_SWWND3_G1,60017558,BIT_SWWND31,BIT_SWWND3_1,probable_renamed_duplicate
4194,60005309,HIC_HICO,HIC_HICO_1,60093143,69_IRD_HICO,69_IRD_HICO_1,probable_renamed_duplicate
4237,60001841,608T6081,608T608_1,60079034,196T3671,196T367_1,probable_renamed_duplicate
4245,60001497,402T490,402T490_1,60095270,722T782,722T782_1,probable_renamed_duplicate
4289,60005321,HIL_MAR,HIL_MAR_1,60008654,HILL_MAR_11,HILL_MAR_1_1,probable_renamed_duplicate
4293,60005512,JATN_SPUR_1C,JATN_SPUR_1C_1,60009024,DKEC_GIRA_T11,DKEC_GIRA_T1_1,probable_renamed_duplicate
4321,60007392,STPELM271,STPELM27_1,60110569,STPELM27,STPELM27_1,confirmed_exact_duplicate
4335,60003353,BL_MILIT_BLT1,BL_MILIT_BLT_1,60110578,BL_MILIT_BLT,BL_MILIT_BLT_1,confirmed_exact_duplicate
4341,60000642,179T170,179T170_1,60009687,179T6671,179T667_1,probable_renamed_duplicate
4414,60000315,136T145,136T145_1,60012176,136T7491,136T749_1,probable_renamed_duplicate
4518,60004660,F1_11,F1_11_1,60008404,F2_111,F2_11_1,probable_renamed_duplicate
4538,60007030,S106,S106_1,60008664,HWY511_COFEPRT1,HWY511_COFEPRT_1,probable_renamed_duplicate
4550,60000582,16T128,16T128_1,60009653,16T6721,16T672_1,probable_renamed_duplicate
4567,60000366,1391_J1,1391_J_1,60110563,1391_J,1391_J_1,confirmed_exact_duplicate
4575,60001575,466T4661,466T466_1,60110585,466T466,466T466_1,confirmed_exact_duplicate
4606,60001615,506T506,506T506_1,60009586,R0_FAIR1,R0_FAIR_1,probable_renamed_duplicate
4635,60001062,2930T548,2930T548_1,60009152,828T5481,828T548_1,probable_renamed_duplicate
4664,60001502,405T456,405T456_1,60009905,665T6651,665T665_1,probable_renamed_duplicate
4694,60000102,10712T489,10712T489_1,60008632,934T4891,934T489_1,probable_renamed_duplicate
4838,60004284,DH_FR_81A,DH_FR_81_A,60110580,DH_FR_81,DH_FR_81_A,confirmed_exact_duplicate
4875,60006843,R4_B2,R4_B2_1,60009567,B2_R41,B2_R4_1,probable_renamed_duplicate
4929,60001188,328T442,328T442_1,60008368,612T6121,612T612_1,probable_renamed_duplicate
4953,60007031,S3_F0,S3_F0_1,60009571,F0_S31,F0_S3_1,probable_renamed_duplicate
4955,60006478,OCB_275,OCB_275_1,60008663,HWY511_SCARBID1,HWY511_SCARBID_1,probable_renamed_duplicate
4962,60002720,890_D,890__D,60011505,895_D,895__D,probable_renamed_duplicate
4977,60004662,F2_F1,F2_F1_1,60009576,F1_F21,F1_F2_1,probable_renamed_duplicate
4987,60000439,149T373,149T373_1,60012178,704T7041,704T704_1,probable_renamed_duplicate
5017,60005493,J0_D5,J0_D5_1,60009581,D5_J01,D5_J0_1,probable_renamed_duplicate
5071,60006022,M3_G2,M3_G2_1,60009577,G2_M31,G2_M3_1,probable_renamed_duplicate
5105,60001513,411_OldTeid,411__A_OldTeid,60098079,411_A,411__A,probable_renamed_duplicate
5202,60001292,34T2671,34T267_1,60110571,34T267,34T267_1,confirmed_exact_duplicate
5247,60002730,90T3341,90T334_1,60110573,90T334,90T334_1,confirmed_exact_duplicate
5269,60002722,890_G,890_G_1,60092475,890_G_1,890_G__1,probable_renamed_duplicate
5308,60007430,SWIN_PRUITT1,SWIN_PRUITT_1,60110562,SWIN_PRUITT,SWIN_PRUITT_1,confirmed_exact_duplicate
5313,60009169,HEC_NEDIN21,HEC_NEDIN2_1,60108220,HEC_NEDIN2,HEC_NEDIN2_1,confirmed_exact_duplicate
5332,60003413,BNM_BON,BNM_BON_1,60011503,890_E,890__E,probable_renamed_duplicate
5335,60001686,549T549,549T549_1,60009585,O9_WILSN1,O9_WILSN_1,probable_renamed_duplicate
5346,60001523,41T196,41T196_1,60009132,654T6541,654T654_1,probable_renamed_duplicate
5359,60000181,119T153,119T153_1,60000468,153T1531,153T153_1,probable_renamed_duplicate
5374,60000121,110T109,110T109_1,60011957,717T7151,717T715_1,probable_renamed_duplicate
5501,60089151,16010,16010_A,60092467,16010_A,16010__A,probable_renamed_duplicate
5501,60007978,MDKSW_PEMKIFF,MDKSW_PEMKIFF_1,60092467,16010_A,16010__A,probable_renamed_duplicate
6562,60066064,SNOOK_XFMR052L,SNOOK_XFMR052L,60111378,SNOOK_XFMR052H,SNOOK_XFMR052H,probable_renamed_duplicate
11930,60005235,HAS_HASSE29,HAS_HASSE29,60037263,HAS_HAS2_L,HAS_HAS2_L,probable_renamed_duplicate
16175,60047046,LWSSW_AXFMR11,LWSSW_AXFMR11,60111387,LWSSW_AXFMR12,LWSSW_AXFMR12,probable_renamed_duplicate
18718,60025429,COTULAS_LOW,COTULAS_LOW,60110952,COTULAS_HIGH,COTULAS_HIGH,probable_renamed_duplicate
18935,60006823,QALSW_11T701H,QALSW_11T701H,60112122,QALSW_11H,QALSW_11H,probable_renamed_duplicate
21711,60045805,LON_HILL_69A1_H,LON_HILL_69A1_H,60111096,LON_HILL_69A1_L,LON_HILL_69A1_L,probable_renamed_duplicate
22249,60010003,LON_HILL_69A2_L,LON_HILL_69A2_L,60045806,LON_HILL_69A2_H,LON_HILL_69A2_H,probable_renamed_duplicate
23747,60000401,14190T477,14190T477_1,60008721,906T4771,906T477_1,probable_renamed_duplicate
24107,60070377,TORDILLO_LOW,TORDILLO_LOW,60110942,TORDILLO_HIGH,TORDILLO_HIGH,probable_renamed_duplicate
27438,60006826,QALSW_13T701H,QALSW_13T701H,60112123,QALSW_13H,QALSW_13H,probable_renamed_duplicate
30128,60004079,COTTON_CW-T3,COTTON_CW-T3,60112567,COTTON_T3,COTTON_T3,probable_renamed_duplicate
30267,60004080,COTTON_CW-T4,COTTON_CW-T4,60112568,COTTON_T4,COTTON_T4,probable_renamed_duplicate
33736,60021141,CAGNON_MR2L,CAGNON_MR2L,60110898,CAGNON_MR2H,CAGNON_MR2H,probable_renamed_duplicate
38564,60003190,BANDER_AT3_H,BANDER_AT3_H,60079882,BANDER_AT3_L,BANDER_AT3_L,probable_renamed_duplicate
38564,60008822,BANDER_AT3H,BANDER_AT3H,60079882,BANDER_AT3_L,BANDER_AT3_L,probable_renamed_duplicate
38564,60016140,BANDER_AT3L,BANDER_AT3L,60079882,BANDER_AT3_L,BANDER_AT3_L,probable_renamed_duplicate
41077,60004350,DOW_DOW_A3S,DOW_DOW_A3S,60111766,DOW_A3S,DOW_A3S,probable_renamed_duplicate
41080,60004353,DOW_DOW_A4S,DOW_DOW_A4S,60111773,DOW_A4S,DOW_A4S,probable_renamed_duplicate
41231,60081647,DOWGEN_LDXF760,DOWGEN_LDXF760,60111756,DOWGEN_XF760,DOWGEN_XF760,probable_renamed_duplicate
42360,60006829,QALSW_15T701H,QALSW_15T701H,60112125,QALSW_15H,QALSW_15H,probable_renamed_duplicate
43247,60005516,JCKCNTY2_UNIT3_XFMR,JCKCNTY2_UNIT3_XFMR,60110616,JCKCNTY2_U3XF,JCKCNTY2_U3XF,probable_renamed_duplicate
43340,60005611,KEO_XFMR_SM2_H,KEO_XFMR_SM2_H,60112128,KEO_T2,KEO_T2,probable_renamed_duplicate
44519,60002639,805T543,805T543_1,60008146,805T5421,805T542_1,probable_renamed_duplicate
49843,60004093,COYOTE_LUTHER1,COYOTE_LUTHER_1,60112875,17020_A,17020__A,probable_renamed_duplicate
53948,60062065,RUSTHILL_T1_L,RUSTHILL_T1_L,60111669,RUSTHILL_T1_H,RUSTHILL_T1_H,probable_renamed_duplicate
56912,60004369,DOW02A1,DOW02A_1,60081640,DOW021,DOW02_1,probable_renamed_duplicate
57711,60017207,BEVO_LOW,BEVO_LOW,60110951,BEVO_HIGH,BEVO_HIGH,probable_renamed_duplicate
58390,60045407,LOBO_3_345_138_L,LOBO_3_345_138_L,60111713,LOBO_3_345_138_H,LOBO_3_345_138_H,probable_renamed_duplicate
61256,60084880,NCARBIDE_XF-121,NCARBIDE_XF-121,60111786,NCARBIDE_X121,NCARBIDE_X121,probable_renamed_duplicate
65543,60004956,GARFIELD_AT2_H,GARFIELD_AT2_H,60034119,GARFIELD_AT2_L,GARFIELD_AT2_L,probable_renamed_duplicate
69336,60022549,CEDRHILL_T1_L,CEDRHILL_T1_L,60110989,CEDRHILL_T1_H,CEDRHILL_T1_H,probable_renamed_duplicate
69860,60002994,ALMC_138_69T2_H,ALMC_138_69T2_H,60014096,ALMC_138_69T2_L,ALMC_138_69T2_L,probable_renamed_duplicate
71379,60054435,OLEANDER_138_69_AUTO_L,OLEANDER_138_69_AUTO_L,60111701,OLEANDER_138_69_AUTO_H,OLEANDER_138_69_AUTO_H,probable_renamed_duplicate
73311,60003260,BELLSN_RC138kV,BELLSN_RC138kV_1,60016872,BELLSN_RC138KV1,BELLSN_RC138KV_1,confirmed_exact_duplicate
74256,60006831,QALSW_16T701H,QALSW_16T701H,60112124,QALSW_16H,QALSW_16H,probable_renamed_duplicate
75808,60007402,STV_XFMR29,STV_XFMR29,60067691,STV_XFMR28,STV_XFMR28,probable_renamed_duplicate
79945,60029454,EASTMUND_T1_L,EASTMUND_T1_L,60110970,EASTMUND_T1_H,EASTMUND_T1_H,probable_renamed_duplicate
81773,60008270,NIXON_ATH,NIXON_ATH,60052616,NIXON_ATL,NIXON_ATL,probable_renamed_duplicate
82196,60006907,REDFISH_MV1_T1,REDFISH_MV1_T1,60112575,REDFISH_MVT1,REDFISH_MVT1,probable_renamed_duplicate
82355,60008381,1055_O,1055__O,60092052,1075_B,1075__B,probable_renamed_duplicate
83880,60006675,PENA3_PENASCALXFMR3,PENA3_PENASCALXFMR3,60112564,PENA3_FMR3,PENA3_FMR3,probable_renamed_duplicate
84411,60006252,MOZART_T1_H,MOZART_T1_H,60112264,MOZART_T1,MOZART_T1,probable_renamed_duplicate
86577,60006533,OLN_XFMR22,OLN_XFMR22,60054627,OLN_XFMR21,OLN_XFMR21,probable_renamed_duplicate
87861,60008102,BRINKR_RC138kV,BRINKR_RC138kV_1,60019490,BRINKR_RC138KV1,BRINKR_RC138KV_1,confirmed_exact_duplicate
90864,60008279,FM524_FMF524FMF1_A,FM524_FMF524FMF1_A,60032560,FM524_FMF524FMF1_B,FM524_FMF524FMF1_B,probable_renamed_duplicate
92293,60030928,ESKSW_AXFMR2L,ESKSW_AXFMR2L,60110703,ESKSW_AXFMR2H,ESKSW_AXFMR2H,probable_renamed_duplicate
95763,60004042,COMRC_AXFMR1H,COMRC_AXFMR1H,60004043,COMRC_AXFMR1L,COMRC_AXFMR1L,probable_renamed_duplicate
97895,60063376,SASASW_ATL,SASASW_ATL,60111019,SASASW_ATH,SASASW_ATH,probable_renamed_duplicate
97913,60068821,TELPH_RD_TPR7TR1L,TELPH_RD_TPR7TR1L,60111322,TELPH_RD_TPR7TR1H,TELPH_RD_TPR7TR1H,probable_renamed_duplicate
98521,60001641,52T268,52T268_1,60009280,651T6511,651T651_1,probable_renamed_duplicate
100188,60074821,WINK_WINKAT2,WINK_WINKAT2,60111397,WINK_WINKAT2B,WINK_WINKAT2B,probable_renamed_duplicate
101307,60006344,NCARBIDE_138_69A1_H,NCARBIDE_138_69A1_H,60052039,NCARBIDE_138_69A1_L,NCARBIDE_138_69A1_L,probable_renamed_duplicate
102869,60006057,MASOCT_AT2_H,MASOCT_AT2_H,60084276,MASOCT_AT2_L,MASOCT_AT2_L,probable_renamed_duplicate
103776,60088884,15035,15035_A,60089993,15035_A,15035__A,probable_renamed_duplicate
103776,60008509,PRONGHRN_SALTF,PRONGHRN_SALTF_1,60089993,15035_A,15035__A,probable_renamed_duplicate
108985,60007513,THOMASTN_SR,THOMASTN_SR,60069205,THOMASTN_LD,THOMASTN_LD,probable_renamed_duplicate
109333,60004637,EXGNWTL_T1H,EXGNWTL_T1H,60112578,EXGNWTL_T1,EXGNWTL_T1,probable_renamed_duplicate
125352,60006345,NCARBIDE_138_69A2_H,NCARBIDE_138_69A2_H,60052040,NCARBIDE_138_69A2_L,NCARBIDE_138_69A2_L,probable_renamed_duplicate
133566,60064745,SHILOH_LOWSIDE,SHILOH_LOWSIDE,60110637,SHILOH_HIGHSIDE,SHILOH_HIGHSIDE,probable_renamed_duplicate
185308,60005044,GILA_HIWAY_2,GILA_HIWAY_2_1,60034982,GILA_HIWAY_22,GILA_HIWAY_2_2,probable_renamed_duplicate
186600,60010965,SLPOD_RINGO,SLPOD_RINGO_1,60091191,16030_B,16030__B,probable_renamed_duplicate
186677,60008513,RINGO_STILES,RINGO_STILES_1,60091193,16035_A,16035__A,probable_renamed_duplicate
190009,60007831,WHTNY_XFMRT2,WHTNY_XFMRT2,60074327,WHTNY_XFMRT1,WHTNY_XFMRT1,probable_renamed_duplicate
190009,60011729,WHTNY_XFMRT1_L,WHTNY_XFMRT1_L,60074327,WHTNY_XFMRT1,WHTNY_XFMRT1,probable_renamed_duplicate
207862,60082194,FORCFB_TR-1001,FORCFB_TR-1001,60111811,FORMOSA_1001,FORMOSA_1001,probable_renamed_duplicate
207881,60082195,FORCFB_TR-1002,FORCFB_TR-1002,60111813,FORMOSA_1002,FORMOSA_1002,probable_renamed_duplicate
207889,60082196,FORCFB_TR-2001,FORCFB_TR-2001,60111810,FORMOSA_2001,FORMOSA_2001,probable_renamed_duplicate
207908,60082197,FORCFB_TR-2002,FORCFB_TR-2002,60111812,FORMOSA_2002,FORMOSA_2002,probable_renamed_duplicate
217805,60006908,REDFISH_MV1_T2,REDFISH_MV1_T2,60112574,REDFISH_MVT2,REDFISH_MVT2,probable_renamed_duplicate
220900,60006321,NAV_WSHACK_A,NAV_WSHACK__A,60012332,NAV_ASPIR_A,NAV_ASPIR__A,probable_renamed_duplicate
223507,60008265,PALMITO_PLM7TR1H,PALMITO_PLM7TR1H,60055300,PALMITO_PLM7TR1,PALMITO_PLM7TR1,probable_renamed_duplicate
223983,60071780,UVALDE_T1_L,UVALDE_T1_L,60111072,UVALDE_T1_H,UVALDE_T1_H,probable_renamed_duplicate
225795,60008577,EINSTEIN_ENS7TR1H,EINSTEIN_ENS7TR1H,60029972,EINSTEIN_ENS7TR1,EINSTEIN_ENS7TR1,probable_renamed_duplicate
226170,60003047,ANACACHO_ANA_T1,ANACACHO_ANA_T1,60112796,ANACACHO_T1,ANACACHO_T1,probable_renamed_duplicate
227602,60007611,TRINITY_T1_H,TRINITY_T1_H,60112417,TRINITY_T1,TRINITY_T1,probable_renamed_duplicate
228551,60007612,TRINITY_T2_H,TRINITY_T2_H,60112416,TRINITY_T2,TRINITY_T2,probable_renamed_duplicate
245811,60047646,MAGRUDER_138_69_1_L,MAGRUDER_138_69_1_L,60091390,MAGRUDER_138_69_3_L,MAGRUDER_138_69_3_L,probable_renamed_duplicate
245811,60091389,MAGRUDER_138_69_3_H,MAGRUDER_138_69_3_H,60091390,MAGRUDER_138_69_3_L,MAGRUDER_138_69_3_L,probable_renamed_duplicate
245811,60006031,MAGRUDER_138_69_1_H,MAGRUDER_138_69_1_H,60091390,MAGRUDER_138_69_3_L,MAGRUDER_138_69_3_L,probable_renamed_duplicate
255036,60039915,ILLN_138_69_AUTO1_L,ILLN_138_69_AUTO1_L,60110998,ILLN_138_69_AUTO1_H,ILLN_138_69_AUTO1_H,probable_renamed_duplicate
256181,60008269,DEERCR_ATH,DEERCR_ATH,60027706,DEERCR_ATL,DEERCR_ATL,probable_renamed_duplicate
257871,60047274,LYTLE2_138_69_1_L,LYTLE2_138_69_1_L,60111104,LYTLE2_138_69_1_H,LYTLE2_138_69_1_H,probable_renamed_duplicate
273492,60003818,CHOATE_HIGH,CHOATE_HIGH,60023299,CHOATE_LOW,CHOATE_LOW,probable_renamed_duplicate
274394,60013501,AEEC_0003_L,AEEC_0003_L,60112305,AEEC_0003,AEEC_0003,probable_renamed_duplicate
277295,60009159,COYCTP_PLEASN1,COYCTP_PLEASN1_1,60094241,COYCTP_PLEASN0,COYCTP_PLEASN0_1,probable_renamed_duplicate
277336,60006481,OCI_ALM1_MPXH,OCI_ALM1_MPXH,60112699,OCI_ALM1_MPX,OCI_ALM1_MPX,probable_renamed_duplicate
278956,60006641,PC_SOUTH_PC2_T1,PC_SOUTH_PC2_T1,60112131,PC_SOUTH_P2T1,PC_SOUTH_P2T1,probable_renamed_duplicate
278963,60007791,WEC_WECXFMR1,WEC_WECXFMR1,60112261,WEC_XFMR,WEC_XFMR,probable_renamed_duplicate
278980,60057168,PLVSW_AXFMR1-L,PLVSW_AXFMR1-L,60110713,PLVSW_AXFMR1-H,PLVSW_AXFMR1-H,probable_renamed_duplicate
278981,60006640,PC_NORTH_PC1_T1,PC_NORTH_PC1_T1,60112127,PC_NORTH_P1T1,PC_NORTH_P1T1,probable_renamed_duplicate
278985,60004681,FALFUR_138_69A1,FALFUR_138_69A1,60031649,FALFUR_138_69A1_H,FALFUR_138_69A1_H,probable_renamed_duplicate
278985,60010010,FALFUR_138_69A1_L,FALFUR_138_69A1_L,60031649,FALFUR_138_69A1_H,FALFUR_138_69A1_H,probable_renamed_duplicate
278990,60003543,BUFF_GAP_UXFMR1,BUFF_GAP_UXFMR1,60112770,BUFF_GAP_FMR1,BUFF_GAP_FMR1,probable_renamed_duplicate
278991,60007211,SILASRAY_GSU-10,SILASRAY_GSU-10,60111644,SILASRAY_SGT1,SILASRAY_SGT1,probable_renamed_duplicate
278992,60003131,AUSTPL_AUSGSUT1,AUSTPL_AUSGSUT1,60112665,AUSTPL_GSU1,AUSTPL_GSU1,probable_renamed_duplicate
278998,60006657,PEARSALL_138_69_4,PEARSALL_138_69_4,60115059,PEARSALL_138_69_4_L,PEARSALL_138_69_4_L,probable_renamed_duplicate
279001,60005908,LON_HILL_345_1381H,LON_HILL_345_1381H,60010005,LON_HILL_345_1381H_H,LON_HILL_345_1381H_H,probable_renamed_duplicate
279013,60007713,VERS_138_69_1,VERS_138_69_1,60072245,VERS_138_69_1_H,VERS_138_69_1_H,probable_renamed_duplicate
279013,60009966,VERS_138_69_1_L,VERS_138_69_1_L,60072245,VERS_138_69_1_H,VERS_138_69_1_H,probable_renamed_duplicate
279022,60081729,DUPV1_COGEN_STEPUP,DUPV1_COGEN_STEPUP,60111838,DUPV1_GSU1,DUPV1_GSU1,probable_renamed_duplicate
279038,60005234,HAS_HASSE19,HAS_HASSE19,60037262,HAS_HAS1_L,HAS_HAS1_L,probable_renamed_duplicate
279039,60004298,DIESEL_GSUXFMR1,DIESEL_GSUXFMR1,60010358,DIESEL_FMR1,DIESEL_FMR1,probable_renamed_duplicate
279044,60087339,SJS_SJSXT1_,SJS_SJSXT1_,60111815,SJS_XT1,SJS_XT1,probable_renamed_duplicate
279046,60009299,LENSW_AXFMR2L,LENSW_AXFMR2L,60044288,LENSW_AXFMR2H,LENSW_AXFMR2H,probable_renamed_duplicate
279047,60030287,ELMOT_AXFMR1H,ELMOT_AXFMR1H,60110859,ELMOT_AXFMR1L,ELMOT_AXFMR1L,probable_renamed_duplicate
279052,60007586,TNP_ONE_TNP1GSU1,TNP_ONE_TNP1GSU1,60111407,TNP_ONE_GSU1,TNP_ONE_GSU1,probable_renamed_duplicate
279053,60007725,VISTRON_NB-9302A,VISTRON_NB-9302A,60010447,VISTRON_T1,VISTRON_T1,probable_renamed_duplicate
279054,60004224,DANSBY_138_69_2_L,DANSBY_138_69_2_L,60027359,DANSBY_138_69_2,DANSBY_138_69_2,probable_renamed_duplicate
279059,60007620,TRSES_AXFMR4H,TRSES_AXFMR4H,60011048,TRSES_AXFMR4H_2,TRSES_AXFMR4H_2,probable_renamed_duplicate
279063,60057140,PLSTN_AXFMR3-H,PLSTN_AXFMR3-H,60110844,PLSTN_AXFMR3-L,PLSTN_AXFMR3-L,probable_renamed_duplicate
279072,60004128,CRKET_AXFMR2L,CRKET_AXFMR2L,60009958,CRKET_AXFMR2L1,CRKET_AXFMR2L1,probable_renamed_duplicate
279073,60004127,CRKET_AXFMR2H,CRKET_AXFMR2H,60009959,CRKET_AXFMR2H1,CRKET_AXFMR2H1,probable_renamed_duplicate
279084,60006354,NCDSE_AXFMR1L,NCDSE_AXFMR1L,60009957,NCDSE_AXFMR1L_1,NCDSE_AXFMR1L_1,probable_renamed_duplicate
279092,60006222,MLSES_UXFMR1,MLSES_UXFMR1,60110817,MLSES_FMR1,MLSES_FMR1,probable_renamed_duplicate
279120,60005229,HARLNSW_138_69A1H,HARLNSW_138_69A1H,60037075,HARLNSW_138_69A1H_H,HARLNSW_138_69A1H_H,probable_renamed_duplicate
279120,60009996,HARLNSW_138_69A1H_L,HARLNSW_138_69A1H_L,60037075,HARLNSW_138_69A1H_H,HARLNSW_138_69A1H_H,probable_renamed_duplicate
279122,60007801,WESTYA_XFMR1,WESTYA_XFMR1,60073867,WESTYA_XFMR1_H,WESTYA_XFMR1_H,probable_renamed_duplicate
279122,60010042,WESTYA_XFMR1_L,WESTYA_XFMR1_L,60073867,WESTYA_XFMR1_H,WESTYA_XFMR1_H,probable_renamed_duplicate
279133,60007565,TKWSW1_ROS_T1,TKWSW1_ROS_T1,60112786,TKWSW1_T1,TKWSW1_T1,probable_renamed_duplicate
279155,60033726,FTLN_138_69T1_H,FTLN_138_69T1_H,60110999,FTLN_138_69T1_L,FTLN_138_69T1_L,probable_renamed_duplicate
279155,60004848,FTLN_138_69T1,FTLN_138_69T1,60110999,FTLN_138_69T1_L,FTLN_138_69T1_L,probable_renamed_duplicate
279158,60003654,CAPRIDG4_WCR4-T1,CAPRIDG4_WCR4-T1,60021583,CAPRIDG4_T1,CAPRIDG4_T1,probable_renamed_duplicate
279161,60003656,CAPRIDGE_WCR1-T1,CAPRIDGE_WCR1-T1,60112779,CAPRIDGE_R1T1,CAPRIDGE_R1T1,probable_renamed_duplicate
279164,60007876,WOODWRD1_XF_H,WOODWRD1_XF_H,60112106,WOODWRD1_XF,WOODWRD1_XF,probable_renamed_duplicate
279167,60007116,SC_AT1L_H,SC_AT1L_H,60111441,SC_AT1_H,SC_AT1_H,probable_renamed_duplicate
279168,60087683,SWEETWN3_XFMRT1,SWEETWN3_XFMRT1,60112756,SWEETWN3_XF32,SWEETWN3_XF32,probable_renamed_duplicate
279169,60005632,KING_SW_XFMR_H,KING_SW_XFMR_H,60112108,KING_SW_XFMR,KING_SW_XFMR,probable_renamed_duplicate
279173,60017412,BIGLAKE_XFMR_E1_H,BIGLAKE_XFMR_E1_H,60110994,BIGLAKE_XFMR_E1_L,BIGLAKE_XFMR_E1_L,probable_renamed_duplicate
279176,60032144,FIREROCK_138_PS_L,FIREROCK_138_PS_L,60110988,FIREROCK_138_PS_H,FIREROCK_138_PS_H,probable_renamed_duplicate
279179,60004859,FTST_138_69T1,FTST_138_69T1,60033802,FTST_138_69T1_H,FTST_138_69T1_H,probable_renamed_duplicate
279179,60009981,FTST_138_69T1_L,FTST_138_69T1_L,60033802,FTST_138_69T1_H,FTST_138_69T1_H,probable_renamed_duplicate
279180,60074819,WINK_KAT1_L,WINK_KAT1_L,60111398,WINK_KAT1,WINK_KAT1,probable_renamed_duplicate
279180,60007838,WINK_WINKAT1,WINK_WINKAT1,60111398,WINK_KAT1,WINK_KAT1,probable_renamed_duplicate
279187,60025851,CRAN_XFMR1_H,CRAN_XFMR1_H,60111000,CRAN_XFMR1_L,CRAN_XFMR1_L,probable_renamed_duplicate
279189,60005868,LMESA_AXFMR1,LMESA_AXFMR1,60011734,LMESA_AXFMR1_L,LMESA_AXFMR1_L,probable_renamed_duplicate
279191,60003203,BARL_XFMR1,BARL_XFMR1,60016208,BARL_XFMR1_H,BARL_XFMR1_H,probable_renamed_duplicate
279191,60009983,BARL_XFMR1_L,BARL_XFMR1_L,60016208,BARL_XFMR1_H,BARL_XFMR1_H,probable_renamed_duplicate
279197,60004783,FPPYD2_T_406,FPPYD2_T_406,60111015,FPPYD2_GSU3,FPPYD2_GSU3,probable_renamed_duplicate
279198,60005541,JN_AT1_H_OldTeid,JN_AT1_H_OldTeid,60111525,JN_AT1H_H,JN_AT1H_H,probable_renamed_duplicate
279199,60005542,JN_AT1L_H,JN_AT1L_H,60111527,JN_AT1_H,JN_AT1_H,probable_renamed_duplicate
279206,60005545,JN_AT3L_H,JN_AT3L_H,60111526,JN_AT3_H,JN_AT3_H,probable_renamed_duplicate
279207,60084505,MGSES_UCXFMR2,MGSES_UCXFMR2,60110683,MGSES_FMR2,MGSES_FMR2,probable_renamed_duplicate
279208,60084507,MGSES_UCXFMR4,MGSES_UCXFMR4,60110682,MGSES_FMR4,MGSES_FMR4,probable_renamed_duplicate
279209,60084509,MGSES_UCXFMR6,MGSES_UCXFMR6,60110686,MGSES_FMR6,MGSES_FMR6,probable_renamed_duplicate
279211,60084508,MGSES_UCXFMR5,MGSES_UCXFMR5,60110687,MGSES_FMR5,MGSES_FMR5,probable_renamed_duplicate
279212,60084504,MGSES_UCXFMR1,MGSES_UCXFMR1,60110685,MGSES_FMR1,MGSES_FMR1,probable_renamed_duplicate
279217,60084506,MGSES_UCXFMR3,MGSES_UCXFMR3,60110684,MGSES_FMR3,MGSES_FMR3,probable_renamed_duplicate
279222,60003051,ANASW_AXFMR2H,ANASW_AXFMR2H,60097083,ANASW_AXFMR2H-H,ANASW_AXFMR2H-H,probable_renamed_duplicate
279225,60003052,ANASW_AXFMR2L,ANASW_AXFMR2L,60097084,ANASW_AXFMR2L-H,ANASW_AXFMR2L-H,probable_renamed_duplicate
279228,60007401,STV_XFMR19,STV_XFMR19,60067690,STV_XFMR18,STV_XFMR18,probable_renamed_duplicate
279237,60007107,SARRD_AXFMR1L,SARRD_AXFMR1L,60110812,SARRD_AXFMR1L-H,SARRD_AXFMR1L-H,probable_renamed_duplicate
279238,60007106,SARRD_AXFMR1H,SARRD_AXFMR1H,60110810,SARRD_AXFMR1H-H,SARRD_AXFMR1H-H,probable_renamed_duplicate
279255,60095185,TRU_XFMR1_1_138_69,TRU_XFMR1_1_138_69,60095186,TRU_XFMR1_2_138_69,TRU_XFMR1_2_138_69,probable_renamed_duplicate
279255,60007629,TRU_TRUAT1,TRU_TRUAT1,60095186,TRU_XFMR1_2_138_69,TRU_XFMR1_2_138_69,probable_renamed_duplicate
279261,60054655,OLSEN_NAT1_L,OLSEN_NAT1_L,60111395,OLSEN_NAT1,OLSEN_NAT1,probable_renamed_duplicate
279261,60006539,OLSEN_OLSENAT1,OLSEN_OLSENAT1,60111395,OLSEN_NAT1,OLSEN_NAT1,probable_renamed_duplicate
279272,60007824,WHTNY_AXFMR2,WHTNY_AXFMR2,60011728,WHTNY_AXFMR2_L,WHTNY_AXFMR2_L,probable_renamed_duplicate
279294,60036202,GRMSW_AXFMR1_L,GRMSW_AXFMR1_L,60110718,GRMSW_AXFMR1,GRMSW_AXFMR1,probable_renamed_duplicate
279296,60005645,KLNSW_AXFMR1,KLNSW_AXFMR1,60110870,KLNSW_AXFMR1H_H,KLNSW_AXFMR1H_H,probable_renamed_duplicate
279301,60007165,SGMTN_UCXFMR1,SGMTN_UCXFMR1,60112098,SGMTN_FMR1,SGMTN_FMR1,probable_renamed_duplicate
279325,60004958,GARZA_138_69A1,GARZA_138_69A1,60034202,GARZA_138_69A1_H,GARZA_138_69A1_H,probable_renamed_duplicate
279325,60009998,GARZA_138_69A1_L,GARZA_138_69A1_L,60034202,GARZA_138_69A1_H,GARZA_138_69A1_H,probable_renamed_duplicate
279332,60003098,ASHERTON_138_69A1,ASHERTON_138_69A1,60015328,ASHERTON_138_69A1_H,ASHERTON_138_69A1_H,probable_renamed_duplicate
279332,60009993,ASHERTON_138_69A1_L,ASHERTON_138_69A1_L,60015328,ASHERTON_138_69A1_H,ASHERTON_138_69A1_H,probable_renamed_duplicate
279341,60003725,CCEC_CTG1,CCEC_CTG1,60112561,CCEC_TG1,CCEC_TG1,probable_renamed_duplicate
279344,60006937,RIO_GRAN_138_69A1,RIO_GRAN_138_69A1,60060877,RIO_GRAN_138_69A1_H,RIO_GRAN_138_69A1_H,probable_renamed_duplicate
279344,60010013,RIO_GRAN_138_69A1_L,RIO_GRAN_138_69A1_L,60060877,RIO_GRAN_138_69A1_H,RIO_GRAN_138_69A1_H,probable_renamed_duplicate
279345,60002983,ALICE_138_69A1,ALICE_138_69A1,60013990,ALICE_138_69A1_H,ALICE_138_69A1_H,probable_renamed_duplicate
279345,60010008,ALICE_138_69A1_L,ALICE_138_69A1_L,60013990,ALICE_138_69A1_H,ALICE_138_69A1_H,probable_renamed_duplicate
279347,60006432,NUECES_B_138_22_3_H,NUECES_B_138_22_3_H,60112537,NUECES_B_22_3,NUECES_B_22_3,probable_renamed_duplicate
279351,60043429,LARDVFTS_230_138_1_L,LARDVFTS_230_138_1_L,60111710,LARDVFTS_230_138_1_H,LARDVFTS_230_138_1_H,probable_renamed_duplicate
279369,60010018,DUKE_1-EY-TF-C,DUKE_1-EY-TF-C,60111120,DUKE_TF-C,DUKE_TF-C,probable_renamed_duplicate
279371,60006931,RINCON_138_69A1,RINCON_138_69A1,60060575,RINCON_138_69A1_H,RINCON_138_69A1_H,probable_renamed_duplicate
279371,60010000,RINCON_138_69A1_L,RINCON_138_69A1_L,60060575,RINCON_138_69A1_H,RINCON_138_69A1_H,probable_renamed_duplicate
279378,60004073,CORONA_GSUT1,CORONA_GSUT1,60111022,CORONA_GSU1,CORONA_GSU1,probable_renamed_duplicate
279380,60003383,BLUF_CRK_T2_H,BLUF_CRK_T2_H,60010037,BLUF_CRK_T2_H_H,BLUF_CRK_T2_H_H,probable_renamed_duplicate
279383,60003384,BLUF_CRK_T2_L,BLUF_CRK_T2_L,60009968,BLUF_CRK_T2_L_H,BLUF_CRK_T2_L_H,probable_renamed_duplicate
279387,60005055,GILLES_38AT1,GILLES_38AT1,60035102,GILLES_AT1H,GILLES_AT1H,probable_renamed_duplicate
279387,60008811,GILLES_AT1L,GILLES_AT1L,60035102,GILLES_AT1H,GILLES_AT1H,probable_renamed_duplicate
279398,60007039,SACH_138_69T1,SACH_138_69T1,60062440,SACH_138_69T1_H,SACH_138_69T1_H,probable_renamed_duplicate
279398,60009972,SACH_138_69T1_L,SACH_138_69T1_L,60062440,SACH_138_69T1_H,SACH_138_69T1_H,probable_renamed_duplicate
279407,60004762,FORTMA_FORTMA_AT2_L,FORTMA_FORTMA_AT2_L,60082270,FORTMA_FORTMA_AT2,FORTMA_FORTMA_AT2,probable_renamed_duplicate
279414,60004649,EXN_TRTH101,EXN_TRTH101,60111796,EXN_H101,EXN_H101,probable_renamed_duplicate
279429,60066397,SOUTHABI_138_69T1_H,SOUTHABI_138_69T1_H,60110980,SOUTHABI_138_69T1_L,SOUTHABI_138_69T1_L,probable_renamed_duplicate
279430,60005974,LWSSW_AXFMR22,LWSSW_AXFMR22,60047047,LWSSW_AXFMR21,LWSSW_AXFMR21,probable_renamed_duplicate
279472,60009371,AK_AKXT01_H,AK_AKXT01_H,60111775,AK_AKXT01,AK_AKXT01,probable_renamed_duplicate
279473,60030446,EL_CAMPO_138_69_1_H,EL_CAMPO_138_69_1_H,60111059,EL_CAMPO_138_69_1_L,EL_CAMPO_138_69_1_L,probable_renamed_duplicate
279473,60004542,EL_CAMPO_138_69_1,EL_CAMPO_138_69_1,60111059,EL_CAMPO_138_69_1_L,EL_CAMPO_138_69_1_L,probable_renamed_duplicate
279488,60003811,CHLD_138_69T1,CHLD_138_69T1,60023252,CHLD_69T1_L,CHLD_69T1_L,probable_renamed_duplicate
279488,60011743,CHLD_69T1,CHLD_69T1,60023252,CHLD_69T1_L,CHLD_69T1_L,probable_renamed_duplicate
279494,60065203,SJO_SJO1,SJO_SJO1,60111389,SJO_SJO1_L,SJO_SJO1_L,probable_renamed_duplicate
279494,60007231,SJO_XFMR1,SJO_XFMR1,60111389,SJO_SJO1_L,SJO_SJO1_L,probable_renamed_duplicate
279505,60003702,CBY_AT3L_H,CBY_AT3L_H,60097988,CBY_AT3_H,CBY_AT3_H,probable_renamed_duplicate
279509,60054559,OLMOSW_AT1L,OLMOSW_AT1L,60111050,OLMOSW_AT1H,OLMOSW_AT1H,probable_renamed_duplicate
279542,60003987,CMBTP_AXFMR1,CMBTP_AXFMR1,60024179,CMBTP_AXFMR1_138_W,CMBTP_AXFMR1_138_W,probable_renamed_duplicate
279542,60011739,CMBTP_AXFMR1_69_W,CMBTP_AXFMR1_69_W,60024179,CMBTP_AXFMR1_138_W,CMBTP_AXFMR1_138_W,probable_renamed_duplicate
279546,60007147,SCSES_UXFMR1,SCSES_UXFMR1,60110823,SCSES_FMR1,SCSES_FMR1,probable_renamed_duplicate
279555,60006434,NUECES_B_142_18_8_H,NUECES_B_142_18_8_H,60112538,NUECES_B_18_8,NUECES_B_18_8,probable_renamed_duplicate
279556,60006435,NUECES_B_142_18_9_H,NUECES_B_142_18_9_H,60112539,NUECES_B_18_9,NUECES_B_18_9,probable_renamed_duplicate
279575,60028293,DIALV_AXFMR1-H,DIALV_AXFMR1-H,60110831,DIALV_AXFMR1-L,DIALV_AXFMR1-L,probable_renamed_duplicate
279582,60021604,CAPRIDGE_AT1_L,CAPRIDGE_AT1_L,60112783,CAPRIDGE_AT1,CAPRIDGE_AT1,probable_renamed_duplicate
279583,60067944,SWEETWN2_XF22,SWEETWN2_XF22,60087676,SWEETWN2_UXFMR1,SWEETWN2_UXFMR1,probable_renamed_duplicate
279585,60006812,PYR_PYR_T1,PYR_PYR_T1,60112788,PYR_T1,PYR_T1,probable_renamed_duplicate
279593,60056813,PITSBU_AT1H,PITSBU_AT1H,60111026,PITSBU_AT1L,PITSBU_AT1L,probable_renamed_duplicate
279593,60006711,PITSBU_37AT1,PITSBU_37AT1,60111026,PITSBU_AT1L,PITSBU_AT1L,probable_renamed_duplicate
279594,60005469,INDL_IND_T1,INDL_IND_T1,60112789,INDL_T1,INDL_T1,probable_renamed_duplicate
279596,60006092,MCDLD_FOR_T1,MCDLD_FOR_T1,60112112,MCDLD_T1,MCDLD_T1,probable_renamed_duplicate
279606,60003785,CHAMPION_CHP_T1,CHAMPION_CHP_T1,60112784,CHAMPION_T1,CHAMPION_T1,probable_renamed_duplicate
279608,60009971,SANORTH_138_69T1_L,SANORTH_138_69T1_L,60063098,SANORTH_138_69T1_H,SANORTH_138_69T1_H,probable_renamed_duplicate
279617,60041804,KENEDSW_138_69A1_H,KENEDSW_138_69A1_H,60111069,KENEDSW_138_69A1_L,KENEDSW_138_69A1_L,probable_renamed_duplicate
279617,60005607,KENEDSW_138_69A1,KENEDSW_138_69A1,60111069,KENEDSW_138_69A1_L,KENEDSW_138_69A1_L,probable_renamed_duplicate
279633,60003707,CBY4_GSU-XF-04001,CBY4_GSU-XF-04001,60111746,CBY4_XF04,CBY4_XF04,probable_renamed_duplicate
279634,60032846,FORMOSA_TR21_L,FORMOSA_TR21_L,60082236,FORMOSA_TR21H,FORMOSA_TR21H,probable_renamed_duplicate
279634,60004754,FORMOSA_TR21L,FORMOSA_TR21L,60082236,FORMOSA_TR21H,FORMOSA_TR21H,probable_renamed_duplicate
279634,60010592,FORMOSA_TR21,FORMOSA_TR21,60082236,FORMOSA_TR21H,FORMOSA_TR21H,probable_renamed_duplicate
279637,60003963,CLEASP_AT1,CLEASP_AT1,60080856,CLEASP_AT1_L,CLEASP_AT1_L,probable_renamed_duplicate
279643,60003211,BASTEN_1EY-TF-A,BASTEN_1EY-TF-A,60111013,BASTEN_TF-A,BASTEN_TF-A,probable_renamed_duplicate
279645,60007083,SANMAR_SANMAR_AT3,SANMAR_SANMAR_AT3,60062958,SANMAR_AT3H,SANMAR_AT3H,probable_renamed_duplicate
279645,60008812,SANMAR_AT3L,SANMAR_AT3L,60062958,SANMAR_AT3H,SANMAR_AT3H,probable_renamed_duplicate
279646,60006251,MOUNTO_41AT1,MOUNTO_41AT1,60051005,MOUNTO_AT1H,MOUNTO_AT1H,probable_renamed_duplicate
279648,60003683,CBEC_21T701,CBEC_21T701,60111853,CBEC_21T,CBEC_21T,probable_renamed_duplicate
279649,60072274,VICTORIA_138_69A1_H,VICTORIA_138_69A1_H,60111067,VICTORIA_138_69A1_L,VICTORIA_138_69A1_L,probable_renamed_duplicate
279649,60007720,VICTORIA_138_69A1,VICTORIA_138_69A1,60111067,VICTORIA_138_69A1_L,VICTORIA_138_69A1_L,probable_renamed_duplicate
279659,60079575,AMOCOOIL_GSUT1,AMOCOOIL_GSUT1,60111782,AMOCOOIL_GSU1,AMOCOOIL_GSU1,probable_renamed_duplicate
279665,60087198,SCLPCOGN_SCLPGSU1,SCLPCOGN_SCLPGSU1,60111817,SCLPCOGN_GSU1,SCLPCOGN_GSU1,probable_renamed_duplicate
279672,60115039,ABEAST_138_69_T1_H,ABEAST_138_69_T1_H,60115040,ABEAST_138_69_T1_L,ABEAST_138_69_T1_L,probable_renamed_duplicate
279676,60081497,DECKER_DP_MPT1,DECKER_DP_MPT1,60111134,DECKER_MPT1,DECKER_MPT1,probable_renamed_duplicate
279682,60007071,SANDCR_SANDCR_AT1,SANDCR_SANDCR_AT1,60062838,SANDCR_AT1H,SANDCR_AT1H,probable_renamed_duplicate
279682,60008810,SANDCR_AT1L,SANDCR_AT1L,60062838,SANDCR_AT1H,SANDCR_AT1H,probable_renamed_duplicate
279685,60004948,GABRIE_59AT1,GABRIE_59AT1,60033959,GABRIE_AT1H,GABRIE_AT1H,probable_renamed_duplicate
279685,60008821,GABRIE_AT1L,GABRIE_AT1L,60033959,GABRIE_AT1H,GABRIE_AT1H,probable_renamed_duplicate
279687,60005040,GIDEON_2_GSUT1,GIDEON_2_GSUT1,60111040,GIDEON_GSU1,GIDEON_GSU1,probable_renamed_duplicate
279694,60033400,FRIEND_R_XFMR1_H,FRIEND_R_XFMR1_H,60110997,FRIEND_R_XFMR1_L,FRIEND_R_XFMR1_L,probable_renamed_duplicate
279694,60004802,FRIEND_R_XFMR1,FRIEND_R_XFMR1,60110997,FRIEND_R_XFMR1_L,FRIEND_R_XFMR1_L,probable_renamed_duplicate
279704,60003537,BUDA_68AT2,BUDA_68AT2,60020219,BUDA_AT2H,BUDA_AT2H,probable_renamed_duplicate
279705,60065705,SMITHV_AT3H,SMITHV_AT3H,60111041,SMITHV_AT3L,SMITHV_AT3L,probable_renamed_duplicate
279705,60007264,SMITHV_58AT3,SMITHV_58AT3,60111041,SMITHV_AT3L,SMITHV_AT3L,probable_renamed_duplicate
279714,60004282,DEVIHI_66AT3,DEVIHI_66AT3,60028108,DEVIHI_AT3H,DEVIHI_AT3H,probable_renamed_duplicate
279716,60005796,LEHIGH_LEHIGHAT2,LEHIGH_LEHIGHAT2,60044137,LEHIGH_AT2H,LEHIGH_AT2H,probable_renamed_duplicate
279717,60035251,GLIDDE_AT1H,GLIDDE_AT1H,60111034,GLIDDE_AT1L,GLIDDE_AT1L,probable_renamed_duplicate
279717,60005062,GLIDDE_138_69A1,GLIDDE_138_69A1,60111034,GLIDDE_AT1L,GLIDDE_AT1L,probable_renamed_duplicate
279718,60006038,MARBFA_13GSUT1,MARBFA_13GSUT1,60111044,MARBFA_GSU1,MARBFA_GSU1,probable_renamed_duplicate
279721,60005081,GONZAL_50AT3,GONZAL_50AT3,60035639,GONZAL_AT3H,GONZAL_AT3H,probable_renamed_duplicate
279721,60008829,GONZAL_AT3L,GONZAL_AT3L,60035639,GONZAL_AT3H,GONZAL_AT3H,probable_renamed_duplicate
279723,60005954,LULING_47AT1,LULING_47AT1,60046809,LULING_AT1H,LULING_AT1H,probable_renamed_duplicate
279723,60008815,LULING_AT1L,LULING_AT1L,60046809,LULING_AT1H,LULING_AT1H,probable_renamed_duplicate
279724,60079881,BANDER_65AT2,BANDER_65AT2,60111048,BANDER_65AT2_L,BANDER_65AT2_L,probable_renamed_duplicate
279724,60016139,BANDER_AT2H,BANDER_AT2H,60111048,BANDER_65AT2_L,BANDER_65AT2_L,probable_renamed_duplicate
279745,60088671,WIPOPA_GSU_12,WIPOPA_GSU_12,60111037,WIPOPA_GSUA,WIPOPA_GSUA,probable_renamed_duplicate
279758,60003525,BTE_AT-1_L,BTE_AT-1_L,60010605,BTE_AT-1,BTE_AT-1,probable_renamed_duplicate
279764,60084878,NCARBIDE_XF-113A,NCARBIDE_XF-113A,60111788,NCARBIDE_113A,NCARBIDE_113A,probable_renamed_duplicate
279772,60021245,CALAVERS_22_1,CALAVERS_22_1,60080569,CALAVERS_138_22_1,CALAVERS_138_22_1,probable_renamed_duplicate
279777,60004650,EXN_TRTH201,EXN_TRTH201,60111798,EXN_H201,EXN_H201,probable_renamed_duplicate
279779,60087688,SWEETWND_0UXFMR1,SWEETWND_0UXFMR1,60112754,SWEETWND_XF1,SWEETWND_XF1,probable_renamed_duplicate
279780,60076843,YELWJCKT_PS_1_L,YELWJCKT_PS_1_L,60110987,YELWJCKT_PS_1_H,YELWJCKT_PS_1_H,probable_renamed_duplicate
279781,60005274,HEIGHTTN_HEIGHAT2,HEIGHTTN_HEIGHAT2,60011758,HEIGHTTN_HEIGHAT2_L,HEIGHTTN_HEIGHAT2_L,probable_renamed_duplicate
279782,60005273,HEIGHTTN_HEIGHAT1,HEIGHTTN_HEIGHAT1,60111404,HEIGHTTN_HEIGHAT1_L,HEIGHTTN_HEIGHAT1_L,probable_renamed_duplicate
279783,60007919,YELWJCKT_138_69_2,YELWJCKT_138_69_2,60076784,YELWJCKT_138_69_2_H,YELWJCKT_138_69_2_H,probable_renamed_duplicate
279783,60009970,YELWJCKT_138_69_2_L,YELWJCKT_138_69_2_L,60076784,YELWJCKT_138_69_2_H,YELWJCKT_138_69_2_H,probable_renamed_duplicate
279784,60076783,YELWJCKT_138_69_1_L,YELWJCKT_138_69_1_L,60110986,YELWJCKT_138_69_1_H,YELWJCKT_138_69_1_H,probable_renamed_duplicate
279788,60004651,EXN_TRTH301,EXN_TRTH301,60111797,EXN_H301,EXN_H301,probable_renamed_duplicate
279789,60026904,CUERO_AT3L,CUERO_AT3L,60081360,CUERO_AT3_L,CUERO_AT3_L,probable_renamed_duplicate
279789,60004188,CUERO_AT3_H,CUERO_AT3_H,60081360,CUERO_AT3_L,CUERO_AT3_L,probable_renamed_duplicate
279789,60008853,CUERO_AT3H,CUERO_AT3H,60081360,CUERO_AT3_L,CUERO_AT3_L,probable_renamed_duplicate
279790,60004653,EXN_TRTH501,EXN_TRTH501,60111799,EXN_H501,EXN_H501,probable_renamed_duplicate
279793,60031297,EXN_5901_L,EXN_5901_L,60111419,EXN_5901,EXN_5901,probable_renamed_duplicate
279793,60004639,EXN_T5901,EXN_T5901,60111419,EXN_5901,EXN_5901,probable_renamed_duplicate
279795,60031298,EXN_5902_L,EXN_5902_L,60111418,EXN_5902,EXN_5902,probable_renamed_duplicate
279795,60004640,EXN_T5902,EXN_T5902,60111418,EXN_5902,EXN_5902,probable_renamed_duplicate
279796,60031299,EXN_5903_L,EXN_5903_L,60111420,EXN_5903,EXN_5903,probable_renamed_duplicate
279796,60004641,EXN_T5903,EXN_T5903,60111420,EXN_5903,EXN_5903,probable_renamed_duplicate
279797,60004642,EXN_TP390,EXN_TP390,60111794,EXN_T390,EXN_T390,probable_renamed_duplicate
279798,60004643,EXN_TP396,EXN_TP396,60010569,EXN_T396,EXN_T396,probable_renamed_duplicate
279799,60004644,EXN_TP397,EXN_TP397,60111789,EXN_T397,EXN_T397,probable_renamed_duplicate
279800,60004645,EXN_TP401,EXN_TP401,60111792,EXN_T401,EXN_T401,probable_renamed_duplicate
279801,60004646,EXN_TP402,EXN_TP402,60111790,EXN_T402,EXN_T402,probable_renamed_duplicate
279802,60004647,EXN_TP403,EXN_TP403,60111791,EXN_T403,EXN_T403,probable_renamed_duplicate
279803,60004648,EXN_TP404,EXN_TP404,60111793,EXN_T404,EXN_T404,probable_renamed_duplicate
279804,60004652,EXN_TRTH401,EXN_TRTH401,60111795,EXN_H401,EXN_H401,probable_renamed_duplicate
279805,60003261,BELLSO_54AT2,BELLSO_54AT2,60016873,BELLSO_AT2H,BELLSO_AT2H,probable_renamed_duplicate
279805,60008818,BELLSO_AT2L,BELLSO_AT2L,60016873,BELLSO_AT2H,BELLSO_AT2H,probable_renamed_duplicate
279807,60006654,PEARSAL2_AET902,PEARSAL2_AET902,60111621,PEARSAL2_T902,PEARSAL2_T902,probable_renamed_duplicate
279808,60006653,PEARSAL2_AET901,PEARSAL2_AET901,60111619,PEARSAL2_T901,PEARSAL2_T901,probable_renamed_duplicate
279814,60021260,CALAVERS_24_6,CALAVERS_24_6,60080574,CALAVERS_345_24_6,CALAVERS_345_24_6,probable_renamed_duplicate
279825,60088691,WIRTZ_WIRGSUT1,WIRTZ_WIRGSUT1,60111024,WIRTZ_GSU7,WIRTZ_GSU7,probable_renamed_duplicate
279832,60006957,RIOPECOS_138_69_2_L,RIOPECOS_138_69_2_L,60060759,RIOPECOS_138_69_2_H,RIOPECOS_138_69_2_H,probable_renamed_duplicate
279834,60080344,BRAUNIG_345_18_2,BRAUNIG_345_18_2,60110929,BRAUNIG_18_2,BRAUNIG_18_2,probable_renamed_duplicate
279835,60003469,BRAUNIG_345_18_3H,BRAUNIG_345_18_3H,60110928,BRAUNIG_18_3,BRAUNIG_18_3,probable_renamed_duplicate
279836,60003475,BRAUNIG_MT78H,BRAUNIG_MT78H,60110893,BRAUNIG_MT78,BRAUNIG_MT78,probable_renamed_duplicate
279837,60003472,BRAUNIG_MT56H,BRAUNIG_MT56H,60110894,BRAUNIG_MT56,BRAUNIG_MT56,probable_renamed_duplicate
279838,60080341,BRAUNIG_138_20_1,BRAUNIG_138_20_1,60110895,BRAUNIG_20_1,BRAUNIG_20_1,probable_renamed_duplicate
279839,60080342,BRAUNIG_138_22_2,BRAUNIG_138_22_2,60110896,BRAUNIG_22_2,BRAUNIG_22_2,probable_renamed_duplicate
279840,60080343,BRAUNIG_138_22_3,BRAUNIG_138_22_3,60110892,BRAUNIG_22_3,BRAUNIG_22_3,probable_renamed_duplicate
279842,60007700,VANBLT_138_69_1,VANBLT_138_69_1,60110936,VANBLTSS_138_69_1,VANBLTSS_138_69_1,probable_renamed_duplicate
279848,60005481,INKSDA_12GSUT1,INKSDA_12GSUT1,60111023,INKSDA_GSU1,INKSDA_GSU1,probable_renamed_duplicate
279849,60054331,OGSES_FRM1_L,OGSES_FRM1_L,60112059,OGSES_FRM1,OGSES_FRM1,probable_renamed_duplicate
279849,60006501,OGSES_OGAXFRM1,OGSES_OGAXFRM1,60112059,OGSES_FRM1,OGSES_FRM1,probable_renamed_duplicate
279851,60087201,SCLPCOGN_SCLPGSU4,SCLPCOGN_SCLPGSU4,60111818,SCLPCOGN_GSU4,SCLPCOGN_GSU4,probable_renamed_duplicate
279866,60006523,OLINGR_GSUXFMR4,OLINGR_GSUXFMR4,60110626,OLINGR_FMR4,OLINGR_FMR4,probable_renamed_duplicate
279869,60006503,OGSES_OGMPT2,OGSES_OGMPT2,60112061,OGSES_MPT2,OGSES_MPT2,probable_renamed_duplicate
279870,60006502,OGSES_OGMPT1,OGSES_OGMPT1,60112060,OGSES_MPT1,OGSES_MPT1,probable_renamed_duplicate
279881,60006642,PC_SOUTH_PC3_T1,PC_SOUTH_PC3_T1,60112132,PC_SOUTH_P3T1,PC_SOUTH_P3T1,probable_renamed_duplicate
279884,60045392,LOBO_1_138_69_AUTOH,LOBO_1_138_69_AUTOH,60111714,LOBO_1_138_69_AUTOL,LOBO_1_138_69_AUTOL,probable_renamed_duplicate
279884,60005889,LOBO_1_138_69_AUTO,LOBO_1_138_69_AUTO,60111714,LOBO_1_138_69_AUTOL,LOBO_1_138_69_AUTOL,probable_renamed_duplicate
279885,60005890,LOBO_2_345_138_H,LOBO_2_345_138_H,60045401,LOBO_2_345_138_L,LOBO_2_345_138_L,probable_renamed_duplicate
279890,60084879,NCARBIDE_XF-113B,NCARBIDE_XF-113B,60111787,NCARBIDE_113B,NCARBIDE_113B,probable_renamed_duplicate
279891,60003726,CCEC_CTG2,CCEC_CTG2,60112560,CCEC_TG2,CCEC_TG2,probable_renamed_duplicate
279893,60021258,CALAVERS_24_4,CALAVERS_24_4,60080572,CALAVERS_138_24_4,CALAVERS_138_24_4,probable_renamed_duplicate
279901,60006223,MLSES_UXFMR2,MLSES_UXFMR2,60110815,MLSES_FMR2,MLSES_FMR2,probable_renamed_duplicate
279909,60007727,VL_AT2_H,VL_AT2_H,60088293,VL_AT2_L,VL_AT2_L,probable_renamed_duplicate
279910,60005720,LA_PALMA_138_69A2,LA_PALMA_138_69A2,60043691,LA_PALMA_138_69A2_H,LA_PALMA_138_69A2_H,probable_renamed_duplicate
279910,60009994,LA_PALMA_138_69A2_L,LA_PALMA_138_69A2_L,60043691,LA_PALMA_138_69A2_H,LA_PALMA_138_69A2_H,probable_renamed_duplicate
279917,60003685,CBEC_23T701,CBEC_23T701,60111854,CBEC_23T,CBEC_23T,probable_renamed_duplicate
279921,60004726,FLCNS_AXFMR2_L,FLCNS_AXFMR2_L,60032369,FLCNS_AMR2_L,FLCNS_AMR2_L,probable_renamed_duplicate
279921,60010363,FLCNS_AMR2,FLCNS_AMR2,60032369,FLCNS_AMR2_L,FLCNS_AMR2_L,probable_renamed_duplicate
279930,60006224,MLSES_UXFMR3,MLSES_UXFMR3,60110814,MLSES_FMR3,MLSES_FMR3,probable_renamed_duplicate
279931,60046939,LVOK_138_69_2_H,LVOK_138_69_2_H,60110993,LVOK_138_69_2_L,LVOK_138_69_2_L,probable_renamed_duplicate
279931,60005964,LVOK_138_69_2,LVOK_138_69_2,60110993,LVOK_138_69_2_L,LVOK_138_69_2_L,probable_renamed_duplicate
279936,60079582,AMOCOOIL_XT450,AMOCOOIL_XT450,60111779,AMOCOOIL_GXU5,AMOCOOIL_GXU5,probable_renamed_duplicate
279940,60004744,FORMOSA_TR05H,FORMOSA_TR05H,60111804,FORMOSA_TR05,FORMOSA_TR05,probable_renamed_duplicate
279941,60007426,SWEETWN4_4B,SWEETWN4_4B,60112757,SWEETWN4_XF4B,SWEETWN4_XF4B,probable_renamed_duplicate
279946,60004349,DOW_DOW_A3P,DOW_DOW_A3P,60111465,DOW_A3P,DOW_A3P,probable_renamed_duplicate
279951,60006915,RENSW_AXFMR1L,RENSW_AXFMR1L,60110782,RENSW_AXFMR1L-H,RENSW_AXFMR1L-H,probable_renamed_duplicate
279957,60082275,FPPYD1_T_402,FPPYD1_T_402,60111016,FPPYD1_GSU1,FPPYD1_GSU1,probable_renamed_duplicate
279959,60004334,DNDAM_XF_2_138,DNDAM_XF_2_138,60112251,DNDAM_XF_2,DNDAM_XF_2,probable_renamed_duplicate
279960,60004333,DNDAM_XF_1_138,DNDAM_XF_1_138,60112250,DNDAM_XF_1,DNDAM_XF_1,probable_renamed_duplicate
279970,60005805,LEON_CRK_XF12H,LEON_CRK_XF12H,60110914,LEON_CRK_12H,LEON_CRK_12H,probable_renamed_duplicate
279971,60005808,LEON_CRK_XF34H,LEON_CRK_XF34H,60110913,LEON_CRK_34H,LEON_CRK_34H,probable_renamed_duplicate
279984,60006508,OKLA_345_1382,OKLA_345_1382,60110969,OKLA_345_1382_L,OKLA_345_1382_L,probable_renamed_duplicate
280005,60006700,PHR_AT4L_H,PHR_AT4L_H,60111451,PHR_AT4_H,PHR_AT4_H,probable_renamed_duplicate
280020,60004972,GBY_AT1L_H,GBY_AT1L_H,60111423,GBY_AT1_H,GBY_AT1_H,probable_renamed_duplicate
280023,60010017,DUKE_1-EY-TF-B,DUKE_1-EY-TF-B,60111119,DUKE_TF-B,DUKE_TF-B,probable_renamed_duplicate
280029,60003381,BLUF_CRK_T1_L,BLUF_CRK_T1_L,60009967,BLUF_CRK_T1_L_H,BLUF_CRK_T1_L_H,probable_renamed_duplicate
280031,60007424,SWEETWN3_XFMRT2_L,SWEETWN3_XFMRT2_L,60087684,SWEETWN3_XFMRT2,SWEETWN3_XFMRT2,probable_renamed_duplicate
280031,60010110,SWEETWN3_XF31_L,SWEETWN3_XF31_L,60087684,SWEETWN3_XFMRT2,SWEETWN3_XFMRT2,probable_renamed_duplicate
280031,60011168,SWEETWN3_XF31,SWEETWN3_XF31,60087684,SWEETWN3_XFMRT2,SWEETWN3_XFMRT2,probable_renamed_duplicate
280035,60003992,CMTSW_AXFMR2,CMTSW_AXFMR2,60077522,CMTSW_AMT42,CMTSW_AMT42,probable_renamed_duplicate
280042,60087199,SCLPCOGN_SCLPGSU2,SCLPCOGN_SCLPGSU2,60111819,SCLPCOGN_GSU2,SCLPCOGN_GSU2,probable_renamed_duplicate
280047,60003709,CBY4_GSU-XF-42001,CBY4_GSU-XF-42001,60111747,CBY4_XF42,CBY4_XF42,probable_renamed_duplicate
280049,60063760,SCLPCOGN_PATA_L,SCLPCOGN_PATA_L,60087196,SCLPCOGN_SCLPATA,SCLPCOGN_SCLPATA,probable_renamed_duplicate
280049,60007128,SCLPCOGN_SCLPATA_L,SCLPCOGN_SCLPATA_L,60087196,SCLPCOGN_SCLPATA,SCLPCOGN_SCLPATA,probable_renamed_duplicate
280049,60010600,SCLPCOGN_PATA,SCLPCOGN_PATA,60087196,SCLPCOGN_SCLPATA,SCLPCOGN_SCLPATA,probable_renamed_duplicate
280050,60084259,MARSFO_73GSUT2,MARSFO_73GSUT2,60111046,MARSFO_GSU2,MARSFO_GSU2,probable_renamed_duplicate
280063,60038028,HHGT_UT1,HHGT_UT1,60082851,HHGT_TR1,HHGT_TR1,probable_renamed_duplicate
280064,60079576,AMOCOOIL_GSUT2,AMOCOOIL_GSUT2,60111784,AMOCOOIL_GSU2,AMOCOOIL_GSU2,probable_renamed_duplicate
280069,60066398,SOUTHABI_138_69T2_H,SOUTHABI_138_69T2_H,60111001,SOUTHABI_138_69T2_L,SOUTHABI_138_69T2_L,probable_renamed_duplicate
280071,60004977,GBY_AT5_H,GBY_AT5_H,60004978,GBY_AT5L_H,GBY_AT5L_H,probable_renamed_duplicate
280074,60032279,FLATON_AT3L,FLATON_AT3L,60082113,FLATON_AT3_L,FLATON_AT3_L,probable_renamed_duplicate
280074,60004724,FLATON_AT3,FLATON_AT3,60082113,FLATON_AT3_L,FLATON_AT3_L,probable_renamed_duplicate
280076,60004746,FORMOSA_TR07H,FORMOSA_TR07H,60111806,FORMOSA_TR07,FORMOSA_TR07,probable_renamed_duplicate
280084,60053244,NUECES_B_138_69A1_H,NUECES_B_138_69A1_H,60111093,NUECES_B_138_69A1_L,NUECES_B_138_69A1_L,probable_renamed_duplicate
280084,60006433,NUECES_B_138_69A1,NUECES_B_138_69A1,60111093,NUECES_B_138_69A1_L,NUECES_B_138_69A1_L,probable_renamed_duplicate
280087,60006358,NEDIN_138_69A2,NEDIN_138_69A2,60052176,NEDIN_138_69A2_H,NEDIN_138_69A2_H,probable_renamed_duplicate
280087,60010011,NEDIN_138_69A2_L,NEDIN_138_69A2_L,60052176,NEDIN_138_69A2_H,NEDIN_138_69A2_H,probable_renamed_duplicate
280107,60003727,CCEC_ST1,CCEC_ST1,60112559,CCEC_T1,CCEC_T1,probable_renamed_duplicate
280108,60010016,DUKE_1-EY-TF-A,DUKE_1-EY-TF-A,60111118,DUKE_TF-A,DUKE_TF-A,probable_renamed_duplicate
280113,60006357,NEDIN_138_69A1,NEDIN_138_69A1,60052175,NEDIN_138_69A1_H,NEDIN_138_69A1_H,probable_renamed_duplicate
280113,60009997,NEDIN_138_69A1_L,NEDIN_138_69A1_L,60052175,NEDIN_138_69A1_H,NEDIN_138_69A1_H,probable_renamed_duplicate
280117,60004748,FORMOSA_TR09H,FORMOSA_TR09H,60111808,FORMOSA_TR09,FORMOSA_TR09,probable_renamed_duplicate
280119,60017413,BIGLAKE_XFMR_W2_H,BIGLAKE_XFMR_W2_H,60110995,BIGLAKE_XFMR_W2_L,BIGLAKE_XFMR_W2_L,probable_renamed_duplicate
280121,60007621,TRSES_AXFMR4L,TRSES_AXFMR4L,60011049,TRSES_AXFMR4LH,TRSES_AXFMR4LH,probable_renamed_duplicate
280133,60004743,FORMOSA_TR04H,FORMOSA_TR04H,60111803,FORMOSA_TR04,FORMOSA_TR04,probable_renamed_duplicate
280134,60079579,AMOCOOIL_GSUT805,AMOCOOIL_GSUT805,60111781,AMOCOOIL_U805,AMOCOOIL_U805,probable_renamed_duplicate
280149,60004740,FORMOSA_TR01H,FORMOSA_TR01H,60111800,FORMOSA_TR01,FORMOSA_TR01,probable_renamed_duplicate
280152,60021256,CALAVERS_24_2,CALAVERS_24_2,60080570,CALAVERS_138_24_2,CALAVERS_138_24_2,probable_renamed_duplicate
280155,60007215,SILASRAY_T1,SILASRAY_T1,60010423,SILASRAY_T1_L,SILASRAY_T1_L,probable_renamed_duplicate
280159,60044289,LENSW_AXFMR5L,LENSW_AXFMR5L,60110721,LENSW_AXFMR5H,LENSW_AXFMR5H,probable_renamed_duplicate
280165,60081498,DECKER_DP_MPT2,DECKER_DP_MPT2,60111135,DECKER_MPT2,DECKER_MPT2,probable_renamed_duplicate
280167,60003688,CBEC_26T701,CBEC_26T701,60111860,CBEC_26T,CBEC_26T,probable_renamed_duplicate
280171,60004745,FORMOSA_TR06H,FORMOSA_TR06H,60111805,FORMOSA_TR06,FORMOSA_TR06,probable_renamed_duplicate
280172,60021259,CALAVERS_24_5,CALAVERS_24_5,60080573,CALAVERS_345_24_5,CALAVERS_345_24_5,probable_renamed_duplicate
280177,60003684,CBEC_22T701,CBEC_22T701,60111857,CBEC_22T,CBEC_22T,probable_renamed_duplicate
280179,60007216,SILASRAY_T2,SILASRAY_T2,60010424,SILASRAY_T2_L,SILASRAY_T2_L,probable_renamed_duplicate
280181,60004227,DANSBY_GSUXFMR2,DANSBY_GSUXFMR2,60111382,DANSBY_T2_H,DANSBY_T2_H,probable_renamed_duplicate
280184,60004352,DOW_DOW_A4P,DOW_DOW_A4P,60111464,DOW_A4P,DOW_A4P,probable_renamed_duplicate
280209,60004072,CORONA_CORONA_AT4,CORONA_CORONA_AT4,60025254,CORONA_AT4H,CORONA_AT4H,probable_renamed_duplicate
280209,60008807,CORONA_AT4L,CORONA_AT4L,60025254,CORONA_AT4H,CORONA_AT4H,probable_renamed_duplicate
280217,60004074,CORONA_GSUT2,CORONA_GSUT2,60111020,CORONA_GSU2,CORONA_GSU2,probable_renamed_duplicate
280220,60004747,FORMOSA_TR08H,FORMOSA_TR08H,60111807,FORMOSA_TR08,FORMOSA_TR08,probable_renamed_duplicate
280222,60005470,INDL_IND_T2,INDL_IND_T2,60112790,INDL_T2,INDL_T2,probable_renamed_duplicate
280226,60110982,ABEAST_138_69_T2,ABEAST_138_69_T2,60115042,ABEAST_138_69_T2_L,ABEAST_138_69_T2_L,probable_renamed_duplicate
280226,60115041,ABEAST_138_69_T2_H,ABEAST_138_69_T2_H,60115042,ABEAST_138_69_T2_L,ABEAST_138_69_T2_L,probable_renamed_duplicate
280227,60079578,AMOCOOIL_GSUT4,AMOCOOIL_GSUT4,60111780,AMOCOOIL_GSU4,AMOCOOIL_GSU4,probable_renamed_duplicate
280231,60004725,FLCNS_AXFMR1_L,FLCNS_AXFMR1_L,60032368,FLCNS_AMR1_L,FLCNS_AMR1_L,probable_renamed_duplicate
280231,60010362,FLCNS_AMR1,FLCNS_AMR1,60032368,FLCNS_AMR1_L,FLCNS_AMR1_L,probable_renamed_duplicate
280239,60004742,FORMOSA_TR03H,FORMOSA_TR03H,60111802,FORMOSA_TR03,FORMOSA_TR03,probable_renamed_duplicate
280245,60087200,SCLPCOGN_SCLPGSU3,SCLPCOGN_SCLPGSU3,60111820,SCLPCOGN_GSU3,SCLPCOGN_GSU3,probable_renamed_duplicate
280248,60105077,PRY_PRY1_H,PRY_PRY1_H,60105078,PRY_PRY1_L,PRY_PRY1_L,probable_renamed_duplicate
280248,60006784,PRY_PRY1,PRY_PRY1,60105078,PRY_PRY1_L,PRY_PRY1_L,probable_renamed_duplicate
280249,60003708,CBY4_GSU-XF-41001,CBY4_GSU-XF-41001,60111745,CBY4_XF41,CBY4_XF41,probable_renamed_duplicate
280258,60067943,SWEETWN2_XF21,SWEETWN2_XF21,60112760,SWEETWN2_XF21L,SWEETWN2_XF21L,probable_renamed_duplicate
280258,60087677,SWEETWN2_UXFMR2,SWEETWN2_UXFMR2,60112760,SWEETWN2_XF21L,SWEETWN2_XF21L,probable_renamed_duplicate
280258,60007422,SWEETWN2_UXFMR2_L,SWEETWN2_UXFMR2_L,60112760,SWEETWN2_XF21L,SWEETWN2_XF21L,probable_renamed_duplicate
280265,60007587,TNP_ONE_TNP1GSU2,TNP_ONE_TNP1GSU2,60111408,TNP_ONE_GSU2,TNP_ONE_GSU2,probable_renamed_duplicate
280268,60007566,TKWSW1_ROS_T2,TKWSW1_ROS_T2,60112785,TKWSW1_T2,TKWSW1_T2,probable_renamed_duplicate
280275,60079581,AMOCOOIL_XT420,AMOCOOIL_XT420,60111777,AMOCOOIL_GXU2,AMOCOOIL_GXU2,probable_renamed_duplicate
280277,60088093,UCC_COGN_TR_STG,UCC_COGN_TR_STG,60111839,UCC_COGN_TRST,UCC_COGN_TRST,probable_renamed_duplicate
280300,60007229,SJO_SJO2,SJO_SJO2,60110622,SJO_SJO2_L,SJO_SJO2_L,probable_renamed_duplicate
280305,60006296,N_SHARPE_345_138_AUTO,N_SHARPE_345_138_AUTO,60053661,N_SHARPE_345_138_AUTO_L,N_SHARPE_345_138_AUTO_L,probable_renamed_duplicate
280312,60079577,AMOCOOIL_GSUT3,AMOCOOIL_GSUT3,60111783,AMOCOOIL_GSU3,AMOCOOIL_GSU3,probable_renamed_duplicate
280322,60005869,LMESA_AXFMR2,LMESA_AXFMR2,60110691,LMESA_AXFMR2_L,LMESA_AXFMR2_L,probable_renamed_duplicate
280324,60007821,WHITE_PT_138_69A1,WHITE_PT_138_69A1,60074057,WHITE_PT_138_69A1_H,WHITE_PT_138_69A1_H,probable_renamed_duplicate
280324,60010015,WHITE_PT_138_69A1_L,WHITE_PT_138_69A1_L,60074057,WHITE_PT_138_69A1_H,WHITE_PT_138_69A1_H,probable_renamed_duplicate
280332,60007721,VICTORIA_138_69A2,VICTORIA_138_69A2,60072275,VICTORIA_138_69A2_H,VICTORIA_138_69A2_H,probable_renamed_duplicate
280332,60009991,VICTORIA_138_69A2_L,VICTORIA_138_69A2_L,60072275,VICTORIA_138_69A2_H,VICTORIA_138_69A2_H,probable_renamed_duplicate
280335,60009979,RIOPECOS_138_69_1_L,RIOPECOS_138_69_1_L,60060758,RIOPECOS_138_69_1_H,RIOPECOS_138_69_1_H,probable_renamed_duplicate
280336,60004226,DANSBY_GSUXFMR1,DANSBY_GSUXFMR1,60111381,DANSBY_T1_H,DANSBY_T1_H,probable_renamed_duplicate
280340,60007425,SWEETWN4_4A,SWEETWN4_4A,60112758,SWEETWN4_XF4A,SWEETWN4_XF4A,probable_renamed_duplicate
280345,60003658,CAPRIDGE_WCR3-T1,CAPRIDGE_WCR3-T1,60112780,CAPRIDGE_R3T1,CAPRIDGE_R3T1,probable_renamed_duplicate
280348,60021257,CALAVERS_24_3,CALAVERS_24_3,60080571,CALAVERS_138_24_3,CALAVERS_138_24_3,probable_renamed_duplicate
280367,60003657,CAPRIDGE_WCR2-T1,CAPRIDGE_WCR2-T1,60112781,CAPRIDGE_R2T1,CAPRIDGE_R2T1,probable_renamed_duplicate
280373,60032847,FORMOSA_TR22_L,FORMOSA_TR22_L,60082237,FORMOSA_TR22H,FORMOSA_TR22H,probable_renamed_duplicate
280373,60004755,FORMOSA_TR22L,FORMOSA_TR22L,60082237,FORMOSA_TR22H,FORMOSA_TR22H,probable_renamed_duplicate
280373,60010593,FORMOSA_TR22,FORMOSA_TR22,60082237,FORMOSA_TR22H,FORMOSA_TR22H,probable_renamed_duplicate
280374,60079580,AMOCOOIL_XT410,AMOCOOIL_XT410,60111778,AMOCOOIL_GXU1,AMOCOOIL_GXU1,probable_renamed_duplicate
280379,60003687,CBEC_25T701,CBEC_25T701,60111855,CBEC_25T,CBEC_25T,probable_renamed_duplicate
280386,60063761,SCLPCOGN_PATB_L,SCLPCOGN_PATB_L,60087197,SCLPCOGN_SCLPATB,SCLPCOGN_SCLPATB,probable_renamed_duplicate
280386,60007129,SCLPCOGN_SCLPATB_L,SCLPCOGN_SCLPATB_L,60087197,SCLPCOGN_SCLPATB,SCLPCOGN_SCLPATB,probable_renamed_duplicate
280386,60010601,SCLPCOGN_PATB,SCLPCOGN_PATB,60087197,SCLPCOGN_SCLPATB,SCLPCOGN_SCLPATB,probable_renamed_duplicate
280388,60087340,SJS_SJSXT2_,SJS_SJSXT2_,60111816,SJS_XT2,SJS_XT2,probable_renamed_duplicate
280400,60005911,LON_HILL_345_1382H,LON_HILL_345_1382H,60010004,LON_HILL_345_1382H_H,LON_HILL_345_1382H_H,probable_renamed_duplicate
280401,60010451,DECKER_MT_2,DECKER_MT_2,60081500,DECKER_DP_MT_2,DECKER_DP_MT_2,probable_renamed_duplicate
280402,60003526,BTE_AT-2_L,BTE_AT-2_L,60010606,BTE_AT-2,BTE_AT-2,probable_renamed_duplicate
280408,60004075,CORONA_GSUT3,CORONA_GSUT3,60111021,CORONA_GSU3,CORONA_GSU3,probable_renamed_duplicate
280409,60006093,MCDLD_SAN_T2,MCDLD_SAN_T2,60112113,MCDLD_T2,MCDLD_T2,probable_renamed_duplicate
280414,60043690,LA_PALMA_138_69A1_H,LA_PALMA_138_69A1_H,60111081,LA_PALMA_138_69A1_L,LA_PALMA_138_69A1_L,probable_renamed_duplicate
280415,60004741,FORMOSA_TR02H,FORMOSA_TR02H,60111801,FORMOSA_TR02,FORMOSA_TR02,probable_renamed_duplicate
280422,60003686,CBEC_24T701,CBEC_24T701,60111859,CBEC_24T,CBEC_24T,probable_renamed_duplicate
280425,60005983,LYTTON_S_AT3_H,LYTTON_S_AT3_H,60084196,LYTTON_S_AT3_L,LYTTON_S_AT3_L,probable_renamed_duplicate
280429,60017411,BIGLAKE_LOAD,BIGLAKE_LOAD,60110996,BIGLAKE_SOURCE,BIGLAKE_SOURCE,probable_renamed_duplicate
280436,60067029,STASW_AXFMRL,STASW_AXFMRL,60110696,STASW_AXFMRH,STASW_AXFMRH,probable_renamed_duplicate
280440,60004347,DOW_AT1L_H,DOW_AT1L_H,60111468,DOW_AT1_H,DOW_AT1_H,probable_renamed_duplicate
280759,60000368,139T134,139T134_1,60009684,686T6861,686T686_1,probable_renamed_duplicate
281631,60007431,SWN2_A,SWN2_A_1,60009296,L_SWEET2_1381,L_SWEET2_138_1,probable_renamed_duplicate
298189,60004393,DOWGEN_GSUXF81,DOWGEN_GSUXF81,60111758,DOWGEN_XF81,DOWGEN_XF81,probable_renamed_duplicate
298190,60004395,DOWGEN_GSUXF83,DOWGEN_GSUXF83,60111760,DOWGEN_XF83,DOWGEN_XF83,probable_renamed_duplicate
298191,60004396,DOWGEN_GSUXF84,DOWGEN_GSUXF84,60111761,DOWGEN_XF84,DOWGEN_XF84,probable_renamed_duplicate
298249,60004389,DOWGEN_GSUXF13,DOWGEN_GSUXF13,60111754,DOWGEN_XF13,DOWGEN_XF13,probable_renamed_duplicate
298356,60004397,DOWGEN_GSUXF95,DOWGEN_GSUXF95,60111763,DOWGEN_XF95,DOWGEN_XF95,probable_renamed_duplicate
298401,60004398,DOWGEN_GSUXF96,DOWGEN_GSUXF96,60111762,DOWGEN_XF9P,DOWGEN_XF9P,probable_renamed_duplicate
298451,60004392,DOWGEN_GSUXF69,DOWGEN_GSUXF69,60010544,DOWGEN_XF69,DOWGEN_XF69,probable_renamed_duplicate
298453,60004394,DOWGEN_GSUXF82,DOWGEN_GSUXF82,60111759,DOWGEN_XF82,DOWGEN_XF82,probable_renamed_duplicate
298586,60004391,DOWGEN_GSUXF68,DOWGEN_GSUXF68,60010543,DOWGEN_XF68,DOWGEN_XF68,probable_renamed_duplicate
300172,60051717,NADAS_AT1L,NADAS_AT1L,60110935,NADAS_AT1H,NADAS_AT1H,probable_renamed_duplicate
300920,60060382,RICEBI_LOW,RICEBI_LOW,60110934,RICEBI_HIGH,RICEBI_HIGH,probable_renamed_duplicate
301797,60005957,LV1_MPT-1A_H,LV1_MPT-1A_H,60112576,LV1_MPTA,LV1_MPTA,probable_renamed_duplicate
301894,60005958,LV1_MPT-1B_H,LV1_MPT-1B_H,60112577,LV2_MPTB,LV2_MPTB,probable_renamed_duplicate
302226,60006322,NAV_WSHACK_B,NAV_WSHACK__B,60012331,NAV_ASPIR_B,NAV_ASPIR__B,probable_renamed_duplicate
302554,60002890,ACACIA_T1001H,ACACIA_T1001H,60111650,ACACIA_T1H,ACACIA_T1H,probable_renamed_duplicate
302760,60002154,6455T440,6455T440_1,60008945,1327T4401,1327T440_1,probable_renamed_duplicate
303339,60006981,ROBB_KINGTAP2,ROBB_KINGTAP2_1,60011009,ROBB_KINGTA21,ROBB_KINGTA2_1,probable_renamed_duplicate
305690,60089179,15110,15110_A,60092094,15110_A,15110__A,probable_renamed_duplicate
305690,60004426,DRIVER_SKYWEST,DRIVER_SKYWEST_1,60092094,15110_A,15110__A,probable_renamed_duplicate
306375,60008539,THREE_RI_AUT3_L,THREE_RI_AUT3_L,60069269,THREE_RI_AUT3_H,THREE_RI_AUT3_H,probable_renamed_duplicate
307143,60004975,GBY_AT2L_H,GBY_AT2L_H,60111424,GBY_AT2_H,GBY_AT2_H,probable_renamed_duplicate
307991,60004455,DUNLAP_AT1H,DUNLAP_AT1H,60029126,DUNLAP_AT1L,DUNLAP_AT1L,probable_renamed_duplicate
313285,60004710,FERGCC_1EY-TF-B,FERGCC_1EY-TF-B,60112748,FERGCC_GSU2,FERGCC_GSU2,probable_renamed_duplicate
313286,60004709,FERGCC_1EY-TF-A,FERGCC_1EY-TF-A,60112747,FERGCC_GSU1,FERGCC_GSU1,probable_renamed_duplicate
313287,60004711,FERGCC_1EY-TF-C,FERGCC_1EY-TF-C,60112749,FERGCC_GSU0,FERGCC_GSU0,probable_renamed_duplicate
314832,60004537,EILAND_ELBOW1,EILAND_ELBOW_1,60115034,160751,16075_1,probable_renamed_duplicate
314859,60008783,DUP11_OldTeid,DUP11_1_OldTeid,60098081,DUP111,DUP11_1,probable_renamed_duplicate
315693,60006593,PANDA_S_10BAT10,PANDA_S_10BAT10,60112248,PANDA_S_10AT,PANDA_S_10AT,probable_renamed_duplicate
315698,60006594,PANDA_S_11BAT10,PANDA_S_11BAT10,60112249,PANDA_S_11AT,PANDA_S_11AT,probable_renamed_duplicate
315708,60006595,PANDA_S_12BAT10,PANDA_S_12BAT10,60112247,PANDA_S_12AT,PANDA_S_12AT,probable_renamed_duplicate
316306,60006596,PANDA_T1_10BAT10,PANDA_T1_10BAT10,60112419,PANDA_T1_10AT,PANDA_T1_10AT,probable_renamed_duplicate
316342,60006597,PANDA_T1_11BAT10,PANDA_T1_11BAT10,60112420,PANDA_T1_11AT,PANDA_T1_11AT,probable_renamed_duplicate
316345,60006598,PANDA_T1_12BAT10,PANDA_T1_12BAT10,60112421,PANDA_T1_12AT,PANDA_T1_12AT,probable_renamed_duplicate
320953,60053646,N_SHARPE_138_PS3_A,N_SHARPE_138_PS3_A,60111719,N_SHARPE_138_PS3_B,N_SHARPE_138_PS3_B,probable_renamed_duplicate
325830,60050930,MOULSO_AT3L,MOULSO_AT3L,60111049,MOULSO_AT3H,MOULSO_AT3H,probable_renamed_duplicate
327932,60021777,CASSAVA_CASA1_L,CASSAVA_CASA1_L,60111651,CASSAVA_CASA1_H,CASSAVA_CASA1_H,probable_renamed_duplicate
329572,60008876,1790_H,1790__H,60096904,1792_C,1792__C,probable_renamed_duplicate
329579,60008877,1790_I,1790__I,60096905,1792_D,1792__D,probable_renamed_duplicate
330408,60048231,MASOCT_AT3L,MASOCT_AT3L,60111677,MASOCT_AT3H,MASOCT_AT3H,probable_renamed_duplicate
331251,60008898,6519,6519_A,60096955,6519_A,6519__A,probable_renamed_duplicate
331416,60009438,6526,6526_A,60096956,6526_A,6526__A,probable_renamed_duplicate
331421,60009439,6527,6527_A,60096957,6527_A,6527__A,probable_renamed_duplicate
338932,60008915,6142_A,6142__A,60094881,5142_C,5142__C,probable_renamed_duplicate
338933,60008916,6142_B,6142__B,60094882,5142_D,5142__D,probable_renamed_duplicate
341900,60045291,LNCRK_T2_L,LNCRK_T2_L,60112415,LNCRK_T2,LNCRK_T2,probable_renamed_duplicate
343222,60048215,MASN_T1_L,MASN_T1_L,60111655,MASN_T1_H,MASN_T1_H,probable_renamed_duplicate
343408,60008997,R4_U51,R4_U5_1,60110568,R4_U5,R4_U5_1,confirmed_exact_duplicate
347844,60072101,VEALMOOR_VLMTR1L,VEALMOOR_VLMTR1L,60111321,VEALMOOR_VLMTR1H,VEALMOOR_VLMTR1H,probable_renamed_duplicate
354810,60006697,PHR_AT3L_H,PHR_AT3L_H,60111453,PHR_AT3_H,PHR_AT3_H,probable_renamed_duplicate
358589,60010425,PALMITO_7TR2_H,PALMITO_7TR2_H,60055272,PALMITO_7TR2_L,PALMITO_7TR2_L,probable_renamed_duplicate
358995,60020146,BTTSW_AXFMR1_LOSIDE,BTTSW_AXFMR1_LOSIDE,60110715,BTTSW_AXFMR1_HISIDE,BTTSW_AXFMR1_HISIDE,probable_renamed_duplicate
360927,60010028,WICKETT_WKTWAT1_LO,WICKETT_WKTWAT1_LO,60074388,WICKETT_WKTWAT1_HI,WICKETT_WKTWAT1_HI,probable_renamed_duplicate
363104,60054891,OWLS_138_69_1_LS,OWLS_138_69_1_LS,60111656,OWLS_138_69_1_HS,OWLS_138_69_1_HS,probable_renamed_duplicate
370926,60020147,BTTSW_AXFMR2_LOSIDE,BTTSW_AXFMR2_LOSIDE,60110714,BTTSW_AXFMR2_HISIDE,BTTSW_AXFMR2_HISIDE,probable_renamed_duplicate
374837,60021743,CARVER_T1_L,CARVER_T1_L,60111659,CARVER_T1_H,CARVER_T1_H,probable_renamed_duplicate
377056,60009658,138_GRT_CTW1,138_GRT_CTW_1,60110579,138_GRT_CTW,138_GRT_CTW_1,confirmed_exact_duplicate
379936,60014278,ALTAIR_AT1T_L,ALTAIR_AT1T_L,60111696,ALTAIR_AT1T_H,ALTAIR_AT1T_H,probable_renamed_duplicate
379937,60014279,ALTAIR_AT2T_L,ALTAIR_AT2T_L,60111695,ALTAIR_AT2T_H,ALTAIR_AT2T_H,probable_renamed_duplicate
383643,60059916,REFUGIO_AT1_LS,REFUGIO_AT1_LS,60111089,REFUGIO_AT1_HS,REFUGIO_AT1_HS,probable_renamed_duplicate
396284,60008540,NAVALBAS_NBA1_H,NAVALBAS_NBA1_H,60051855,NAVALBAS_NBA1_L,NAVALBAS_NBA1_L,probable_renamed_duplicate
396676,60010352,APOLLO_TPAT_H,APOLLO_TPAT_H,60077433,APOLLO_TPAT_L,APOLLO_TPAT_L,probable_renamed_duplicate
405328,60010297,6149_F,6149__F,60094213,6245_A,6245__A,probable_renamed_duplicate
405559,60075065,WLNDSSRC_1W2,WLNDSSRC_1W2,60111004,WLNDSSRC_1W1,WLNDSSRC_1W1,probable_renamed_duplicate
405560,60075066,WLNDSSRC_2W2,WLNDSSRC_2W2,60111003,WLNDSSRC_2W1,WLNDSSRC_2W1,probable_renamed_duplicate
408413,60009462,6511_F,6511__F,60097955,6590_A,6590__A,probable_renamed_duplicate
408997,60064433,SGSA_138_69_2_L,SGSA_138_69_2_L,60111002,SGSA_138_69_2_H,SGSA_138_69_2_H,probable_renamed_duplicate
419023,60032848,FORMOSA_TR31_L,FORMOSA_TR31_L,60111919,FORMOSA_TR31,FORMOSA_TR31,probable_renamed_duplicate
419024,60032849,FORMOSA_TR32_L,FORMOSA_TR32_L,60111920,FORMOSA_TR32,FORMOSA_TR32,probable_renamed_duplicate
421508,60010484,FWEHOC11A,FWEHOC11_A,60110583,FWEHOC11,FWEHOC11_A,confirmed_exact_duplicate
422922,60011483,6535_F,6535__F,60090500,6530_B,6530__B,probable_renamed_duplicate
425404,60010966,PEMKIFF_SLPOD,PEMKIFF_SLPOD__1,60091190,16030_A,16030__A,probable_renamed_duplicate
432599,60012179,723T723,723T723_1,60088876,723T764,723T764_1,probable_renamed_duplicate
441993,60011091,W_LD_138_LDXF,W_LD_138_LDXF,60076505,W_LD_138_LDXF_L,W_LD_138_LDXF_L,probable_renamed_duplicate
442273,60065331,SKYLINE_MR1L,SKYLINE_MR1L,60110920,SKYLINE_MR1H,SKYLINE_MR1H,probable_renamed_duplicate
443532,60008109,615T6151,615T615_1,60107759,615T615,615T615_1,confirmed_exact_duplicate
445748,60012213,6132_B,6132__B,60113988,6129_B,6129__B,probable_renamed_duplicate
454840,60011348,HOCPRO01A,HOCPRO01_A,60110584,HOCPRO01,HOCPRO01_A,confirmed_exact_duplicate
459076,60072120,VENADO_T3_L,VENADO_T3_L,60112617,VENADO_T3,VENADO_T3,probable_renamed_duplicate
459962,60066306,SOLSTICE_T1_L,SOLSTICE_T1_L,60111654,SOLSTICE_T1,SOLSTICE_T1,probable_renamed_duplicate
459973,60011416,SOLSTICE_T2,SOLSTICE_T2,60066307,SOLSTICE_T2_L,SOLSTICE_T2_L,probable_renamed_duplicate
460017,60011415,SOLSTICE_PST1,SOLSTICE_PST1,60066303,SOLSTICE_PST1_L,SOLSTICE_PST1_L,probable_renamed_duplicate
468141,60071529,TYLSW_AXFMR1H,TYLSW_AXFMR1H,60111275,TYLSW_AXFMR1L,TYLSW_AXFMR1L,probable_renamed_duplicate
508684,60036710,GYP_GYP1_1,GYP_GYP1_1,60111391,GYP_GYP1_2,GYP_GYP1_2,probable_renamed_duplicate
521226,60059815,REDGTSS_REDG_L,REDGTSS_REDG_L,60110943,REDGTSS_REDG,REDGTSS_REDG,probable_renamed_duplicate
521825,60057837,PRIDDY_T3_L,PRIDDY_T3_L,60112450,PRIDDY_T3,PRIDDY_T3,probable_renamed_duplicate
531829,60029127,DUNLAP_AT2_L,DUNLAP_AT2_L,60111122,DUNLAP_AT2,DUNLAP_AT2,probable_renamed_duplicate
537561,60012089,QUEEN_BA_T1,QUEEN_BA_T1,60112217,QUEEN_BA_ROAD,QUEEN_BA_ROAD,probable_renamed_duplicate
552502,60022186,CCKSW_AXFMR1_L,CCKSW_AXFMR1_L,60111189,CCKSW_AXFMR1,CCKSW_AXFMR1,probable_renamed_duplicate
553904,60012035,ASPM_69T2,ASPM_69T2,60015457,ASPM_69T2_L,ASPM_69T2_L,probable_renamed_duplicate
555249,60012314,HI_LONEB_T1,HI_LONEB_T1,60112216,HI_LONEB_HILO,HI_LONEB_HILO,probable_renamed_duplicate
570393,60012440,138_WIC_OW2,138_WIC_OW2_1,60092466,138_WIC_OW2_1,138_WIC_OW2__1,probable_renamed_duplicate
571544,60012336,1687T6871,1687T687_1,60114815,687T6871,687T687_1,probable_renamed_duplicate
571545,60012334,1674T6741,1674T674_1,60114814,674T6741,674T674_1,probable_renamed_duplicate
579251,60071336,TXCITYMN_TCM1_L,TXCITYMN_TCM1_L,60111405,TXCITYMN_TCM1,TXCITYMN_TCM1,probable_renamed_duplicate
586575,60001609,500T2311,500T231_1,60012896,1500T231,1500T231_1,probable_renamed_duplicate
586576,60000744,197T1711,197T171_1,60012714,1197T171,1197T171_1,probable_renamed_duplicate
588613,60018518,BOARDCRK_T3_L,BOARDCRK_T3_L,60112075,BOARDCRK_T3,BOARDCRK_T3,probable_renamed_duplicate
589507,60012502,138_TRB_FXT1,138_TRB_FXT_1,60108972,138_TRB_FXT,138_TRB_FXT_1,confirmed_exact_duplicate
597080,60037532,HEADWA_AT1_L,HEADWA_AT1_L,60111047,HEADWA_AT1,HEADWA_AT1,probable_renamed_duplicate
597632,60068639,TAYLR_AXFMR1-138,TAYLR_AXFMR1-138,60110883,TAYLR_AXFMR1-69,TAYLR_AXFMR1-69,probable_renamed_duplicate
599380,60012592,69_LWT_BKY,69_LWT_BKY_1,60093142,69_LWH_BKY,69_LWH_BKY_1,probable_renamed_duplicate
602570,60040116,INRT_W_T1A_L,INRT_W_T1A_L,60112368,INRT_W_T1A,INRT_W_T1A,probable_renamed_duplicate
603399,60012585,FILESSLR_TLINE,FILESSLR_TLINE_1,60092035,FILESSLR_TLINE_1,FILESSLR_TLINE__1,probable_renamed_duplicate
603719,60012599,YNG_WND_TL,YNG_WND_TL_1,60092515,YNG_WND_TL_1,YNG_WND_TL__1,probable_renamed_duplicate
605078,60012728,6140_B,6140__B,60094878,5140_B,5140__B,probable_renamed_duplicate
608249,60053387,NVAP_345_NPXF_L,NVAP_345_NPXF_L,60111645,NVAP_345_NPXF,NVAP_345_NPXF,probable_renamed_duplicate
610535,60012680,CROWN_TLINE,CROWN_TLINE_1,60092027,CROWN_TLINE_1,CROWN_TLINE__1,probable_renamed_duplicate
610686,60012681,GOLINDA_TLINE,GOLINDA_TLINE_1,60092487,GOLINDA_TLINE_1,GOLINDA_TLINE__1,probable_renamed_duplicate
626358,60012927,MANTLE_NEDIN11,MANTLE_NEDIN1_1,60110575,MANTLE_NEDIN1,MANTLE_NEDIN1_1,confirmed_exact_duplicate
626359,60012928,BONILL_MANTLE11,BONILL_MANTLE1_1,60110576,BONILL_MANTLE1,BONILL_MANTLE1_1,confirmed_exact_duplicate
639261,60012848,EBELLSLR_TLINE,EBELLSLR_TLINE_1,60092032,EBELLSLR_TLINE_1,EBELLSLR_TLINE__1,probable_renamed_duplicate
639857,60012894,CORALSLR_TLINE,CORALSLR_TLINE_1,60092026,CORALSLR_TLINE_1,CORALSLR_TLINE__1,probable_renamed_duplicate
648671,60001726,56T3791,56T379_1,60088912,1156T379,1156T379_1,probable_renamed_duplicate
649725,60088886,PALE_ESS_TLINE,PALE_ESS_TLINE_1,60092494,PALE_ESS_TLINE_1,PALE_ESS_TLINE__1,probable_renamed_duplicate
653511,60077815,LOBO_FOWLRTN11,LOBO_FOWLRTN1_1,60089241,LOBO_FOWLRTN1_OldTeid,LOBO_FOWLRTN1_1_OldTeid,probable_renamed_duplicate
654388,60012963,14040_I,14040__I,60095567,14045_B,14045__B,probable_renamed_duplicate
655566,60088883,CRSW-CHAL_SLR,CRSW-CHAL_SLR_1,60092477,CRSW-CHAL_SLR_1,CRSW-CHAL_SLR__1,probable_renamed_duplicate
665571,60088885,HUTT_SW_DRIVER,HUTT_SW_DRIVER_1,60092488,HUTT_SW_DRIVER_1,HUTT_SW_DRIVER__1,probable_renamed_duplicate
672490,60089154,HMNG_ESS_TLINE,HMNG_ESS_TLINE_1,60092036,HMNG_ESS_TLINE_1,HMNG_ESS_TLINE__1,probable_renamed_duplicate
673082,60000884,226T2871,226T287_1,60088872,1226T287,1226T287_1,probable_renamed_duplicate
702593,60091192,16030_C,16030__C,60104568,14060_G,14060__G,probable_renamed_duplicate
706409,60091866,GREENCK_GCK1,GREENCK_GCK1,60091867,GREENCK_GCK1_L,GREENCK_GCK1_L,probable_renamed_duplicate
706410,60091869,GREENCK_GCK2_L,GREENCK_GCK2_L,60110606,GREENCK_GCK2,GREENCK_GCK2,probable_renamed_duplicate
706817,60093146,66_KST_WBL,66_KST_WBL_1,60095295,69_KST_WBL,69_KST_WBL_1,probable_renamed_duplicate
706818,60093145,66_KRT_WBL,66_KRT_WBL_1,60095294,69_KRT_WBL,69_KRT_WBL_1,probable_renamed_duplicate
706819,60093144,66_WNK_WBL,66_WNK_WBL_1,60095292,69_WNK_WBL,69_WNK_WBL_1,probable_renamed_duplicate
712718,60092616,BLCKJACK_BKJK_L,BLCKJACK_BKJK_L,60111396,BLCKJACK_BKJK,BLCKJACK_BKJK,probable_renamed_duplicate
714955,60092541,6360_H,6360__H,60093160,6385_A,6385__A,probable_renamed_duplicate
715048,60009734,SCHOTT_SUNNIL11,SCHOTT_SUNNIL1_1,60094863,SCHOTT_SUNIL1,SCHOTT_SUNIL1_1,probable_renamed_duplicate
717071,60092942,RGRSW_AXFMR3-138,RGRSW_AXFMR3-138,60111167,RGRSW_AXFMR3-69,RGRSW_AXFMR3-69,probable_renamed_duplicate
722180,60008121,627T6271,627T627_1,60095302,1627T627,1627T627_1,probable_renamed_duplicate
726797,60093273,6136_Z,6136__Z,60098838,6136_A,6136__A,probable_renamed_duplicate
731221,60001518,413T4131,413T413_1,60095273,1413T413,1413T413_1,probable_renamed_duplicate
732128,60095669,HOWARD_MR1,HOWARD_MR1,60095670,HOWARD_MR1_L,HOWARD_MR1_L,probable_renamed_duplicate
732137,60095671,HOWARD_MR2,HOWARD_MR2,60095672,HOWARD_MR2_L,HOWARD_MR2_L,probable_renamed_duplicate
741116,60095183,TRU_TRF2,TRU_TRF2,60095184,TRU_TRF2_L,TRU_TRF2_L,probable_renamed_duplicate
741869,60002420,67T2801,67T280_1,60096995,167T280,167T280_1,probable_renamed_duplicate
741970,60011211,668T6681,668T668_1,60096997,1668T668,1668T668_1,probable_renamed_duplicate
742409,60000781,203T2601,203T260_1,60096996,1203T260,1203T260_1,probable_renamed_duplicate
747861,60096324,1261_E,1261__E,60113935,1267_A,1267__A,probable_renamed_duplicate
755832,60097038,1510T5101_OldTeid,1510T510_1_OldTeid,60098375,510T5101_OldTeid,510T510_1_OldTeid,probable_renamed_duplicate
768792,60102373,PRY_PRY2_L,PRY_PRY2_L,60110598,PRY_PRY2,PRY_PRY2,probable_renamed_duplicate
824576,60100633,WATTP_AXFMR1-138,WATTP_AXFMR1-138,60100634,WATTP_AXFMR1-69,WATTP_AXFMR1-69,probable_renamed_duplicate
827121,60100818,1510T5101,1510T510_1,60104560,510T5101,510T510_1,probable_renamed_duplicate
827239,60103495,1601T601,1601T601_1,60114819,601T6011,601T601_1,probable_renamed_duplicate
828947,60101276,TIDEHAVE_TR2_L,TIDEHAVE_TR2_L,60111058,TIDEHAVE_TR2,TIDEHAVE_TR2,probable_renamed_duplicate
833433,60104013,WILMR_MR1H_OldTeid,WILMR_MR1H_OldTeid,60114284,WILSW_MR2H,WILSW_MR2H,probable_renamed_duplicate
833433,60113858,WILMR_MR2H,WILMR_MR2H,60114284,WILSW_MR2H,WILSW_MR2H,probable_renamed_duplicate
833434,60104014,WILMR_MR1L_OldTeid,WILMR_MR1L_OldTeid,60114285,WILSW_MR2L,WILSW_MR2L,probable_renamed_duplicate
833434,60113859,WILMR_MR2L,WILMR_MR2L,60114285,WILSW_MR2L,WILSW_MR2L,probable_renamed_duplicate
833454,60104015,WILMR_MR2H_OldTeid,WILMR_MR2H_OldTeid,60114282,WILSW_MR1H,WILSW_MR1H,probable_renamed_duplicate
833454,60113856,WILMR_MR1H,WILMR_MR1H,60114282,WILSW_MR1H,WILSW_MR1H,probable_renamed_duplicate
833817,60002226,6525_A,6525__A,60110565,6525,6525__A,confirmed_exact_duplicate
836688,60104016,WILMR_MR2L_OldTeid,WILMR_MR2L_OldTeid,60114283,WILSW_MR1L,WILSW_MR1L,probable_renamed_duplicate
836688,60113857,WILMR_MR1L,WILMR_MR1L,60114283,WILSW_MR1L,WILSW_MR1L,probable_renamed_duplicate
837662,60104080,BOHEAS_66,BOHEAS_66_A,60113899,BOHEAS66A,BOHEAS66_A,probable_renamed_duplicate
846315,60101921,FERIS_XFRM_L,FERIS_XFRM_L,60110778,FERIS_XFRM,FERIS_XFRM,probable_renamed_duplicate
846798,60105419,1519T519,1519T519_1,60114818,519T5191,519T519_1,probable_renamed_duplicate
846816,60105420,1109T220,1109T220_1,60114813,109T2201,109T220_1,probable_renamed_duplicate
857689,60103578,1680T6801,1680T680_1,60114292,680T6801,680T680_1,probable_renamed_duplicate
857822,60104507,1150T2201,1150T220_1,60114817,150T2201,150T220_1,probable_renamed_duplicate
860529,60104563,1275_C,1275__C,60114749,1375_C,1375__C,probable_renamed_duplicate
870705,60112880,186T2351,186T235_1,60115061,86T2351,86T235_1,probable_renamed_duplicate
875384,60114497,GAINSVIL_AUTO1,GAINSVIL_AUTO1,60114498,GAINSVIL_AUTO1_L,GAINSVIL_AUTO1_L,probable_renamed_duplicate
875578,60114499,GAINSVIL_AUTO2_H,GAINSVIL_AUTO2_H,60114500,GAINSVIL_AUTO2_L,GAINSVIL_AUTO2_L,probable_renamed_duplicate
878709,60114803,SASASW_AT_M_H,SASASW_AT_M_H,60114804,SASASW_AT_M_L,SASASW_AT_M_L,probable_renamed_duplicate
883374,60115491,HAWKINSW_TRF1,HAWKINSW_TRF1,60115492,HAWKINSW_TRF1_L,HAWKINSW_TRF1_L,probable_renamed_duplicate
883375,60115493,HAWKINSW_TRF2,HAWKINSW_TRF2,60115494,HAWKINSW_TRF2_L,HAWKINSW_TRF2_L,probable_renamed_duplicate
