teid,ercotDampsseId,n_hours,n_inservice,pct_inservice,dampsse_default_status,tier,dampsse_name_raw
30352,4094,17520,17376,0.9918,Closed,substring_name_station,LINE_1_1
120056,4153,17520,17359,0.9908,Closed,substring_name_station,LINE1_1
280444,7936,17520,16392,0.9356,Closed,station_pair_leg,SNDSW_MR1L
327869,2605,17520,17520,1.0,Closed,substring_name,DERMOTT_T2
98510,974,17520,17502,0.999,Closed,substring_name,ACSSW_AX1H
375369,5907,17520,17510,0.9994,Closed,substring_name,MARION_AT3H
279822,4631,17520,17217,0.9827,Closed,station_pair_ckt,LA_PALMA_69A1
121955,1239,17520,17441,0.9955,Closed,station_pair_leg,BNBSW_MR2L
280307,2618,17520,17520,1.0,Closed,station_pair_leg,CLIMAX_AAT2
279191,946,17520,17461,0.9966,Closed,station_pair,BARL_FMR1
279008,863,17520,17159,0.9794,Closed,station_pair,ARANSASP_69A1
12853,4310,17520,17249,0.9845,Closed,station_pair,GUNMTN_T1
74129,4546,17520,17236,0.9838,Closed,station_pair_leg,LHORN_N_T2
279293,2588,17520,17466,0.9969,Closed,station_pair_leg,CMNSW_MR1H
279502,6198,17520,17410,0.9937,Closed,station_pair,NLARSW_PS1
279218,4652,17520,17430,0.9949,Closed,station_pair_leg,MCSES_MR1H
280447,7793,17520,16392,0.9356,Closed,station_pair_leg,SNDSW_MR1H
124631,7783,17520,17520,1.0,Closed,station_pair_leg,SCOSW_MR2L
346164,1083,17520,17520,1.0,Closed,substring_name,BERGHE_AT1L
279816,9539,17520,17510,0.9994,Closed,station_pair_leg,WHTNY_HT1H
41231,2709,17520,360,0.0205,Open,station_pair_leg,DOWGEN_F760
155001,2663,17520,0,0.0,Open,station_pair_leg,DCSES_MR1H
148323,7900,17520,17344,0.99,Closed,station_pair_leg,SHRSW_MR1H
126319,2674,17520,17439,0.9954,Closed,substring_name,DMTSW_AX1H
90296,4420,17520,17520,1.0,Closed,substring_name,KENDAL_AT3L
280321,2928,17520,17520,1.0,Closed,station_pair_leg,GN_S_I_XT2L
280322,4473,17520,17439,0.9954,Closed,station_pair_leg,LMESA_FMR2
438336,4516,17520,17502,0.999,Closed,station_pair_leg,HUTTO_MR2L
27504,4629,17520,17452,0.9961,Closed,substring_name_leg,MDO_AT1L
139318,4548,17520,17417,0.9941,Closed,station_pair_leg,LIGSW_MR2H
7302,4421,17520,17520,1.0,Closed,substring_name,KENDAL_AT5L
279274,4262,17520,17520,1.0,Closed,station_pair,GRSBK_FMR1
280326,1167,17520,16133,0.9208,Closed,station_pair_leg,BNDVS_DT1L
61149,4543,17520,15227,0.8691,Closed,station_pair_leg,LFKSW_MR1L
279663,982,17520,17520,1.0,Closed,station_pair_leg,AMOCOTN_COT1
95416,4585,17520,17520,1.0,Closed,substring_name,MARION_AT2L
280330,6112,17520,17427,0.9947,Closed,station_pair_leg,MGSES_MR2H
659626,11549,17520,17397,0.993,Closed,station_pair_leg,CHLD_XF1H
280331,4466,17520,17520,1.0,Closed,station_pair_leg,LCSES_MR2L
280332,9436,17520,17512,0.9995,Closed,station_pair_leg,VICTORIA_69A2
48830,7981,17520,17301,0.9875,Closed,substring_name,SRWE1_TR1
329307,7887,17520,17520,1.0,Closed,station_pair_leg,TCOSW_AX1L
126307,4277,17520,17316,0.9884,Closed,station_pair_leg,HKBRY_MR3H
279115,2923,17520,17271,0.9858,Closed,station_pair_leg,GIBCRK_FM3L
279413,7984,17520,17462,0.9967,Closed,station_pair,STERT_FMR1
280335,7647,17520,17448,0.9959,Closed,station_pair_ckt,RIOPECOS_69_2
279783,9432,17520,17520,1.0,Closed,station_pair_ckt,YELWJCKT_69T1
279321,9453,17520,11291,0.6445,Closed,station_pair_leg,WTRML_MR1L
368367,7914,17520,17383,0.9922,Closed,station_pair_leg,STNSW_AX1L
280336,2637,17520,17520,1.0,Closed,substring_name,DANSBY_T1
125352,6094,17520,17361,0.9909,Closed,station_pair_leg,NCARBIDE_69A2
443804,9541,17520,17413,0.9939,Closed,substring_name,WINCHES_AT2L
84214,7652,17520,17285,0.9866,Closed,substring_name,RSNAKE_T1
429039,7777,17520,17505,0.9991,Closed,substring_name,RVRSW_AX1L
280010,2750,17520,17257,0.985,Closed,substring_name,DT_AT1
280341,2807,17520,17520,1.0,Closed,station_pair_leg,FOX_FMR2
326920,9489,17520,17429,0.9948,Closed,substring_name,ZEN_AT2
441596,7978,17520,17361,0.9909,Closed,substring_name,SLKSW_AX2L
132781,1033,17520,17520,1.0,Closed,station_pair_leg,CBFSW_MR1L
279397,973,17520,17520,1.0,Closed,station_pair_leg,ABNTHWST_69T1
313506,1226,17520,17520,1.0,Closed,substring_name,CLEASP_AT2L
320410,9553,17520,17413,0.9939,Closed,substring_name,YUCSW_MR1L
279818,9376,17520,17500,0.9989,Closed,station_pair_leg,WHTNY_MR2H
408997,7820,17520,16979,0.9691,Closed,station_pair,SGSA_A2
279705,8019,17520,17464,0.9968,Closed,substring_name,SMITHV_AT3
69336,1224,17520,17520,1.0,Closed,substring_name,CEDRHILL_T1
279472,976,17520,16547,0.9445,Closed,substring_name,AK_XT01
280347,7778,17520,17520,1.0,Closed,station_pair_leg,RYSSW_FMR3
279104,6047,17520,17520,1.0,Closed,station_pair_leg,MLSES_MR1L
61378,9332,17520,17053,0.9733,Closed,station_pair_leg,VENSW_MR1H
279481,1278,17520,16621,0.9487,Closed,substring_name_leg,BI_AT5L
279310,4412,17520,4958,0.283,Open,station_pair_leg,HLSES_MR1L
279639,5931,17520,16911,0.9652,Closed,station_pair_leg,LYTTON_S_AT1H
358995,1126,17520,17520,1.0,Closed,station_pair_ckt,BTTSW_FMR1
279071,9496,17520,16590,0.9469,Closed,station_pair_leg,TYGND_MR1H
279426,1167,17520,16133,0.9208,Closed,station_pair_leg,BNDVS_DT1L
87084,2528,17520,17414,0.9939,Closed,substring_name_leg,CLEASP_AT1L
363677,6231,17520,17340,0.9897,Closed,substring_name,OB_AT2
279377,1060,17520,17520,1.0,Closed,station_pair_ckt,BRAZORIA_OAT1
279387,4301,17520,17247,0.9844,Closed,substring_name,GILLES_AT1
96882,4588,17520,17437,0.9953,Closed,substring_name,MCNSW_MR1L
352495,7953,17520,17333,0.9893,Closed,substring_name,THW_AT3
279707,4384,17520,16608,0.9479,Closed,station_pair_leg,HILLCTRY_MR4L
279577,7842,17520,13730,0.7837,Closed,station_pair,TABOR_R033
379937,10785,17520,16888,0.9639,Closed,substring_name,ALTAIR_AT2T
279004,9499,17520,17520,1.0,Closed,station_pair_leg,VALERO_1_69
131895,9382,17520,17338,0.9896,Closed,station_pair_leg,WLVEE_MR1H
279517,4664,17520,10441,0.5959,Closed,substring_name_leg,LEG_AT1L
410507,1088,17520,17398,0.993,Closed,substring_name,BLSUMIT3_T1
863988,13300,2400,0,0.0,Open,substring_name,FRONTERA_XFH2
96909,6017,17520,17437,0.9953,Closed,substring_name,MCNSW_MR1H
280442,9280,17520,17433,0.995,Closed,substring_name,TC_010A
280357,1001,17520,17520,1.0,Closed,station_pair_leg,AUSTRO_AT2L
280448,7906,17520,17320,0.9886,Closed,station_pair_leg,SKYLINE_MR4L
60992,4430,17520,15227,0.8691,Closed,station_pair_leg,LFKSW_MR1H
279466,909,17520,17520,1.0,Closed,station_pair,BELCNTY_XFMR
123345,7655,17520,17276,0.9861,Closed,substring_name,SALTFORK_T1
279614,7823,17520,17520,1.0,Closed,station_pair_leg,SKYLINE_MR2H
73802,4639,17520,17236,0.9838,Closed,station_pair_leg,LHORN_N_T1
422439,4364,17520,17438,0.9953,Closed,substring_name,JCK_AT3
94510,9456,17520,17356,0.9906,Closed,substring_name,ZEN_AT1
280363,2633,17520,17326,0.9889,Closed,station_pair,CS_TRT1
279229,13214,3071,0,0.0,Open,station_pair_leg,TMPSW_MR2H
354809,6279,17520,17501,0.9989,Closed,substring_name,PHR_AT3
76988,9327,17520,17520,1.0,Closed,substring_name,TWINBU_AT2H
429041,7738,17520,17430,0.9949,Closed,substring_name,RVRSW_AX2H
718554,12207,14784,13671,0.9247,Closed,station_pair_leg,EXCSW_MR1L
438355,7692,17520,17520,1.0,Closed,station_pair_leg,SARRD_MR2L
279240,6336,17520,16946,0.9672,Closed,station_pair_leg,RENSW_MR2H
279512,4467,17520,17308,0.9879,Closed,substring_name,LEG_AT2
313556,6200,17520,17142,0.9784,Closed,substring_name,NORTMC_AT1H
280365,9404,17520,17087,0.9753,Closed,station_pair_leg,W_DENT_T1H
300172,6154,17520,17512,0.9995,Closed,substring_name,NADAS_AT1
61856,6134,17520,17520,1.0,Closed,station_pair_leg,ODEHV_MR3H
681446,11779,17520,12713,0.7256,Closed,station_pair_leg,TEASW_MR1H
279434,2622,17520,17448,0.9959,Closed,station_pair_leg,CNRSW_MR1L
153623,7729,17520,17520,1.0,Closed,station_pair_leg,SHRSW_MR2H
603131,1266,17520,17520,1.0,Closed,station_pair_leg,CONSW_MR1L
279587,4377,17520,17520,1.0,Closed,station_pair_leg,GRSES_MR1H
279051,2831,17520,17520,1.0,Closed,station_pair_leg,ELMOT_MR2L
51782,6024,17520,17396,0.9929,Closed,station_pair,MILLSW_FMR1
257871,5974,17520,17352,0.9904,Closed,station_pair,LYTLE2_AUT1
279501,2544,17520,17175,0.9803,Closed,substring_name,CBY_AT3
279463,2631,17520,17388,0.9925,Closed,station_pair_leg,CRLNW_MR1L
273492,2616,17520,17520,1.0,Closed,station_pair,CHOATE_CHOT
279249,1174,17520,17520,1.0,Closed,station_pair,BRNWD_FMR1
279726,1039,17520,17520,1.0,Closed,station_pair_leg,AUSTRO_AT1L
280381,1106,17520,17505,0.9991,Closed,station_pair_leg,CAGNON_MR4L
334577,4407,17520,17486,0.9981,Closed,substring_name,HICKMAN_T1
280384,8024,17520,17520,1.0,Closed,station_pair_leg,SPUNKY_FMR2
119137,1090,17520,17441,0.9955,Closed,station_pair_leg,BNBSW_MR2H
313488,2617,17520,17520,1.0,Closed,substring_name,CLEASP_AT2H
88076,1086,17520,17428,0.9947,Closed,substring_name_leg,BI_AT4L
280387,2924,17520,17425,0.9946,Closed,station_pair_leg,GIBCRK_WT1L
279315,2864,17520,17364,0.9911,Closed,station_pair_leg,EMSES_MR1L
603092,2625,17520,17510,0.9994,Closed,station_pair_leg,CONSW_MR2H
279717,4302,17520,17512,0.9995,Closed,substring_name,GLIDDE_AT1
6084,2705,17520,17376,0.9918,Closed,substring_name,DIGBY_T2
279358,4496,17520,17509,0.9994,Closed,station_pair_leg,LAREDO_A2-H
279139,9310,17520,17462,0.9967,Closed,station_pair,WICKT_FMR1
280068,4224,17520,17466,0.9969,Closed,substring_name_leg,GBY_AT5H
443803,9450,17520,17413,0.9939,Closed,substring_name,WINCHES_AT2H
279290,7785,17520,17510,0.9994,Closed,station_pair_leg,SGVSW_MR2L
370247,1271,17520,17509,0.9994,Closed,station_pair_leg,CRSCN_XF1H
364058,7990,17520,17465,0.9969,Closed,substring_name,TAHOKA_T2
280393,7923,17520,17019,0.9714,Closed,substring_name,THW_AT2
279057,9323,17520,16965,0.9683,Closed,station_pair_leg,TRSES_MR6L
53948,7592,17520,17520,1.0,Closed,substring_name,RUSTHILL_T1
720715,12225,14784,13038,0.8819,Closed,station_pair_leg,RCKSW_MR2H
278972,4435,17520,17486,0.9981,Closed,station_pair,LMRBL_FMR2
279468,7649,17520,15950,0.9104,Closed,station_pair_leg,RNKSW_MR1H
320668,4614,17520,17375,0.9917,Closed,substring_name_leg,LYTTON_S_AT3L
318769,4336,17520,17502,0.999,Closed,substring_name,GILLCR_AT2L
60976,8005,17520,17272,0.9858,Closed,station_pair_leg,TMPCR_MR1L
279078,7894,17520,17520,1.0,Closed,station_pair_leg,SCSES_MR1H
313621,6058,17520,17386,0.9924,Closed,substring_name,NORTMC_AT2H
280399,4534,17520,17465,0.9969,Closed,station_pair_leg,KOCH_UP_69A1
279066,9321,17520,17509,0.9994,Closed,station_pair,TROUP_FMR1
280400,4673,17520,17464,0.9968,Closed,station_pair_ckt,LON_HILL_69A2
279296,4370,17520,17520,1.0,Closed,station_pair_leg,KLNSW_MR1H
60320,938,17520,17520,1.0,Closed,station_pair_leg,ALNSW_MR2L
279608,7658,17520,17481,0.9978,Closed,station_pair,SANORTH_69T1
5760701,2946,17520,63,0.0036,Open,substring_name_leg,FAYETT_AT2L
319007,2608,17520,17358,0.9908,Closed,substring_name,DOW_AT6
279220,4624,17520,17430,0.9949,Closed,station_pair_leg,MCSES_MR1L
400155,4325,17520,17495,0.9986,Closed,station_pair,HOLDY_FMR1
279408,2662,17520,17515,0.9997,Closed,substring_name,DANSBY_T3
190009,9539,17520,17510,0.9994,Closed,station_pair_leg,WHTNY_HT1H
278998,6343,17520,17520,1.0,Closed,station_pair_ckt,PEARSALL_69_4
279146,6167,17520,16563,0.9454,Closed,station_pair_leg,ODEHV_MR1H
279491,1017,17520,17520,1.0,Closed,station_pair_leg,BOMSW_MR1H
280411,8017,17520,15600,0.8904,Closed,station_pair_leg,SKYLINE_MR3H
100188,9415,17520,17520,1.0,Closed,station_pair,WINK_KAT2
279638,4553,17520,16911,0.9652,Closed,station_pair_leg,LYTTON_S_AT1L
280412,7617,17520,15625,0.8918,Closed,station_pair_leg,RNKSW_MR2L
863967,13301,2400,0,0.0,Open,substring_name,FRONTERA_XFL1
304027,9315,17520,17079,0.9748,Closed,substring_name,TB_AT2
28328,6065,17520,16617,0.9485,Closed,station_pair_leg,ORANS_XF2H
280414,4631,17520,17217,0.9827,Closed,station_pair_leg,LA_PALMA_69A1
279952,2755,17520,16763,0.9568,Closed,substring_name,ELB_ECXF
280416,4298,17520,17337,0.9896,Closed,station_pair_leg,GIBCRK_WT2L
372720,1027,17520,17520,1.0,Closed,substring_name,CABEZON_T2
327087,4396,17520,17512,0.9995,Closed,substring_name,JCK_AT2
279787,9486,17520,17347,0.9901,Closed,substring_name,WRN_XT1
2013,6312,17520,17479,0.9977,Closed,substring_name,PHR_AT2
364817,6178,17520,17150,0.9789,Closed,substring_name,PHARRSVC_AUT2
718824,12209,14784,13746,0.9298,Closed,station_pair_leg,EXCSW_MR2H
54008,6137,17520,16316,0.9313,Closed,station_pair_leg,ORANS_XF1L
139919,953,17520,17398,0.993,Closed,substring_name,BLSUMMIT_TRF1
320667,4648,17520,17375,0.9917,Closed,substring_name_leg,LYTTON_S_AT3H
279523,6063,17520,17476,0.9975,Closed,station_pair,ODNTH_FMR1
405559,9420,17520,17401,0.9932,Closed,station_pair_leg,WLNDSSRC_XF-1
279401,9398,17520,17492,0.9984,Closed,station_pair_leg,VENSW_MR3H
279271,12202,14784,14784,1.0,Closed,station_pair_leg,DILLEYSW_XF1H
81018,9393,17520,17520,1.0,Closed,substring_name,TWINBU_AT2L
279225,899,17520,16633,0.9494,Closed,station_pair_leg,ANASW_XF2L
370248,1232,17520,17509,0.9994,Closed,station_pair_leg,CRSCN_XF1L
279649,9365,17520,17512,0.9995,Closed,station_pair_leg,VICTORIA_69A1
279226,1228,17520,16463,0.9397,Closed,station_pair_leg,CMTSW_FMR1
681480,11783,17520,14841,0.8471,Closed,station_pair_leg,TEASW_MR2L
326252,5994,17520,17520,1.0,Closed,substring_name,NA_NO_1
262772,1254,17520,17488,0.9982,Closed,station_pair_leg,CAGNON_MR1H
326255,6152,17520,13906,0.7937,Closed,substring_name,NA_NO_5
313123,4268,17520,14174,0.809,Closed,substring_name,HAMILTON_AUT2
320383,9524,17520,17413,0.9939,Closed,substring_name,YUCSW_MR1H
279398,7623,17520,17520,1.0,Closed,station_pair,SACH_69T1
280436,7883,17520,17499,0.9988,Closed,station_pair,STASW_FMR1
279046,4542,17520,17433,0.995,Closed,station_pair_leg,LENSW_FMR2
279785,9424,17520,11430,0.6524,Closed,substring_name,WO_AT2
279846,2746,17520,17358,0.9908,Closed,substring_name,DOW_AT1
88075,1052,17520,17428,0.9947,Closed,substring_name,BI_AT4
279720,4460,17520,17248,0.9845,Closed,station_pair,KINGSBER_AT_1
465299,2529,17520,17508,0.9993,Closed,station_pair_leg,CMBSW_MR1L
399343,4414,17520,17320,0.9886,Closed,substring_name,IH20_IHS1
279101,4357,17520,17478,0.9976,Closed,station_pair,HRN_NAT1
280159,4429,17520,17510,0.9994,Closed,station_pair_leg,LENSW_FMR5
279327,2887,17520,17520,1.0,Closed,station_pair,GEOWEST_69_1
279047,2859,17520,17474,0.9974,Closed,station_pair_leg,ELMOT_FMR1
21497,4235,17520,17492,0.9984,Closed,substring_name_leg,GS_AT2L
416406,1242,17520,17362,0.991,Closed,station_pair,BNTSW_FMR1
652128,11558,17520,17497,0.9987,Closed,station_pair_leg,LPNSW_MR2L
279322,1188,17520,17520,1.0,Closed,station_pair_leg,CLIMAX_AAT1
279685,2984,17520,17381,0.9921,Closed,substring_name,GABRIE_AT1
28444,6066,17520,16617,0.9485,Closed,station_pair_leg,ORANS_XF2L
279165,7781,17520,17503,0.999,Closed,substring_name,SC_AT1
279574,2938,17520,17520,1.0,Closed,station_pair_leg,EDGWD_MR2L
196470,9507,17520,17329,0.9891,Closed,substring_name,WAKEWE_T2
279675,4388,17520,17419,0.9942,Closed,station_pair,HONDOCK_69_1
279828,9387,17520,17520,1.0,Closed,substring_name,TNWHTBKR_WBAT
399344,4440,17520,0,0.0,Open,substring_name,IH20_IHS2
361523,6140,17520,17144,0.9785,Closed,substring_name,PALMASVC_AUT1
438354,7868,17520,17520,1.0,Closed,station_pair_leg,SARRD_MR2H
374205,2900,17520,17462,0.9967,Closed,station_pair_leg,EVRSW_MR4H
830879,12897,6768,5801,0.8571,Closed,station_pair_leg,PRLSW_MR2L
429032,9419,17520,17511,0.9995,Closed,substring_name,WLFSW_AX1L
279402,9274,17520,17492,0.9984,Closed,station_pair_leg,VENSW_MR3L
80439,7821,17520,17396,0.9929,Closed,substring_name,SHANNONW_T1
280168,8014,17520,17520,1.0,Closed,station_pair_leg,VALERO_2_69
279238,7721,17520,14701,0.8391,Closed,station_pair_leg,SARRD_MR1H
334578,4276,17520,17486,0.9981,Closed,substring_name,HICKMAN_T2
359854,4413,17520,16890,0.964,Closed,substring_name,HUD_XT02
280169,4583,17520,16565,0.9455,Closed,station_pair_leg,LYTTON_S_AT2H
69860,827,17520,17520,1.0,Closed,station_pair_leg,ALMC_T2
419958,892,17520,17476,0.9975,Closed,substring_name,ACSSW_AX2H
875578,14688,384,0,0.0,Open,station_pair_leg,GAINSVIL_TRF2
278994,6236,17520,16546,0.9444,Closed,station_pair,ORNGROV_69_1
726990,12212,14784,11554,0.7815,Closed,station_pair_leg,HERON_XF1H
279763,8000,17520,17038,0.9725,Closed,substring_name_leg,THW_AT1L
279564,6050,17520,17331,0.9892,Closed,station_pair_leg,MNSES_MR1L
279682,7811,17520,17514,0.9997,Closed,substring_name,SANDCR_AT1
279037,9551,17520,12056,0.6881,Closed,station_pair_leg,WWEST_MR2H
278967,6218,17520,17320,0.9886,Closed,station_pair,PAUL_69-1
278984,1203,17520,17512,0.9995,Closed,station_pair,BOW_FMR1
279531,7611,17520,14176,0.8091,Closed,station_pair_leg,RDWELLS_FMR1
280176,9291,17520,16410,0.9366,Closed,station_pair_leg,TMPSW_MR1L
279425,4350,17520,17520,1.0,Closed,station_pair,HIL_XFMR
279083,6095,17520,15944,0.91,Closed,station_pair_leg,NCDSE_MR1H
280180,2832,17520,17336,0.9895,Closed,station_pair_leg,EVRSW_MR3H
280181,1275,17520,17505,0.9991,Closed,substring_name,DANSBY_T2
279198,4418,17520,16074,0.9175,Closed,substring_name,JN_AT1
60394,2849,17520,17464,0.9968,Closed,station_pair_leg,FSHSW_MR1L
717097,12112,15504,12192,0.7864,Closed,station_pair_leg,RGRSW_MR1H
280185,4288,17520,17510,0.9994,Closed,station_pair_leg,JKSVL_FMR2
429036,9381,17520,17502,0.999,Closed,substring_name,WLFSW_AX2H
127817,1136,17520,17520,1.0,Closed,station_pair_leg,CBFSW_MR1H
280216,6102,17520,14910,0.851,Closed,station_pair_leg,ODEHV_MR2L
13348,4241,17520,17513,0.9996,Closed,station_pair_leg,HCKSW_MR1L
829939,11389,8280,8280,1.0,Closed,station_pair_leg,GARZA_XF1H
279541,7660,17520,17520,1.0,Closed,station_pair,SARDIS_XFMR
279725,865,17520,17520,1.0,Closed,station_pair_leg,AUSTRO_AT1H
279016,6249,17520,17520,1.0,Closed,station_pair_leg,PRSSW_MR1L
330408,6012,17520,17463,0.9967,Closed,substring_name,MASOCT_AT3
279284,6323,17520,16981,0.9692,Closed,station_pair_leg,PTENN_MR1L
280443,912,17520,17486,0.9981,Closed,substring_name_leg,BI_AT1L
313115,4312,17520,15943,0.91,Closed,substring_name,HAMILTON_AUT1
279077,7909,17520,17468,0.997,Closed,station_pair_leg,SSPSW_MR1L
279622,7847,17520,17038,0.9725,Closed,substring_name,THW_AT1
326254,6026,17520,9754,0.5567,Closed,substring_name,NA_NO_4
875384,14687,384,0,0.0,Open,station_pair_leg,GAINSVIL_TRF1
279027,9547,17520,17338,0.9896,Closed,station_pair_leg,WLVEE_MR1L
279500,4261,17520,17509,0.9994,Closed,station_pair,GNSVL_FMR1
279849,6103,17520,17466,0.9969,Closed,station_pair,OGSES_FMR1
279592,9416,17520,17487,0.9981,Closed,station_pair_leg,WINKS_FMR1
6037,2573,17520,17376,0.9918,Closed,substring_name,DIGBY_T1
270552,7716,17520,17358,0.9908,Closed,substring_name,SALEM_AT4H
279571,2904,17520,16278,0.9291,Closed,station_pair_leg,FGRSW_MR1L
717098,12113,15504,12192,0.7864,Closed,station_pair_leg,RGRSW_MR1L
279449,2786,17520,14163,0.8084,Closed,station_pair,DUBLN_FMR1
280426,4514,17520,17478,0.9976,Closed,station_pair_leg,HUTTO_MR1H
21711,4550,17520,17480,0.9977,Closed,substring_name,LON_HILL_69A1
104415,4333,17520,17443,0.9956,Closed,substring_name,JOR_AT2
603130,1153,17520,17520,1.0,Closed,station_pair_leg,CONSW_MR1H
279250,7832,17520,17487,0.9981,Closed,station_pair_leg,SPUNKY_FMR1
279527,4385,17520,17501,0.9989,Closed,substring_name,HOC_AT1
279272,9345,17520,17500,0.9989,Closed,station_pair_leg,WHTNY_MR2L
124653,7893,17520,17520,1.0,Closed,station_pair_leg,SCOSW_MR1H
280441,4490,17520,17520,1.0,Closed,station_pair_leg,KENDAL_AT4L
279294,4234,17520,17509,0.9994,Closed,station_pair,GRMSW_FMR1
69541,4356,17520,17497,0.9987,Closed,substring_name,HRFDWIND_T2
327932,1135,17520,17515,0.9997,Closed,station_pair,CASSAVA_T1
279373,7626,17520,17520,1.0,Closed,station_pair,SANMGSW_69_1
98558,891,17520,17502,0.999,Closed,substring_name,ACSSW_AX1L
255036,4390,17520,17520,1.0,Closed,station_pair,ILLN_AUT1
582373,5984,17520,17520,1.0,Closed,station_pair_leg,MDLNE_MR1H
61724,6264,17520,17520,1.0,Closed,station_pair_leg,ODEHV_MR3L
113628,6019,17520,17452,0.9961,Closed,substring_name,MDO_AT2
830878,12896,6768,5801,0.8571,Closed,station_pair_leg,PRLSW_MR2H
279320,9385,17520,11291,0.6445,Closed,station_pair_leg,WTRML_MR1H
859553,13214,3071,0,0.0,Open,station_pair_leg,TMPSW_MR2H
279495,1260,17520,17356,0.9906,Closed,substring_name,CBY_AT2A
279205,4525,17520,14914,0.8513,Closed,substring_name,JN_AT3
280196,2623,17520,17459,0.9965,Closed,station_pair_leg,CNRSW_MR2H
279155,4292,17520,15423,0.8803,Closed,station_pair,FTLN_69T1
363104,6215,17520,17520,1.0,Closed,station_pair,OWLS_XFR1
279480,1160,17520,16621,0.9487,Closed,substring_name,BI_AT5
124321,7870,17520,17520,1.0,Closed,station_pair_leg,SCOSW_MR1L
90199,7776,17520,17381,0.9921,Closed,substring_name,RTW_AT2
647462,11354,17520,17415,0.994,Closed,station_pair_leg,BROOKHOL_XF3H
280199,1148,17520,17459,0.9965,Closed,station_pair_leg,CNRSW_MR2L
280200,7905,17520,15600,0.8904,Closed,station_pair_leg,SKYLINE_MR3L
322453,9490,17520,17414,0.9939,Closed,substring_name_leg,ZORN_AT1L
280204,5981,17520,17461,0.9966,Closed,station_pair_leg,MCCREE_CT1H
279561,6049,17520,17331,0.9892,Closed,station_pair_leg,MNSES_MR1H
279680,2987,17520,15631,0.8922,Closed,station_pair_leg,GARFIELD_AT1
279389,1109,17520,16281,0.9293,Closed,station_pair,CARBN_SRC1
280205,7718,17520,17439,0.9954,Closed,substring_name,SANDHSYD_MPT5
140389,4503,17520,17417,0.9941,Closed,station_pair_leg,LIGSW_MR2L
279477,950,17520,15724,0.8975,Closed,substring_name_leg,BI_AT2L
279438,4651,17520,17460,0.9966,Closed,station_pair,MCNEIL_AT_1
465298,2619,17520,17508,0.9993,Closed,station_pair_leg,CMBSW_MR1H
279194,1116,17520,17473,0.9973,Closed,station_pair,BNK_FMR1
280208,6116,17520,17520,1.0,Closed,station_pair_leg,MLSES_MR2L
280209,2594,17520,16688,0.9525,Closed,substring_name,CORONA_AT4
364057,7843,17520,17465,0.9969,Closed,substring_name,TAHOKA_T1
720712,12222,14784,13654,0.9236,Closed,station_pair_leg,RCKSW_MR1H
314167,2932,17520,17459,0.9965,Closed,substring_name,GWEC_T1
279621,4369,17520,17520,1.0,Closed,station_pair_leg,KENDAL_AT4H
61835,9363,17520,17036,0.9724,Closed,station_pair_leg,VENSW_MR2L
293090,9528,17520,17091,0.9755,Closed,substring_name,WO_AT3
153621,7901,17520,17344,0.99,Closed,station_pair_leg,SHRSW_MR1L
59628,6100,17520,17453,0.9962,Closed,substring_name,OB_AT1
279775,1064,17520,17478,0.9976,Closed,station_pair,BSPSW_FMR1
375368,5907,17520,17510,0.9994,Closed,substring_name,MARION_AT3H
441471,7908,17520,17207,0.9821,Closed,substring_name,SLKSW_AX1L
586712,2657,17520,17513,0.9996,Closed,station_pair_leg,CRESW_MR1L
278982,6332,17520,17476,0.9975,Closed,station_pair_leg,RCSES_MR1H
280226,972,17520,17487,0.9981,Closed,station_pair_leg,ABEAST_69T2
279000,6230,17520,17457,0.9964,Closed,station_pair,OAKS9_69_1
279497,1244,17520,17520,1.0,Closed,station_pair_leg,BOMSW_MR1L
279670,7862,17520,17423,0.9945,Closed,station_pair,SANA_FMR1
218591,5985,17520,16421,0.9373,Closed,station_pair_leg,MDSSW_MR1H
279694,2881,17520,17433,0.995,Closed,station_pair,FRIEND_R_FMR1
279343,870,17520,17520,1.0,Closed,station_pair,BATESVL_69_1
279748,1256,17520,3505,0.2001,Open,substring_name,CALLAHAN_UT1
280228,2889,17520,17337,0.9896,Closed,station_pair_leg,GIBCRK_WT2H
279281,2980,17520,17420,0.9943,Closed,station_pair_leg,FORSW_MR3L
24107,9389,17520,17520,1.0,Closed,station_pair,TORDILLO_TORD
395321,2935,17520,0,0.0,Open,station_pair_leg,HDRSC_FMR2
102869,4622,17520,17520,1.0,Closed,substring_name,MASOCT_AT2
280233,2572,17520,17415,0.994,Closed,substring_name,DIB_MT1
279411,6163,17520,17417,0.9941,Closed,station_pair_leg,NORSW_MR1H
279690,6108,17520,17520,1.0,Closed,station_pair,PEARSON_69_1
279072,2630,17520,17514,0.9997,Closed,station_pair_leg,CRKET_MR2H
312844,4335,17520,17520,1.0,Closed,substring_name,GILLCR_AT1H
824576,12901,6768,5501,0.8128,Closed,station_pair,WATTP_FMR1
405560,9420,17520,17401,0.9932,Closed,station_pair_leg,WLNDSSRC_XF-1
44181,1044,17520,17356,0.9906,Closed,station_pair_leg,BAFFIN_XFR2
133566,7899,17520,17520,1.0,Closed,station_pair,SHILOH_FMR1
280240,1251,17520,17455,0.9963,Closed,station_pair_leg,BULLCRK_FMR2
717118,12116,15504,11468,0.7397,Closed,station_pair_leg,RGRSW_MR2L
61636,4455,17520,17520,1.0,Closed,substring_name,KENDAL_AT3H
280241,7614,17520,17507,0.9993,Closed,station_pair_leg,RENSW_MR1H
278980,6315,17520,17486,0.9981,Closed,station_pair,PLVSW_FMR1
279453,5962,17520,16875,0.9632,Closed,station_pair_leg,NVARO_MR2L
652043,11554,17520,17504,0.9991,Closed,station_pair_leg,LPNSW_MR1H
327868,2816,17520,17520,1.0,Closed,substring_name,DERMOTT_T1
717117,12115,15504,11468,0.7397,Closed,station_pair_leg,RGRSW_MR2H
346165,949,17520,17520,1.0,Closed,substring_name,BERGHE_AT1H
859554,13215,3071,0,0.0,Open,station_pair_leg,TMPSW_MR2L
299916,6155,17520,17339,0.9897,Closed,substring_name,NB_AT2
279305,7794,17520,16943,0.9671,Closed,station_pair_leg,SNDSW_MR2L
279740,2547,17520,17367,0.9913,Closed,station_pair,CGRSW_FMR1
313132,4269,17520,4234,0.2417,Open,substring_name,HAMILTON_AUT3
429037,9546,17520,17502,0.999,Closed,substring_name,WLFSW_AX2L
279578,2792,17520,17520,1.0,Closed,station_pair,ELMCRK_FMR1
126292,2676,17520,17520,1.0,Closed,substring_name,DMTSW_AX2H
279522,1211,17520,17455,0.9963,Closed,station_pair_leg,BULLCRK_FMR1
280250,858,17520,17240,0.984,Closed,station_pair_leg,AMOCOTN_COT2
324280,9484,17520,17411,0.9938,Closed,substring_name_leg,ZORN_AT2H
503636,9479,17520,17360,0.9909,Closed,substring_name,WO_AT4
279462,2540,17520,17388,0.9925,Closed,station_pair_leg,CRLNW_MR1H
124041,7810,17520,17372,0.9916,Closed,substring_name,SALTFORK_T2
280252,4566,17520,17520,1.0,Closed,station_pair_leg,LAREDO_A1-H
676419,11629,17520,16147,0.9216,Closed,station_pair_leg,RAILROAD_TR3
279515,4568,17520,10441,0.5959,Closed,substring_name,LEG_AT1
231913,6037,17520,16682,0.9522,Closed,substring_name,OB_AT3
730816,12303,13991,13567,0.9697,Closed,station_pair_leg,REDSW_MR1H
279810,4352,17520,17520,1.0,Closed,station_pair,HIWAY_9_69A2
279291,2589,17520,17466,0.9969,Closed,station_pair_leg,CMNSW_MR1L
90864,2910,17520,17512,0.9995,Closed,station_pair,FM524_FMF1
279058,8010,17520,16965,0.9683,Closed,station_pair_leg,TRSES_MR6H
278978,7939,17520,17469,0.9971,Closed,station_pair,SPUR_69_1
279572,2841,17520,16278,0.9291,Closed,station_pair_leg,FGRSW_MR1H
325830,6052,17520,17520,1.0,Closed,substring_name,MOULSO_AT3
279493,1260,17520,17356,0.9906,Closed,substring_name,CBY_AT2A
279617,4491,17520,17514,0.9997,Closed,station_pair_ckt,KENEDSW_69A1
79945,2828,17520,17282,0.9864,Closed,substring_name,EASTMUND_T1
279409,7727,17520,17464,0.9968,Closed,station_pair_leg,SHELBY_BT1L
583210,11998,16680,7246,0.4344,Open,station_pair_leg,WHITE_PT_XF2H
330497,7717,17520,17513,0.9996,Closed,substring_name,SALVTION_T1
279724,1006,17520,17509,0.9994,Closed,substring_name,BANDER_AT2
737270,12415,12479,9720,0.7789,Closed,substring_name,TUMSC_FMR1
279017,6319,17520,17520,1.0,Closed,station_pair_leg,PRSSW_MR1H
279431,2532,17520,17448,0.9959,Closed,station_pair_leg,CNRSW_MR1H
303989,7995,17520,17138,0.9782,Closed,substring_name,TB_AT1
279236,7710,17520,16946,0.9672,Closed,station_pair_leg,RENSW_MR2L
280260,1095,17520,17520,1.0,Closed,station_pair_leg,BOMSW_MR2H
280262,2780,17520,15061,0.8596,Closed,substring_name,DIB_MT2
319569,7654,17520,17405,0.9934,Closed,substring_name_leg,SALEM_AT3L
280004,6246,17520,17089,0.9754,Closed,substring_name,PHR_AT4
279145,6206,17520,16563,0.9454,Closed,station_pair_leg,ODEHV_MR1L
39798,9272,17520,17427,0.9947,Closed,station_pair_leg,VEALMOOR_7TR2
126596,4353,17520,17316,0.9884,Closed,station_pair_leg,HKBRY_MR3L
280434,989,17520,17486,0.9981,Closed,substring_name,BI_AT1
429035,9474,17520,17511,0.9995,Closed,substring_name,WLFSW_AX1H
279298,2839,17520,17074,0.9745,Closed,station_pair,FCRSW_FMR1
468141,9394,17520,14836,0.8468,Closed,station_pair,TYLSW_FMR1
279289,7896,17520,17510,0.9994,Closed,station_pair_leg,SGVSW_MR2H
279248,4633,17520,15579,0.8892,Closed,station_pair_leg,LCSES_MR1L
31680,2753,17520,17504,0.9991,Closed,substring_name,ECLIPSE_TR1
279013,9364,17520,17520,1.0,Closed,station_pair,VERS_69_1
676420,11630,17520,16309,0.9309,Closed,station_pair_leg,RAILROAD_TR4
279442,895,17520,17520,1.0,Closed,station_pair_leg,ALNSW_MR1L
307551,9517,17520,17418,0.9942,Closed,substring_name,WLVSW_MR1H
305604,7996,17520,11008,0.6283,Closed,substring_name,TESLA_AUT1
322457,9532,17520,17414,0.9939,Closed,substring_name_leg,ZORN_AT1H
329182,9317,17520,17520,1.0,Closed,station_pair_leg,TCOSW_AX1H
279570,2716,17520,17520,1.0,Closed,station_pair_leg,EDGWD_MR2H
118784,1199,17520,17396,0.9929,Closed,station_pair_leg,BNBSW_MR1L
327084,4486,17520,17512,0.9995,Closed,substring_name,JCK_AT1
279084,6095,17520,15944,0.91,Closed,station_pair_leg,NCDSE_MR1H
280281,4393,17520,17520,1.0,Closed,station_pair_leg,INGLCOSW_FMR3
307142,2885,17520,17317,0.9884,Closed,substring_name,GBY_AT2
347844,7975,17520,17445,0.9957,Closed,station_pair_leg,VEALMOOR_7TR1
313517,9492,17520,17520,1.0,Closed,substring_name,ZORN_AT3H
279279,2806,17520,17420,0.9943,Closed,station_pair_leg,FORSW_MR3H
279364,6195,17520,17355,0.9906,Closed,station_pair_leg,NEDIN_138H
61756,9397,17520,17036,0.9724,Closed,station_pair_leg,VENSW_MR2H
453256,2575,17520,17480,0.9977,Closed,substring_name,DPW_AT1
279239,5981,17520,17461,0.9966,Closed,station_pair_leg,MCCREE_CT1H
278985,2696,17520,17520,1.0,Closed,station_pair_leg,FALFUR_69A1
279759,2672,17520,16514,0.9426,Closed,substring_name,DIB_MT3
280289,2577,17520,17501,0.9989,Closed,substring_name_leg,CBY_AT1H
279062,2715,17520,17468,0.997,Closed,station_pair,EAST_FMR1
375138,1053,17520,17183,0.9808,Closed,substring_name,BLSUMMIT_TRF2
441582,7935,17520,17361,0.9909,Closed,substring_name,SLKSW_AX2H
279260,7725,17520,17486,0.9981,Closed,station_pair_leg,SEA_AAT1
374206,2795,17520,17462,0.9967,Closed,station_pair_leg,EVRSW_MR4L
279216,6136,17520,16316,0.9313,Closed,station_pair_leg,ORANS_XF1H
279222,983,17520,16633,0.9494,Closed,station_pair_leg,ANASW_XF2H
262953,6153,17520,17054,0.9734,Closed,station_pair,NACPW_GSU1
279262,7735,17520,16559,0.9451,Closed,station_pair_leg,RKCRK_MR1L
379936,854,17520,17496,0.9986,Closed,substring_name,ALTAIR_AT1T
358589,6141,17520,13630,0.778,Closed,substring_name,PALMITO_7TR2
57711,873,17520,17520,1.0,Closed,station_pair,BEVO_BEVO
280299,4392,17520,17439,0.9954,Closed,station_pair_leg,INGLCOSW_FMR2
308391,849,17520,12588,0.7185,Closed,substring_name,ADK_AT2
223507,6270,17520,16511,0.9424,Closed,station_pair_leg,PALMITO_7TR1
279427,1115,17520,16133,0.9208,Closed,station_pair_leg,BNDVS_DT1H
372719,1129,17520,17520,1.0,Closed,substring_name,CABEZON_T1
279780,9482,17520,17520,1.0,Closed,substring_name,YELWJCKT_PS_1
279613,7790,17520,17520,1.0,Closed,station_pair_leg,SKYLINE_MR2L
583209,11998,16680,7246,0.4344,Open,station_pair_leg,WHITE_PT_XF2H
279601,7582,17520,17520,1.0,Closed,station_pair,RADIUM_69T1
279024,7713,17520,15950,0.9104,Closed,station_pair_leg,RNKSW_MR1L
61328,9334,17520,17472,0.9973,Closed,station_pair_leg,VLSES_MR1L
279516,4463,17520,17520,1.0,Closed,station_pair_leg,KOCH_UP_1_69
279698,4321,17520,16506,0.9421,Closed,station_pair_leg,HILLCTRY_MR2L
281130,4478,17520,16922,0.9659,Closed,station_pair_leg,HILLCTRY_MR1H
280118,6301,17520,17520,1.0,Closed,station_pair,OLINGR_FMR1
27503,6038,17520,17452,0.9961,Closed,substring_name,MDO_AT1
279009,6224,17520,16898,0.9645,Closed,station_pair_ckt,PLEASANT_69A1
280119,951,17520,17507,0.9993,Closed,station_pair_leg,BIGLAKE_R-W2
311872,4326,17520,17393,0.9928,Closed,substring_name,HORSECRK_T2
279354,4551,17520,17464,0.9968,Closed,station_pair,LOYOLA_69_1
280120,7583,17520,17520,1.0,Closed,station_pair_ckt,RAYBURN_69_2
86577,6302,17520,17520,1.0,Closed,station_pair_ckt,OLN_FMR2
279286,7578,17520,16981,0.9692,Closed,station_pair_leg,PTENN_MR1H
319566,7594,17520,17405,0.9934,Closed,substring_name_leg,SALEM_AT3H
60229,828,17520,17520,1.0,Closed,station_pair_leg,ALNSW_MR2H
321283,2967,17520,17274,0.986,Closed,substring_name,GV_AT1
65543,2919,17520,17151,0.9789,Closed,substring_name,GARFIELD_AT2
280122,2957,17520,17425,0.9946,Closed,station_pair_leg,GIBCRK_WT1H
4970,4271,17520,17513,0.9996,Closed,station_pair_leg,HCKSW_MR1H
279362,6127,17520,17355,0.9906,Closed,station_pair_leg,NEDIN_138L
330498,7656,17520,17497,0.9987,Closed,substring_name,SALVTION_T2
830858,12893,6768,5801,0.8571,Closed,station_pair_leg,PRLSW_MR1H
280128,890,17520,17520,1.0,Closed,station_pair_leg,ABNTHWST_69T2
274169,1214,17520,17488,0.9982,Closed,station_pair_leg,CAGNON_MR1L
442273,7789,17520,17400,0.9932,Closed,substring_name,SKYLINE_MR1
829941,11389,8280,8280,1.0,Closed,station_pair_leg,GARZA_XF1H
279255,12374,13151,13082,0.9948,Closed,station_pair_ckt,TRU_TRF1
279273,4485,17520,17485,0.998,Closed,station_pair,IRBRG_FMR1
443800,9311,17520,17369,0.9914,Closed,substring_name,WINCHES_AT1H
508684,4378,17520,17520,1.0,Closed,substring_name,GYP_GYP1
279311,2793,17520,17364,0.9911,Closed,station_pair_leg,EMSES_MR1H
124684,7817,17520,17520,1.0,Closed,station_pair_leg,SCOSW_MR2H
312939,2927,17520,17520,1.0,Closed,substring_name,GILLCR_AT1L
318731,2960,17520,17502,0.999,Closed,substring_name,GILLCR_AT2H
280140,4339,17520,17520,1.0,Closed,station_pair_leg,GN_S_I_XT2H
365943,5918,17520,17486,0.9981,Closed,substring_name,MIDWIND_T1
279256,2571,17520,17509,0.9994,Closed,station_pair_leg,DESSW_MR1L
279361,7618,17520,12944,0.7388,Closed,substring_name,RTW_AT1
441458,7792,17520,17207,0.9821,Closed,substring_name,SLKSW_AX1H
308385,931,17520,17072,0.9744,Closed,substring_name,ADK_AT1
652063,11555,17520,17504,0.9991,Closed,station_pair_leg,LPNSW_MR1L
720713,12223,14784,13654,0.9236,Closed,station_pair_leg,RCKSW_MR1L
279429,7758,17520,17420,0.9943,Closed,station_pair_leg,SOUTHABI_38T1
279265,7648,17520,16559,0.9451,Closed,station_pair_leg,RKCRK_MR1H
279704,1248,17520,17433,0.995,Closed,substring_name,BUDA_AT2
279457,9438,17520,17025,0.9717,Closed,station_pair_leg,W_DENT_T2L
313731,6097,17520,17142,0.9784,Closed,substring_name,NORTMC_AT1L
279842,9331,17520,17510,0.9994,Closed,station_pair,VANBLTSS_69_1
279227,9522,17520,17510,0.9994,Closed,station_pair,WTHRW_FMR1
279120,2896,17520,17505,0.9991,Closed,station_pair,HARLNSW_69AH
102156,7980,17520,17439,0.9954,Closed,substring_name,SPLAIN1_T2
97913,9259,17520,17520,1.0,Closed,station_pair,TELPH_RD_7TR1
373933,9521,17520,17388,0.9925,Closed,station_pair_leg,WSMSW_MR1H
346072,4314,17520,17229,0.9834,Closed,station_pair_leg,HCKSW_MR2L
279815,904,17520,17520,1.0,Closed,station_pair_leg,ATKINS_FMR1
280432,8018,17520,17320,0.9886,Closed,station_pair_leg,SKYLINE_MR4H
84230,7685,17520,17285,0.9866,Closed,substring_name,RSNAKE_T2
279588,4309,17520,17520,1.0,Closed,station_pair_leg,GRSES_MR1L
279692,4322,17520,17359,0.9908,Closed,station_pair_leg,HILLCTRY_MR3L
279702,4323,17520,16608,0.9479,Closed,station_pair_leg,HILLCTRY_MR4H
279857,1115,17520,16133,0.9208,Closed,station_pair_leg,BNDVS_DT1H
279624,2953,17520,17440,0.9954,Closed,station_pair,FRANKC_69_1
279526,4628,17520,17520,1.0,Closed,station_pair_leg,MDLNE_MR2L
279252,2670,17520,17509,0.9994,Closed,station_pair_leg,DESSW_MR1H
94191,2722,17520,17520,1.0,Closed,substring_name,EXGNSND_T1
279019,6303,17520,17412,0.9938,Closed,station_pair,PADU_69T1
279859,6056,17520,17417,0.9941,Closed,station_pair_leg,NORSW_MR1L
280013,2576,17520,17458,0.9965,Closed,substring_name,DT_AT2
278993,913,17520,17520,1.0,Closed,station_pair,BIG_FOOT_69A1
681478,11782,17520,14841,0.8471,Closed,station_pair_leg,TEASW_MR2H
279593,6314,17520,17511,0.9995,Closed,substring_name,PITSBU_AT1
279176,2906,17516,15830,0.9037,Closed,station_pair,FIREROCK_PS1
552502,1184,17520,17495,0.9986,Closed,station_pair,CCKSW_FMR1
3005,829,17520,16376,0.9347,Closed,station_pair_leg,ANASW_XF1L
279179,2882,17520,17385,0.9923,Closed,station_pair,FTST_69T1
279090,4417,17520,17520,1.0,Closed,station_pair_leg,JK_CK_XF1L
650270,11557,17520,17497,0.9987,Closed,station_pair_leg,LPNSW_MR2H
279073,2630,17520,17514,0.9997,Closed,station_pair_leg,CRKET_MR2H
279345,977,17520,17360,0.9909,Closed,station_pair_leg,ALICE_69A1
256181,2778,17520,17512,0.9995,Closed,station_pair,DEERCR_AT1
279672,889,17520,17520,1.0,Closed,station_pair_leg,ABEAST_69T1
279563,7726,17520,17396,0.9929,Closed,station_pair,SHBSW_FMR1
361531,6305,17520,17311,0.9881,Closed,substring_name,PALMASVC_AUT2
279874,9265,17520,16410,0.9366,Closed,station_pair_leg,TMPSW_MR1H
373934,9425,17520,17388,0.9925,Closed,station_pair_leg,WSMSW_MR1L
38564,837,17520,17374,0.9917,Closed,substring_name,BANDER_AT3
279586,7756,17520,17325,0.9889,Closed,station_pair,SNYDR_FMR1
279566,4488,17520,16344,0.9329,Closed,station_pair_leg,JEWET_MR3L
346071,4379,17520,17229,0.9834,Closed,station_pair_leg,HCKSW_MR2H
300920,7587,17520,17520,1.0,Closed,station_pair,RICEBI_RCBD
227053,9408,17520,17499,0.9988,Closed,substring_name,WEBBER_S_MT1
279709,1028,17520,17340,0.9897,Closed,station_pair_leg,CAGNON_MR3L
279355,4402,17520,17509,0.9994,Closed,station_pair_leg,LAREDO_A2-L
279886,5948,17520,17427,0.9947,Closed,station_pair_leg,MGSES_MR2L
6562,7755,17520,17520,1.0,Closed,station_pair,SNOOK_052
280427,9316,17520,17422,0.9944,Closed,substring_name,TC_010B
279116,4227,17520,17271,0.9858,Closed,station_pair_leg,GIBCRK_FM3H
730817,12304,13991,13567,0.9697,Closed,station_pair_leg,REDSW_MR1L
28240,1205,17520,17513,0.9996,Closed,station_pair,BRUNI_69_1
279125,930,17520,14201,0.8106,Closed,station_pair,16TH_ST_TRF1
647463,11354,17520,17415,0.994,Closed,station_pair_leg,BROOKHOL_XF3H
279095,6115,17520,17520,1.0,Closed,station_pair_leg,MLSES_MR1H
223983,9396,17520,17512,0.9995,Closed,substring_name,UVALDE_T1
279317,1063,17520,17456,0.9963,Closed,station_pair,BRKRG_FMR1
279533,5978,17520,17366,0.9912,Closed,station_pair,MARQUIS_FMR1
229048,6020,17520,16421,0.9373,Closed,station_pair_leg,MDSSW_MR1L
22249,4673,17520,17464,0.9968,Closed,substring_name,LON_HILL_69A2
279334,4484,17520,17520,1.0,Closed,station_pair_leg,INGLCOSW_FMR1
279782,4244,17520,17390,0.9926,Closed,station_pair_leg,HEIGHTTN_HAT1
279892,1191,17520,17488,0.9982,Closed,station_pair_leg,COLETO_138H
359855,4513,17520,17437,0.9953,Closed,substring_name,HUD_XT03
603093,1154,17520,17510,0.9994,Closed,station_pair_leg,CONSW_MR2L
279422,2621,17520,16687,0.9525,Closed,station_pair_leg,CN345_MR1H
419959,10753,17520,17476,0.9975,Closed,substring_name,ACSSW_AX2L
206969,4483,17520,17478,0.9976,Closed,station_pair_leg,HUTTO_MR1L
279030,9383,17520,17520,1.0,Closed,station_pair_leg,WLVEE_MR2L
61498,9459,17520,17053,0.9733,Closed,station_pair_leg,VENSW_MR1L
279041,9531,17520,12056,0.6881,Closed,station_pair_leg,WWEST_MR2L
279498,2579,17520,17356,0.9906,Closed,substring_name,CBY_AT2B
279899,2642,17520,14725,0.8405,Closed,substring_name,DIB_MT4
279076,7833,17520,17468,0.997,Closed,station_pair_leg,SSPSW_MR1H
279417,1190,17520,16687,0.9525,Closed,station_pair_leg,CN345_MR1L
279904,4657,17520,17520,1.0,Closed,station_pair_leg,MLSES_MR2H
279486,10719,17520,17520,1.0,Closed,station_pair_leg,ALMC_69T1
659625,11549,17520,17397,0.993,Closed,station_pair_leg,CHLD_XF1H
299940,6028,17520,17307,0.9878,Closed,substring_name,NB_AT3
279306,4480,17520,4958,0.283,Open,station_pair_leg,HLSES_MR1H
279907,2833,17520,17336,0.9895,Closed,station_pair_leg,EVRSW_MR3L
863966,13299,2400,0,0.0,Open,substring_name,FRONTERA_XFH1
279908,1130,17520,17505,0.9991,Closed,station_pair_leg,CAGNON_MR4H
307556,9477,17520,17418,0.9942,Closed,substring_name,WLVSW_MR1L
429038,7860,17520,17505,0.9991,Closed,substring_name,RVRSW_AX1H
374837,1258,17520,17520,1.0,Closed,substring_name,CARVER_T1
101307,5997,17520,13015,0.7429,Closed,station_pair_leg,NCARBIDE_69A1
279910,4563,17520,16961,0.9681,Closed,station_pair_leg,LA_PALMA_69A2
1973,996,17520,16376,0.9347,Closed,station_pair_leg,ANASW_XF1H
279454,9277,17520,17025,0.9717,Closed,station_pair_leg,W_DENT_T2H
279915,4590,17520,17520,1.0,Closed,station_pair_leg,LCSES_MR2H
100980,8021,17520,17439,0.9954,Closed,substring_name,SPLAIN1_T1
279916,1238,17520,17520,1.0,Closed,station_pair_leg,BLESSING_69A1
279326,2963,17520,17436,0.9952,Closed,substring_name,GS_AT1
279553,2690,17520,17326,0.9889,Closed,station_pair_leg,ESKSW_FMR1
352496,7924,17520,17333,0.9893,Closed,substring_name_leg,THW_AT3L
126465,2706,17520,17439,0.9954,Closed,substring_name,DMTSW_AX1L
70621,1145,17520,17414,0.9939,Closed,substring_name_leg,CLEASP_AT1H
305618,7997,17520,5085,0.2902,Open,substring_name,TESLA_AUT3
279920,7650,17520,15625,0.8918,Closed,station_pair_leg,RNKSW_MR2H
491423,7606,17520,17520,1.0,Closed,station_pair_leg,QNLTP_MR1L
830859,12894,6768,5801,0.8571,Closed,station_pair_leg,PRLSW_MR1L
279302,4260,17520,17520,1.0,Closed,station_pair_leg,GN_S_I_XT1H
107357,2902,17520,63,0.0036,Open,substring_name_leg,FAYETT_AT2H
306375,7999,17520,17520,1.0,Closed,substring_name,THREE_RI_AUT3
319871,4448,17520,17312,0.9881,Closed,station_pair_leg,JEWET_MR1H
280025,7610,17520,17476,0.9975,Closed,station_pair_leg,RCSES_MR1L
279476,1085,17520,15724,0.8975,Closed,substring_name,BI_AT2
95546,5935,17520,17520,1.0,Closed,substring_name,MARION_AT2H
313753,6033,17520,17386,0.9924,Closed,substring_name,NORTMC_AT2L
443801,9312,17520,17369,0.9914,Closed,substring_name,WINCHES_AT1L
726991,12212,14784,11554,0.7815,Closed,station_pair_leg,HERON_XF1H
279821,9448,17520,17510,0.9994,Closed,station_pair_leg,WHTNY_HT1L
196167,9336,17520,17305,0.9877,Closed,substring_name,WAKEWE_T1
279760,1235,17520,17520,1.0,Closed,station_pair,DANEVA_69_1
159871,2602,17520,0,0.0,Open,station_pair_leg,DCSES_MR1L
279565,4522,17520,16344,0.9329,Closed,station_pair_leg,JEWET_MR3H
279351,4464,17520,12701,0.7249,Closed,station_pair,LARDVFTS_230T
68898,4438,17520,17497,0.9987,Closed,substring_name,HRFDWIND_T1
279187,2656,17520,17321,0.9886,Closed,station_pair,CRAN_FMR1
280033,10792,17520,17520,1.0,Closed,station_pair_leg,AUSTRO_AT2H
92293,2942,17520,17520,1.0,Closed,station_pair_leg,ESKSW_FMR2
364809,6222,17520,17246,0.9844,Closed,substring_name,PHARRSVC_AUT1
279492,2579,17520,17356,0.9906,Closed,substring_name,CBY_AT2B
280040,5975,17520,16565,0.9455,Closed,station_pair_leg,LYTTON_S_AT2L
27933,4397,17520,17269,0.9857,Closed,substring_name,JOR_AT1
54276,4371,17520,17520,1.0,Closed,station_pair_leg,KLNSW_MR2H
863989,13302,2400,0,0.0,Open,substring_name,FRONTERA_XFL2
280045,4465,17520,17520,1.0,Closed,station_pair_leg,LAREDO_A1-L
280019,4255,17520,17444,0.9957,Closed,substring_name,GBY_AT1
28013,9392,17520,17490,0.9983,Closed,station_pair_leg,TRSES_MR7L
279605,2574,17520,17520,1.0,Closed,station_pair,DOWNIES_AX1H
279781,2970,17520,17407,0.9936,Closed,station_pair_leg,HEIGHTTN_HAT2
20860,1146,17520,17413,0.9939,Closed,substring_name,CN345_MR2H
279189,4596,17520,17512,0.9995,Closed,station_pair_leg,LMESA_FMR1
586727,2561,17520,17513,0.9996,Closed,station_pair_leg,CRESW_MR1H
279318,7693,17520,17464,0.9968,Closed,station_pair_leg,SHELBY_BT1H
319882,4520,17520,17312,0.9881,Closed,station_pair_leg,JEWET_MR1L
676418,11628,17520,16147,0.9216,Closed,station_pair_leg,RAILROAD_TR2
718553,12206,14784,13671,0.9247,Closed,station_pair_leg,EXCSW_MR1H
34658,4492,17520,17520,1.0,Closed,station_pair_leg,KLNSW_MR1L
281262,4320,17520,16922,0.9659,Closed,station_pair_leg,HILLCTRY_MR1L
7903,1025,17520,0,0.0,Open,station_pair_leg,BWNSW_S1_2
280060,1018,17520,17520,1.0,Closed,station_pair_leg,BOMSW_MR2L
279276,4668,17520,15648,0.8932,Closed,station_pair,LKWHITNY_IAT1
60694,7959,17520,17272,0.9858,Closed,station_pair_leg,TMPCR_MR1H
279283,6172,17520,17520,1.0,Closed,station_pair_leg,OLN_FMR1
472141,7737,17520,17520,1.0,Closed,station_pair,RUNGE_TRA1
225795,2897,17520,17520,1.0,Closed,station_pair,EINSTEIN_7TR1
279473,2856,17520,17509,0.9994,Closed,station_pair,EL_CAMPO_69-1
279575,2641,17520,17439,0.9954,Closed,station_pair,DIALV_FMR1
313530,9533,17520,17520,1.0,Closed,substring_name,ZORN_AT3L
279234,6078,17520,17461,0.9966,Closed,station_pair_leg,MCCREE_CT1L
279543,2719,17520,17243,0.9842,Closed,station_pair_leg,ELKTN_MR3H
7281,4556,17520,17520,1.0,Closed,substring_name,KENDAL_AT5H
582374,5914,17520,17520,1.0,Closed,station_pair_leg,MDLNE_MR1L
492645,4451,17520,17490,0.9983,Closed,substring_name,JOR_AT3
681447,11780,17520,12713,0.7256,Closed,station_pair_leg,TEASW_MR1L
33736,2516,17520,17388,0.9925,Closed,substring_name,CAGNON_MR2
597632,7945,17520,17510,0.9994,Closed,station_pair_ckt,TAYLR_FMR1
279789,2635,17520,17520,1.0,Closed,substring_name,CUERO_AT3
718825,12210,14784,13746,0.9298,Closed,station_pair_leg,EXCSW_MR2L
279237,7867,17520,14701,0.8391,Closed,station_pair_leg,SARRD_MR1L
280069,7759,17520,17440,0.9954,Closed,station_pair_leg,SOUTHABI_38T2
280070,5987,17520,17286,0.9866,Closed,station_pair_leg,MGSES_MR4L
279297,939,17520,17418,0.9942,Closed,station_pair,ALVDO_FMR3
130026,4667,17520,17348,0.9902,Closed,station_pair_leg,LIGSW_MR1L
279033,2770,17520,17520,1.0,Closed,station_pair_leg,FOX_FMR1
720970,12226,14784,13038,0.8819,Closed,station_pair_leg,RCKSW_MR2L
280078,6297,17520,14910,0.851,Closed,station_pair_leg,ODEHV_MR2H
280079,4673,17520,17464,0.9968,Closed,station_pair_ckt,LON_HILL_69A2
154845,7787,17520,17520,1.0,Closed,station_pair_leg,SHRSW_MR2L
279063,6148,17520,17509,0.9994,Closed,station_pair,PLSTN_FMR3
280083,9297,17520,16590,0.9469,Closed,station_pair_leg,TYGND_MR1L
280084,5999,17520,5968,0.3406,Open,station_pair_leg,NUECES_B_69A1
279419,4279,17520,17511,0.9995,Closed,station_pair_leg,HLSBR_MR1H
491422,6287,17520,17520,1.0,Closed,station_pair_leg,QNLTP_MR1H
60678,6096,17520,17474,0.9974,Closed,station_pair_leg,NORSW_MR2L
71379,6266,17520,16194,0.9243,Closed,station_pair,OLEANDER_AUT1
128215,4640,17520,17348,0.9902,Closed,station_pair_leg,LIGSW_MR1H
280085,9335,17520,17087,0.9753,Closed,station_pair_leg,W_DENT_T1L
417455,6334,17520,0,0.0,Open,station_pair_leg,RDOSC_FMR2
307991,2611,17520,17520,1.0,Closed,substring_name,DUNLAP_AT1
370926,1209,17520,17499,0.9988,Closed,station_pair_ckt,BTTSW_FMR2
279819,9345,17520,17500,0.9989,Closed,station_pair_leg,WHTNY_MR2L
279805,910,17520,17520,1.0,Closed,substring_name,BELLSO_AT2
421221,4270,17520,17239,0.984,Closed,substring_name,HARALD_T1
279521,4562,17520,0,0.0,Open,station_pair,KUNITZ_KUN
279689,4409,17520,17359,0.9908,Closed,station_pair_leg,HILLCTRY_MR3H
279620,6048,17520,17485,0.998,Closed,station_pair,MNRVA_FMR2
279568,4250,17520,17520,1.0,Closed,station_pair,HLK_KAT1
279379,4612,17520,17503,0.999,Closed,station_pair_ckt,LVOK_T2
279087,1038,17520,17464,0.9968,Closed,station_pair,ATHNS_FMR3
279721,2892,17520,17414,0.9939,Closed,substring_name,GONZAL_AT3
279558,4330,17520,17515,0.9997,Closed,station_pair_leg,JEWET_FMR2
61265,9437,17520,17472,0.9973,Closed,station_pair_leg,VLSES_MR1H
305614,7947,17520,15657,0.8937,Closed,substring_name,TESLA_AUT2
676421,11631,17520,16309,0.9309,Closed,station_pair_leg,RAILROAD_TR5
62100,4454,17520,17512,0.9995,Closed,substring_name,KEECHI_T1
279716,4569,17520,17439,0.9954,Closed,substring_name,LEHIGH_AT2
3222,6347,17520,17365,0.9912,Closed,substring_name,PHR_AT1
299913,6027,17520,17285,0.9866,Closed,substring_name,NB_AT1
108985,7846,17495,17316,0.9898,Closed,station_pair,THOMASTN_PS1
279332,984,17520,17512,0.9995,Closed,station_pair,ASHERTON_69A1
18718,1231,17520,17520,1.0,Closed,station_pair,COTULAS_COTU
279524,5942,17520,17520,1.0,Closed,station_pair_leg,MDLNE_MR2H
279028,9421,17520,17520,1.0,Closed,station_pair_leg,WLVEE_MR2H
279710,1068,17520,17340,0.9897,Closed,station_pair_leg,CAGNON_MR3H
279344,7711,17520,17511,0.9995,Closed,substring_name,RIO_GRAN_138_
279088,4332,17520,17520,1.0,Closed,station_pair_leg,JK_CK_XF1H
43982,1043,17520,12188,0.6957,Closed,station_pair_leg,BAFFIN_XFR1
292332,9519,17520,16978,0.9691,Closed,substring_name,WO_AT1
126752,2707,17520,17520,1.0,Closed,substring_name,DMTSW_AX2L
379055,4661,17520,17485,0.998,Closed,station_pair_leg,MOSSW_MR2H
60527,5961,17520,17474,0.9974,Closed,station_pair_leg,NORSW_MR2H
279300,4229,17520,17520,1.0,Closed,station_pair_leg,GN_S_I_XT1L
279924,6089,17520,17286,0.9866,Closed,station_pair_leg,MGSES_MR4H
311870,4437,17520,17393,0.9928,Closed,substring_name,HORSECRK_T1
279465,6016,17520,12265,0.7001,Closed,station_pair,MCGPH_FMR1
279081,7819,17520,17520,1.0,Closed,station_pair_leg,SCSES_MR1L
278955,6166,17520,17473,0.9973,Closed,station_pair,NVKSW_FMR1
278968,1168,17520,17406,0.9935,Closed,station_pair,BNMSW_FMR1
326253,6122,17520,17503,0.999,Closed,substring_name,NA_NO_2
60407,2916,17520,17464,0.9968,Closed,station_pair_leg,FSHSW_MR1H
279363,6195,17520,17355,0.9906,Closed,station_pair_leg,NEDIN_138H
279122,9510,17520,17320,0.9886,Closed,station_pair,WESTYA_FMR1
366331,9338,17520,17434,0.9951,Closed,substring_name,WAYMARK_T1
279259,7621,17520,17440,0.9954,Closed,station_pair_leg,RYSSW_FMR1
344697,9431,17520,17429,0.9948,Closed,substring_name,ZEN_AT3
279178,1269,17520,17154,0.9791,Closed,station_pair,CRANE_FMR1
279303,7753,17520,16943,0.9671,Closed,station_pair_leg,SNDSW_MR2H
118680,1279,17520,17396,0.9929,Closed,station_pair_leg,BNBSW_MR1H
279931,4552,17520,17520,1.0,Closed,station_pair_ckt,LVOK_T1
379056,5922,17520,17485,0.998,Closed,station_pair_leg,MOSSW_MR2L
60509,4660,17520,17174,0.9803,Closed,station_pair_leg,MOSSW_MR1L
28048,7967,17520,17490,0.9983,Closed,station_pair_leg,TRSES_MR7H
429042,7620,17520,17430,0.9949,Closed,substring_name,RVRSW_AX2L
279885,4670,17520,17520,1.0,Closed,station_pair_ckt,LOBO_A3
279723,5903,17520,17414,0.9939,Closed,substring_name,LULING_AT1
20920,2591,17520,17413,0.9939,Closed,substring_name,CN345_MR2L
438335,4358,17520,17502,0.999,Closed,station_pair_leg,HUTTO_MR2H
279559,6238,17520,17520,1.0,Closed,station_pair,OVRTN_FMR1
368366,7801,17520,17383,0.9922,Closed,station_pair_leg,STNSW_AX1H
279331,4265,17520,17436,0.9952,Closed,substring_name_leg,GS_AT1L
279699,4408,17520,16506,0.9421,Closed,station_pair_leg,HILLCTRY_MR2H
383643,7644,17520,17520,1.0,Closed,substring_name,REFUGIO_AT1
279244,4427,17520,15579,0.8892,Closed,station_pair_leg,LCSES_MR1H
279371,6337,17520,15695,0.8958,Closed,station_pair,RINCON_69A1
360927,9309,17520,17520,1.0,Closed,station_pair,WICKETT_WAT1
60412,4659,17520,17174,0.9803,Closed,station_pair_leg,MOSSW_MR1H
34929,4422,17520,17520,1.0,Closed,station_pair_leg,KLNSW_MR2L
878709,14679,888,0,0.0,Open,substring_name,SASASW_AT_M
279545,2939,17520,17243,0.9842,Closed,station_pair_leg,ELKTN_MR3L
279443,978,17520,17520,1.0,Closed,station_pair_leg,ALNSW_MR1H
81773,6197,17520,17520,1.0,Closed,station_pair,NIXON_AT1
279421,4251,17520,17511,0.9995,Closed,station_pair_leg,HLSBR_MR1L
324285,9485,17520,17411,0.9938,Closed,substring_name_leg,ZORN_AT2L
279528,4253,17520,17501,0.9989,Closed,substring_name_leg,HOC_AT1L
291551,7689,17520,17358,0.9908,Closed,substring_name,SALEM_AT4L
279050,2860,17520,17520,1.0,Closed,station_pair_leg,ELMOT_MR2H
279945,2556,17520,17488,0.9982,Closed,station_pair_leg,COLETO_138L
279452,6132,17520,16875,0.9632,Closed,station_pair_leg,NVARO_MR2H
279715,6344,17520,17443,0.9956,Closed,station_pair,PEDERNAL_AT1
331137,4469,17520,17500,0.9989,Closed,substring_name,LEVEE_XT1
335070,2918,17520,17443,0.9956,Closed,substring_name,FTWIND_T1
279757,9440,17520,17520,1.0,Closed,station_pair,WARBURTN_69_1
279951,7854,17520,17507,0.9993,Closed,station_pair_leg,RENSW_MR1L
302554,10715,17520,17516,0.9998,Closed,substring_name,ACACIA_T1
397829,5926,17520,17101,0.9761,Closed,substring_name,LOTEBUSH_T1
21361,2964,17520,17492,0.9984,Closed,substring_name,GS_AT2
320953,,35040,34800,0.9932,Closed,candidates_consensus,"N_SHARPE_PS1, N_SHARPE_XF1, N_SHARPE_PS3, N_SHARPE_XF1T"
279642,,105120,105036,0.9992,Closed,candidates_consensus,"MARSFO_SUT3, MARSFO_BUT1, MARSFO_BUT3, MARSFO_SUT2, MARSFO_AUT1"
279961,,70080,62185,0.8873,Closed,candidates_consensus,"TXCTY_13_1, TXCTY_13_4, TXCTY_13_2, TXCTY_13_3"
254108,,105120,102594,0.976,Closed,candidates_consensus,"CLAYTNVL_162L, CLAYTNVL_162H, CLAYTNVL_162T, CLAYTNVL_157H, CLAYTNVL_157T"
5897,,35040,34460,0.9834,Closed,candidates_consensus,"PKRSW_S1-2, PKRSW_S001"
16175,,35040,35007,0.9991,Closed,candidates_consensus,"LWSSW_FMR2, LWSSW_FMR1"
413386,,52560,51939,0.9882,Closed,candidates_consensus,"FOWLRTON_7TR1, FOWLRTON_5TR1, FOWLRTON_1TR1"
715203,,93024,57945,0.6229,Closed,candidates_consensus,"NAISMITH_XF1H, NAISMITH_XF1L, NAISMITH_XF1T, NAISMITH_XF2H, NAISMITH_XF2L"
5719,,35040,34460,0.9834,Closed,candidates_consensus,"PKRSW_S1-2, PKRSW_S001"
111896,,105120,104404,0.9932,Closed,candidates_consensus,"JOR_AT2, JOR_AT3T, JOR_AT1, JOR_AT2T, JOR_AT1T"
280394,,35040,34367,0.9808,Closed,candidates_consensus,"LARDVFT_VFTN, LARDVFT_VFT"
279843,,87600,79952,0.9127,Closed,candidates_consensus,"LA_PALMA_XF1C, LA_PALMA_XF1A, LA_PALMA_XF1B, LA_PALMA_69A2, LA_PALMA_69A1"
279005,,140160,139803,0.9975,Closed,candidates_consensus,"LON_HILL_381L, LON_HILL_382L, LON_HILL_69A1, LON_HILL_381H, LON_HILL_381T"
279323,,105120,102600,0.976,Closed,candidates_consensus,"SANMIGL_ATBT, SANMIGL_ATBH, SANMIGL_ATAH, SANMIGL_ATBL, SANMIGL_ATAL"
254110,,105120,102594,0.976,Closed,candidates_consensus,"CLAYTNVL_162L, CLAYTNVL_162H, CLAYTNVL_162T, CLAYTNVL_157H, CLAYTNVL_157T"
280424,,35040,32928,0.9397,Closed,candidates_consensus,"WHCCS_1X, WHCCS_1Y"
279268,,52560,52560,1.0,Closed,candidates_consensus,"CDHSW_AXFT, CDHSW_AXFH, CDHSW_AXFL"
279678,,52560,49800,0.9475,Closed,candidates_consensus,"NORTHLAN_T_1S, NORTHLAN_T_1P, NORTHLAN_T_1T"
81372,,70080,67654,0.9654,Closed,candidates_consensus,"GRANDVW1_COT1, GRANDVW1_GVT2, GRANDVW1_GVT1, GRANDVW1_COT2, GRANDVW1_T1"
334265,,52560,49884,0.9491,Closed,candidates_consensus,"ALIBATES_1TR2, ALIBATES_7TR2, ALIBATES_2TR2"
279519,,52560,52480,0.9985,Closed,candidates_consensus,"STEWART_ST1, STEWART_T3, STEWART_T2, STEWART_XFT2, STEWART_XFT3"
279430,,35040,35007,0.9991,Closed,candidates_consensus,"LWSSW_FMR2, LWSSW_FMR1"
334189,,52560,51504,0.9799,Closed,candidates_consensus,"TULECNYN_1TR2, TULECNYN_7TR2, TULECNYN_2TR2"
280221,,52560,48318,0.9193,Closed,candidates_consensus,"FALCON_13-2, FALCON_13-3, FALCON_13-1"
280429,,52560,52525,0.9993,Closed,candidates_consensus,"BIGLAKE_R-W2, BIGLAKE_R-E1, BIGLAKE_PS_1"
280206,,105120,102600,0.976,Closed,candidates_consensus,"SANMIGL_ATBT, SANMIGL_ATBH, SANMIGL_ATAH, SANMIGL_ATBL, SANMIGL_ATAL"
280214,,105120,101013,0.9609,Closed,candidates_consensus,"RIOHONDO_AT1T, RIOHONDO_AT2L, RIOHONDO_AT1H, RIOHONDO_AT2H, RIOHONDO_AT2T"
81455,,70080,67654,0.9654,Closed,candidates_consensus,"GRANDVW1_COT1, GRANDVW1_GVT2, GRANDVW1_GVT1, GRANDVW1_COT2, GRANDVW1_T1"
279424,,35040,32928,0.9397,Closed,candidates_consensus,"WHCCS_1X, WHCCS_1Y"
60393,,70080,67654,0.9654,Closed,candidates_consensus,"GRANDVW1_COT1, GRANDVW1_GVT2, GRANDVW1_GVT1, GRANDVW1_COT2, GRANDVW1_T1"
279984,,70080,54412,0.7764,Closed,candidates_consensus,"OKLA_1381, OKLA_1383, OKLA_1382, OKLA_24-3, OKLA_1384"
279173,,52560,52525,0.9993,Closed,candidates_consensus,"BIGLAKE_R-W2, BIGLAKE_R-E1, BIGLAKE_PS_1"
58982,,70080,67654,0.9654,Closed,candidates_consensus,"GRANDVW1_COT1, GRANDVW1_GVT2, GRANDVW1_GVT1, GRANDVW1_COT2, GRANDVW1_T1"
279981,,70080,54412,0.7764,Closed,candidates_consensus,"OKLA_1381, OKLA_1383, OKLA_1382, OKLA_24-3, OKLA_1384"
279510,,105120,101013,0.9609,Closed,candidates_consensus,"RIOHONDO_AT1T, RIOHONDO_AT2L, RIOHONDO_AT1H, RIOHONDO_AT2H, RIOHONDO_AT2T"
279832,,35040,34826,0.9939,Closed,candidates_consensus,"RIOPECOS_69_2, RIOPECOS_69-1"
279628,,35040,35001,0.9989,Closed,candidates_consensus,"BLESSING_1382, BLESSING_69A1"
58390,,52560,52050,0.9903,Closed,candidates_consensus,"LOBO_AUTO, LOBO_A2, LOBO_A3, LOBO_A1"
279730,,105120,104184,0.9911,Closed,candidates_consensus,"EMSES_AX2T, EMSES_MR1T, EMSES_AX2H, EMSES_MR1H, EMSES_AX2L"
279012,,105120,102600,0.976,Closed,candidates_consensus,"SANMIGL_ATBT, SANMIGL_ATBH, SANMIGL_ATAH, SANMIGL_ATBL, SANMIGL_ATAL"
279962,,70080,62185,0.8873,Closed,candidates_consensus,"TXCTY_13_1, TXCTY_13_4, TXCTY_13_2, TXCTY_13_3"
279267,,52560,52560,1.0,Closed,candidates_consensus,"CDHSW_AXFT, CDHSW_AXFH, CDHSW_AXFL"
715189,,93024,57945,0.6229,Closed,candidates_consensus,"NAISMITH_XF1H, NAISMITH_XF1L, NAISMITH_XF1T, NAISMITH_XF2H, NAISMITH_XF2L"
279359,,52560,48318,0.9193,Closed,candidates_consensus,"FALCON_13-2, FALCON_13-3, FALCON_13-1"
280129,,105120,101013,0.9609,Closed,candidates_consensus,"RIOHONDO_AT1T, RIOHONDO_AT2L, RIOHONDO_AT1H, RIOHONDO_AT2H, RIOHONDO_AT2T"
755661,,41134,40849,0.9931,Closed,candidates_consensus,"NAVALBAS_NBA1, NAVALBAS_XFH1, NAVALBAS_XFL1, NAVALBAS_XFT1"
279054,,70080,69617,0.9934,Closed,candidates_consensus,"DANSBY_FMR1, DANSBY_T2, DANSBY_FMR2, DANSBY_69_2, DANSBY_T1"
279641,,105120,105036,0.9992,Closed,candidates_consensus,"MARSFO_SUT3, MARSFO_BUT1, MARSFO_BUT3, MARSFO_SUT2, MARSFO_AUT1"
279979,,70080,62185,0.8873,Closed,candidates_consensus,"TXCTY_13_1, TXCTY_13_4, TXCTY_13_2, TXCTY_13_3"
279883,,35040,33679,0.9612,Closed,candidates_consensus,"PUTN_PS1, PUTN_69T1"
279021,,105120,104184,0.9911,Closed,candidates_consensus,"EMSES_AX2T, EMSES_MR1T, EMSES_AX2H, EMSES_MR1H, EMSES_AX2L"
279884,,52560,52050,0.9903,Closed,candidates_consensus,"LOBO_AUTO, LOBO_A2, LOBO_A3, LOBO_A1"
279679,,52560,49800,0.9475,Closed,candidates_consensus,"NORTHLAN_T_1S, NORTHLAN_T_1P, NORTHLAN_T_1T"
279983,,70080,54412,0.7764,Closed,candidates_consensus,"OKLA_1381, OKLA_1383, OKLA_1382, OKLA_24-3, OKLA_1384"
763014,,36768,36747,0.9994,Closed,candidates_consensus,"PAINTCRE_69-2, PAINTCRE_XFH1, PAINTCRE_XFL1, PAINTCRE_XFT1"
279784,,52560,52560,1.0,Closed,candidates_consensus,"YELWJCKT_69T1, YELWJCKT_69T2, YELWJCKT_PS_1"
254107,,105120,102594,0.976,Closed,candidates_consensus,"CLAYTNVL_162L, CLAYTNVL_162H, CLAYTNVL_162T, CLAYTNVL_157H, CLAYTNVL_157T"
279001,,140160,139803,0.9975,Closed,candidates_consensus,"LON_HILL_381L, LON_HILL_382L, LON_HILL_69A1, LON_HILL_381H, LON_HILL_381T"
280056,,35040,33694,0.9616,Closed,candidates_consensus,"LARDVFT_VFTS, LARDVFT_VFT"
279511,,105120,101013,0.9609,Closed,candidates_consensus,"RIOHONDO_AT1T, RIOHONDO_AT2L, RIOHONDO_AT1H, RIOHONDO_AT2H, RIOHONDO_AT2T"
280067,,52560,48318,0.9193,Closed,candidates_consensus,"FALCON_13-2, FALCON_13-3, FALCON_13-1"
279270,,35040,33679,0.9612,Closed,candidates_consensus,"PUTN_PS1, PUTN_69T1"
413385,,52560,51939,0.9882,Closed,candidates_consensus,"FOWLRTON_7TR1, FOWLRTON_5TR1, FOWLRTON_1TR1"
280094,,105120,102600,0.976,Closed,candidates_consensus,"SANMIGL_ATBT, SANMIGL_ATBH, SANMIGL_ATAH, SANMIGL_ATBL, SANMIGL_ATAL"
280098,,105120,105036,0.9992,Closed,candidates_consensus,"MARSFO_SUT3, MARSFO_BUT1, MARSFO_BUT3, MARSFO_SUT2, MARSFO_AUT1"
755662,,41134,40849,0.9931,Closed,candidates_consensus,"NAVALBAS_NBA1, NAVALBAS_XFH1, NAVALBAS_XFL1, NAVALBAS_XFT1"
717071,,108528,82456,0.7598,Closed,candidates_consensus,"RGRSW_FMR3, RGRSW_MR1H, RGRSW_MR1L, RGRSW_MR1T, RGRSW_MR2H"
280105,,105120,105036,0.9992,Closed,candidates_consensus,"MARSFO_SUT3, MARSFO_BUT1, MARSFO_BUT3, MARSFO_SUT2, MARSFO_AUT1"
254103,,105120,102594,0.976,Closed,candidates_consensus,"CLAYTNVL_162L, CLAYTNVL_162H, CLAYTNVL_162T, CLAYTNVL_157H, CLAYTNVL_157T"
279963,,70080,62185,0.8873,Closed,candidates_consensus,"TXCTY_13_1, TXCTY_13_4, TXCTY_13_2, TXCTY_13_3"
715154,,93024,57945,0.6229,Closed,candidates_consensus,"NAISMITH_XF1H, NAISMITH_XF1L, NAISMITH_XF1T, NAISMITH_XF2H, NAISMITH_XF2L"
715161,,93024,57945,0.6229,Closed,candidates_consensus,"NAISMITH_XF1H, NAISMITH_XF1L, NAISMITH_XF1T, NAISMITH_XF2H, NAISMITH_XF2L"
763013,,36768,36747,0.9994,Closed,candidates_consensus,"PAINTCRE_69-2, PAINTCRE_XFH1, PAINTCRE_XFL1, PAINTCRE_XFT1"
