teid,ercotDampsseId,tier,our_op_eqcode,dampsse_name_raw,dampsse_active_in_window,DeviceType,FromName,ToName,Substation1,Substation2,Name
30352,4094,substring_name_station,LINE_1_1,LINE_1_1,True,Line,GRAY,MIAMI_5,CTT_GRAY,MIAM1,LINE_1_1 1 1 345kV
120056,4153,substring_name_station,LINE1_1,LINE1_1,True,Line,LAQUINTA4A,EXGNWTL,LAQUINTA,EXGNWTL,LINE1_1 1 1 138kV
280444,7936,station_pair_leg,SNDSW_AXFMR1L-H,SNDSW_MR1L,True,Transformer,SANDOW_SR1_8,SNDSW1_1,SNDSW,SNDSW,MR1L 138kV-1kV
327869,2605,substring_name,DERMOTT_T2H,DERMOTT_T2,True,Transformer,DERMOTT_H,DERMOTT_W2,DERMOTT,DERMOTT,T2 345kV-34.5kV
98510,974,substring_name,ACSSW_AX1HH,ACSSW_AX1H,True,Transformer,ANDRCOSO_5,ANDRCOSO_1,ACSSW,ACSSW,AX1H 345kV-1kV
375369,5907,substring_name,MARION_AT3HL_H,MARION_AT3H,True,Transformer,L_MARION8_1Y,L_MARION_2Y,MARION,MARION,AT3L 138kV-1kV
279822,4631,station_pair_ckt,LA_PALMA_345_138L,LA_PALMA_69A1,True,Transformer,LA_PALMA4A,LP3DUM,LA_PALMA,LA_PALMA,XF1B 138kV-1kV
121955,1239,station_pair_leg,BNBSW_AXFMR2L_H,BNBSW_MR2L,True,Transformer,BENBRK_SRB_8,BNBSW2_1,BNBSW,BNBSW,MR2L 138kV-1kV
280307,2618,station_pair_leg,CLIMAX_CLIMAAT2,CLIMAX_AAT2,True,Transformer,TNCLIMAX__1,TNCLIMAX__0,CLIMAX,CLIMAX,AAT2 69kV-138kV
279191,946,station_pair,BARL_XFMR1_H,BARL_FMR1,True,Transformer,BARL2A,BARL4A,BARL,BARL,FMR1 69kV-138kV
279008,863,station_pair,ARANSASP_138_69A1,ARANSASP_69A1,True,Transformer,ARANSASP2A,ARANSASP4A,ARANSASP,ARANSASP,69A1 69kV-138kV
12853,4310,station_pair,GUNMTN_GMTN_H,GUNMTN_T1,True,Transformer,GUNMTN_8,GUNMTN_G1,GUNMTN,GUNMTN,T1 138kV-34.5kV
74129,4546,station_pair_leg,LHORN_N_XFMR-T2_H,LHORN_N_T2,True,Transformer,LHORNN_UNIT2,LHORN_N,LHORN_N,LHORN_N,T2 345kV-34.5kV
279293,2588,station_pair_leg,CMNSW_AXFMR1H,CMNSW_MR1H,True,Transformer,COMCHESS1_5,CMNSW1_1,CMNSW,CMNSW,MR1H 345kV-1kV
279502,6198,station_pair,NLARSW_PST1,NLARSW_PS1,True,Transformer,NLARSW4A,NLARSW4B,NLARSW,NLARSW,PS1 138kV-138kV
279218,4652,station_pair_leg,MCSES_AXFMR1H,MCSES_MR1H,True,Transformer,MTCK_1T8,MCSES1_1,MCSES,MCSES,MR1H 138kV-1kV
280447,7793,station_pair_leg,SNDSW_AXFMR1H-H,SNDSW_MR1H,True,Transformer,SAND_TXU_5,SNDSW1_1,SNDSW,SNDSW,MR1H 345kV-1kV
124631,7783,station_pair_leg,SCOSW_AXFMR2L,SCOSW_MR2L,True,Transformer,SCURCNTYS_8,SCURCNTY2_1,SCOSW,SCOSW,MR2L 138kV-1kV
346164,1083,substring_name,BERGHE_AT1L_H,BERGHE_AT1L,True,Transformer,L_BERGHE8_1Y,L_BERGHE1_2Y,BERGHE,BERGHE,AT1L 138kV-1kV
279816,9539,station_pair_leg,WHTNY_WHT1H_H,WHTNY_HT1H,True,Transformer,WHITNEY5,WHTNYSTAR,WHTNY,WHTNY,HT1H 345kV-1kV
41231,2709,station_pair_leg,DOWGEN_XF760,DOWGEN_F760,True,Transformer,DOWGEN_4_8,DOWGEN_5,DOWGEN,DOWGEN,F760 138kV-14.5kV
155001,2663,station_pair_leg,DCSES_AXFMR1H_H,DCSES_MR1H,True,Transformer,DECRDOVA_T5,DCSES1_1,DCSES,DCSES,MR1H 345kV-1kV
148323,7900,station_pair_leg,SHRSW_AXFMR1H_H,SHRSW_MR1H,True,Transformer,SHRYAUTO1_5,SHRSW1_1,SHRSW,SHRSW,MR1H 345kV-1kV
126319,2674,substring_name,DMTSW_AX1HH,DMTSW_AX1H,True,Transformer,DERMOTT_5,DMTSW1_1,DMTSW,DMTSW,AX1H 345kV-1kV
90296,4420,substring_name,KENDAL_AT3L_H,KENDAL_AT3L,True,Transformer,L_KENDAL8_1Y,L_KENDAL1_2,KENDAL,KENDAL,AT3L 138kV-1kV
280321,2928,station_pair_leg,GN_S_I_GNIN_T2L,GN_S_I_XT2L,True,Transformer,GREENV_IN_9,GREENV_IN_2,GN_S_I,GN_S_I,XT2L 69kV-1kV
280322,4473,station_pair_leg,LMESA_AXFMR2_L,LMESA_FMR2,True,Transformer,LAMESA_9,LAMESA_8,LMESA,LMESA,FMR2 69kV-138kV
438336,4516,station_pair_leg,HUTTO_AXFMR2L,HUTTO_MR2L,True,Transformer,HUTTOSS1_8,HOTTO_2,HUTTO,HUTTO,MR2L 138kV-1kV
27504,4629,substring_name_leg,MDO_AT1L_H,MDO_AT1L,True,Transformer,MEADOW_B138A,MEADOW_A1STR,MDO,MDO,AT1L 138kV-1kV
139318,4548,station_pair_leg,LIGSW_AXFMR2H_H,LIGSW_MR2H,True,Transformer,LIGGETT_2T5,LIGSW2_1,LIGSW,LIGSW,MR2H 345kV-1kV
7302,4421,substring_name,KENDAL_AT5L_H,KENDAL_AT5L,True,Transformer,L_KENDAL8_1Y,L_KENDAL1_3,KENDAL,KENDAL,AT5L 138kV-1kV
279274,4262,station_pair,GRSBK_AXFMR1,GRSBK_FMR1,True,Transformer,GROESBECP_9,GROESBECP_8,GRSBK,GRSBK,FMR1 69kV-138kV
280326,1167,station_pair_leg,BNDVS_GABDT1L,BNDVS_DT1L,True,Transformer,BENDAVIS_1_2,BENDAVIS_8,BNDVS,BNDVS,DT1L 138kV-1kV
61149,4543,station_pair_leg,LFKSW_AXFMR1L_H,LFKSW_MR1L,True,Transformer,LUFKNSS_8,LFKSW7_1,LFKSW,LFKSW,MR1L 138kV-1kV
279663,982,station_pair_leg,AMOCOTN_AMOCOT1,AMOCOTN_COT1,True,Transformer,TNAMOCO___1,TNAMOCO___0,AMOCOTN,AMOCOTN,COT1 69kV-138kV
95416,4585,substring_name,MARION_AT2L_H,MARION_AT2L,True,Transformer,L_MARION8_1Y,L_MARION_1Y,MARION,MARION,AT2L 138kV-1kV
280330,6112,station_pair_leg,MGSES_AXFMR2H,MGSES_MR2H,True,Transformer,MRGNCRK_5,700208_3STAR,MGSES,MGSES,MR2H 345kV-1kV
659626,11549,station_pair_leg,CHLD_1_69_1_H,CHLD_XF1H,True,Transformer,WC1DUM,CHLD2A,CHLD,CHLD,XF1L 69kV-1kV
280331,4466,station_pair_leg,LCSES_AXFMR2L,LCSES_MR2L,True,Transformer,LAKE_CRK1_8,LCSES2_1,LCSES,LCSES,MR2L 138kV-1kV
280332,9436,station_pair_leg,VICTORIA_138_69A2_H,VICTORIA_69A2,True,Transformer,VICTORIA2A,VICTORIA4A,VICTORIA,VICTORIA,69A2 69kV-138kV
48830,7981,substring_name,SRWE1_TR1H,SRWE1_TR1,True,Transformer,SRWE1_UNIT1,SRWE1_5,SRWE1,SRWE1,TR1 345kV-34.5kV
329307,7887,station_pair_leg,TCOSW_AXFMR1LH,TCOSW_AX1L,True,Transformer,TOCO_9,TOCO_1,TCOSW,TCOSW,AX1L 69kV-1kV
126307,4277,station_pair_leg,HKBRY_AXFMR3H_H,HKBRY_MR3H,True,Transformer,HACKBRY1_5,HKBRY3_1,HKBRY,HKBRY,MR3H 345kV-1kV
279115,2923,station_pair_leg,GIBCRK_GCSWT3L,GIBCRK_FM3L,True,Transformer,GIBN_CRK_1_1,GIBN_CREK_8,GIBCRK,GIBCRK,FM3L 138kV-1kV
279413,7984,station_pair,STERT_AXFMR1,STERT_FMR1,True,Transformer,MG_IND_T8,STERRETT1_9,STERT,STERT,FMR1 69kV-138kV
280335,7647,station_pair_ckt,RIOPECOS_138_69_1_H,RIOPECOS_69_2,True,Transformer,RIOPECOS4A,RIOPECOS2A,RIOPECOS,RIOPECOS,69-1 69kV-138kV
279783,9432,station_pair_ckt,YELWJCKT_138_69_2_H,YELWJCKT_69T1,True,Transformer,YELWJCKT4A,YELWJCKT2A,YELWJCKT,YELWJCKT,69T2 69kV-138kV
279321,9453,station_pair_leg,WTRML_AXFMR1L,WTRML_MR1L,True,Transformer,WATMLL_W8,WTRML1_1,WTRML,WTRML,MR1L 138kV-1kV
368367,7914,station_pair_leg,STNSW_AXFMR1LH,STNSW_AX1L,True,Transformer,STONCRK_9,STONE_1,STNSW,STNSW,AX1L 69kV-1kV
280336,2637,substring_name,DANSBY_T1_H,DANSBY_T1,True,Transformer,BRYN_DSBY69,DAN_DANSBYG1,DANSBY,DANSBY,T1 69kV-13.8kV
125352,6094,station_pair_leg,NCARBIDE_138_69A2_H,NCARBIDE_69A2,True,Transformer,NCARBIDE2B,NCARBIDE4B,NCARBIDE,NCARBIDE,69A2 138kV-69kV
443804,9541,substring_name,WINCHES_AT2L_H,WINCHES_AT2L,True,Transformer,L_WINCHE8_1Y,L_WINCHE3_1Y,WINCHES,WINCHES,AT2L 138kV-1kV
84214,7652,substring_name,RSNAKE_T1_H,RSNAKE_T1,True,Transformer,RSNAKE_5,RSNAKE_G1,RSNAKE,RSNAKE,T1 345kV-34.5kV
429039,7777,substring_name,RVRSW_AX1LH,RVRSW_AX1L,True,Transformer,RIVERTON_8,RVRSW_2A,RVRSW,RVRSW,AX1L 138kV-1kV
280010,2750,substring_name,DT_AT1H_H,DT_AT1,True,Transformer,DWNTWN__B138,DWNTWN_A1STR,DT,DT,AT1H 138kV-1kV
280341,2807,station_pair_leg,FOX_AXFMR2,FOX_FMR2,True,Transformer,FOX8,FOX9,FOX,FOX,FMR2 69kV-138kV
326920,9489,substring_name,ZEN_AT2H_H,ZEN_AT2,True,Transformer,ZENITH__B345,ZENITH_A2STR,ZEN,ZEN,AT2H 345kV-1kV
441596,7978,substring_name,SLKSW_AX2LH,SLKSW_AX2L,True,Transformer,SANDLAKE_8,SANDLK_A_2,SLKSW,SLKSW,AX2L 138kV-1kV
132781,1033,station_pair_leg,CBFSW_AXFMR1LH,CBFSW_MR1L,True,Transformer,CENTBLUF_8,CENTBLUF_1,CBFSW,CBFSW,MR1L 138kV-1kV
279397,973,station_pair_leg,ABNTHWST_138_69T1,ABNTHWST_69T1,True,Transformer,ABNTHWST2A,ABNTHWST4B,ABNTHWST,ABNTHWST,69T1 69kV-138kV
313506,1226,substring_name,CLEASP_AT2L_H,CLEASP_AT2L,True,Transformer,L_CLEASP8_1Y,L_CLEASP1_2Z,CLEASP,CLEASP,AT2L 138kV-1kV
320410,9553,substring_name,YUCSW_MR1LH,YUCSW_MR1L,True,Transformer,YUCCADR_9,YUCSW1_1,YUCSW,YUCSW,MR1L 69kV-1kV
279818,9376,station_pair_leg,WHTNY_AXFMR2H_H,WHTNY_MR2H,True,Transformer,WHITNEY5,WHITNYSTR,WHTNY,WHTNY,MR2H 345kV-1kV
408997,7820,station_pair,SGSA_138_69_2_H,SGSA_A2,True,Transformer,SGSA4A,SGSA2A,SGSA,SGSA,A2 138kV-69kV
279705,8019,substring_name,SMITHV_AT3H,SMITHV_AT3,True,Transformer,L_SMITHV8_1Y,L_SMITHV9_1Y,SMITHV,SMITHV,AT3 69kV-138kV
69336,1224,substring_name,CEDRHILL_T1_H,CEDRHILL_T1,True,Transformer,CEDRHILL4A,CEDRHILL2A,CEDRHILL,CEDRHILL,T1 138kV-69kV
279472,976,substring_name,AK_AKXT01_H,AK_XT01,True,Transformer,_AK_1_8,_AK__AK_G1,AK,AK,XT01 138kV-13.8kV
280347,7778,station_pair_leg,RYSSW_AXFMR3,RYSSW_FMR3,True,Transformer,ROYSE1_8,ROYSE3_5,RYSSW,RYSSW,FMR3 345kV-138kV
279104,6047,station_pair_leg,MLSES_AXFMR1L,MLSES_MR1L,True,Transformer,MRTINLK_1T8,MLSES1_1,MLSES,MLSES,MR1L 138kV-1kV
61378,9332,station_pair_leg,VENSW_AXFMR1H_H,VENSW_MR1H,True,Transformer,VENUS_N5,VENSW1_1,VENSW,VENSW,MR1H 345kV-1kV
279481,1278,substring_name_leg,BI_AT5L_H,BI_AT5L,True,Transformer,BELAIR_B138B,BELAIR_A5STR,BI,BI,AT5L 138kV-1kV
279310,4412,station_pair_leg,HLSES_AXFMR1L,HLSES_MR1L,True,Transformer,HANDLEY_9,HLSES1_1,HLSES,HLSES,MR1L 69kV-1kV
279639,5931,station_pair_leg,LYTTON_S_LY_AT1H,LYTTON_S_AT1H,True,Transformer,LYTTON34,LYTTON1_1KV,LYTTON_S,LYTTON_S,AT1H 345kV-1kV
358995,1126,station_pair_ckt,BTTSW_AXFMR1_HISIDE,BTTSW_FMR1,True,Transformer,BURNETTSW_8,BURNETTSW_9,BTTSW,BTTSW,FMR1 138kV-69kV
279071,9496,station_pair_leg,TYGND_AXFMR1H_H,TYGND_MR1H,True,Transformer,TYLERGND_5,TYGND1_1,TYGND,TYGND,MR1H 345kV-1kV
279426,1167,station_pair_leg,BNDVS_GABDT2L,BNDVS_DT1L,True,Transformer,BENDAVIS_1_1,BENDAVIS_8,BNDVS,BNDVS,GABL 138kV-1kV
87084,2528,substring_name_leg,CLEASP_AT1L_H,CLEASP_AT1L,True,Transformer,L_CLEASP8_1Y,L_CLEASP1_1Z,CLEASP,CLEASP,AT1L 138kV-1kV
363677,6231,substring_name,OB_AT2H_H,OB_AT2,True,Transformer,OBRIEN_B345A,OBRIEN_2ASTR,OB,OB,AT2H 345kV-1kV
279377,1060,station_pair_ckt,BRAZORIA_BRAZOAT1,BRAZORIA_OAT1,True,Transformer,TNBRAZORIA1,TNBRAZORIA0,BRAZORIA,BRAZORIA,OAT1 69kV-138kV
279387,4301,substring_name,GILLES_AT1H,GILLES_AT1,True,Transformer,L_GILLES8_1Y,L_GILLES9_1Y,GILLES,GILLES,AT1 69kV-138kV
96882,4588,substring_name,MCNSW_MR1LC,MCNSW_MR1L,True,Transformer,MIDCONW_8,MIDCONW_1,MCNSW,MCNSW,MR1L 138kV-1kV
352495,7953,substring_name,THW_AT3_H,THW_AT3,True,Transformer,T_H_W__POI_5,T_H_W__A3STR,THW,THW,AT3 345kV-1kV
279707,4384,station_pair_leg,HILLCTRY_AXFMR4L-H,HILLCTRY_MR4L,True,Transformer,HILLCTY4_8,HC_STAR4,HILLCTRY,HILLCTRY,MR4L 138kV-1kV
279577,7842,station_pair,TABOR_TR033,TABOR_R033,True,Transformer,BRYN_TABOR69,BRYN_TABR138,TABOR,TABOR,R033 69kV-138kV
379937,10785,substring_name,ALTAIR_AT2T_H,ALTAIR_AT2T,True,Transformer,L_ALTAIR9_1Y,L_ALTAIR8_1Y,ALTAIR,ALTAIR,AT2T 138kV-69kV
279004,9499,station_pair_leg,VALERO_XF_1_69,VALERO_1_69,True,Transformer,VALERO2A,VAL_VALEROG1,VALERO,VALERO,1_69 13.8kV-69kV
131895,9382,station_pair_leg,WLVEE_AXFMR1H_H,WLVEE_MR1H,True,Transformer,WLEVEE1_5,WLVEE1_1,WLVEE,WLVEE,MR1H 345kV-1kV
279517,4664,substring_name_leg,LEG_AT1L_H,LEG_AT1L,True,Transformer,LIMEST__B138,49168_STAR,LEG,LEG,AT1L 138kV-1kV
410507,1088,substring_name,BLSUMIT3_T1_H,BLSUMIT3_T1,True,Transformer,BLSMTIII_W2,BLSMTIII_5,BLSUMIT3,BLSUMIT3,T1 345kV-34.5kV
863988,13300,substring_name,FRONTERA_XFH2_H,FRONTERA_XFH2,True,Transformer,FRONTERA0C,FRONTERA7A,FRONTERA,FRONTERA,XFH2 345kV-1kV
96909,6017,substring_name,MCNSW_MR1HH,MCNSW_MR1H,True,Transformer,MIDCONW_5,MIDCONW_1,MCNSW,MCNSW,MR1H 345kV-1kV
280442,9280,substring_name,TC_010A_H,TC_010A,True,Transformer,TC_TCHP1,TECO___POI_8,TC,TC,010A 138kV-13.8kV
280357,1001,station_pair_leg,AUSTRO_AU_AT2L,AUSTRO_AT2L,True,Transformer,AUSTROP,AUSTRO2_1KV,AUSTRO,AUSTRO,AT2L 138kV-1kV
280448,7906,station_pair_leg,SKYLINE_AXFMR4L_H,SKYLINE_MR4L,True,Transformer,SKYSTAR4,SKYLIN4_8,SKYLINE,SKYLINE,MR4L 138kV-1kV
60992,4430,station_pair_leg,LFKSW_AXFMR1H_H,LFKSW_MR1H,True,Transformer,LUFKNSS_5,LFKSW7_1,LFKSW,LFKSW,MR1H 345kV-1kV
279466,909,station_pair,BELCNTY_138_69_1,BELCNTY_XFMR,True,Transformer,BELLCNTY8,BELLCNTY9,BELCNTY,BELCNTY,XFMR 69kV-138kV
123345,7655,substring_name,SALTFORK_T1_H,SALTFORK_T1,True,Transformer,SALT_UNIT1,SALT_FORK_5,SALTFORK,SALTFORK,T1 345kV-34.5kV
279614,7823,station_pair_leg,SKYLINE_AXFMR2H,SKYLINE_MR2H,True,Transformer,SKYSTAR2,SKYLINE_5,SKYLINE,SKYLINE,MR2H 345kV-1kV
73802,4639,station_pair_leg,LHORN_N_XFMR-T1_H,LHORN_N_T1,True,Transformer,LHORNN_UNIT1,LHORN_N,LHORN_N,LHORN_N,T1 345kV-34.5kV
422439,4364,substring_name,JCK_AT3H_H,JCK_AT3,True,Transformer,JONCRK__B345,JONCRK_A3STR,JCK,JCK,AT3H 345kV-1kV
94510,9456,substring_name,ZEN_AT1H_H,ZEN_AT1,True,Transformer,ZENITH__B345,ZENITH_A1STR,ZEN,ZEN,AT1H 345kV-1kV
280363,2633,station_pair,CS_TRRT1_H,CS_TRT1,True,Transformer,CROSBY_B138A,CROSBY_RT1_1,CS,CS,TRT1 34.5kV-138kV
279229,13214,station_pair_leg,TMPSW_AXFMR2,TMPSW_MR2H,True,Transformer,TEMP_SS__8,TEMP_SS__9,TMPSW,TMPSW,FMR2 69kV-138kV
354809,6279,substring_name,PHR_AT3H_H,PHR_AT3,True,Transformer,P_H_R___B345,P_H_R__A3STR,PHR,PHR,AT3H 345kV-1kV
76988,9327,substring_name,TWINBU_AT2H_H,TWINBU_AT2H,True,Transformer,L_TWINBU5_1Y,L_TWINBU1_2Z,TWINBU,TWINBU,AT2H 345kV-1kV
429041,7738,substring_name,RVRSW_AX2HH,RVRSW_AX2H,True,Transformer,RIVERTON_5,RVRSW_1A,RVRSW,RVRSW,AX2H 345kV-1kV
718554,12207,station_pair_leg,EXCSW_AXFMR1L,EXCSW_MR1L,True,Transformer,EXCHANGE1_8,EXCHANGE1_T,EXCSW,EXCSW,MR1L 138kV-1kV
438355,7692,station_pair_leg,SARRD_AXFMR2L-H,SARRD_MR2L,True,Transformer,SARGT_N8,SARRD2_1,SARRD,SARRD,MR2L 138kV-1kV
279240,6336,station_pair_leg,RENSW_AXFMR2H,RENSW_MR2H,True,Transformer,RNRTPL1_5,RENSW2_1,RENSW,RENSW,MR2H 345kV-1kV
279512,4467,substring_name,LEG_AT2H_H,LEG_AT2,True,Transformer,LIMEST_POI_5,49169_STAR,LEG,LEG,AT2H 345kV-1kV
313556,6200,substring_name,NORTMC_AT1H_H,NORTMC_AT1H,True,Transformer,L_NORTMC5_1Y,LNORSTR1,NORTMC,NORTMC,AT1H 345kV-1kV
280365,9404,station_pair_leg,W_DENT_XFT1H,W_DENT_T1H,True,Transformer,W_DENT_5,W_DENT_2,W_DENT,W_DENT,T1H 345kV-1kV
300172,6154,substring_name,NADAS_AT1H,NADAS_AT1,True,Transformer,L_NADA8_1Y,NADASUB9,NADAS,NADAS,AT1 138kV-69kV
61856,6134,station_pair_leg,ODEHV_AXFMR3H,ODEHV_MR3H,True,Transformer,ODEHV3T_5,ODEHV3_1,ODEHV,ODEHV,MR3H 345kV-1kV
681446,11779,station_pair_leg,TEASW_AXFMR1H,TEASW_MR1H,True,Transformer,TEASW_1_1,TEAL_88,TEASW,TEASW,MR1H 345kV-1kV
279434,2622,station_pair_leg,CNRSW_AXFMR1L,CNRSW_MR1L,True,Transformer,CNVLSW_E8,CNRSW1_1,CNRSW,CNRSW,MR1L 138kV-1kV
153623,7729,station_pair_leg,SHRSW_AXFMR2H_H,SHRSW_MR2H,True,Transformer,SHRYAUTO2_5,SHRSW2_1,SHRSW,SHRSW,MR2H 345kV-1kV
603131,1266,station_pair_leg,CONSW_AXFMR1L,CONSW_MR1L,True,Transformer,CONSAVVY_8,CONSW_AUTO1,CONSW,CONSW,MR1L 138kV-1kV
279587,4377,station_pair_leg,GRSES_AXFMR1H,GRSES_MR1H,True,Transformer,GRHAMSES1_5,GRSES1_1,GRSES,GRSES,MR1H 345kV-1kV
279051,2831,station_pair_leg,ELMOT_AXFMR2LH,ELMOT_MR2L,True,Transformer,ELM_MOTT__8,ELMOT1_1,ELMOT,ELMOT,MR2L 138kV-1kV
51782,6024,station_pair,MILLSW_XFMR1,MILLSW_FMR1,True,Transformer,MILL_SW138,MILL_SW69,MILLSW,MILLSW,FMR1 138kV-69kV
257871,5974,station_pair,LYTLE2_138_69_1_H,LYTLE2_AUT1,True,Transformer,LYTLE4A,LYTLE2A,LYTLE2,LYTLE2,AUT1 138kV-69kV
279501,2544,substring_name,CBY_AT3H_H,CBY_AT3,True,Transformer,CEDARP_B345A,CEDARP_A3STR,CBY,CBY,AT3H 345kV-1kV
279463,2631,station_pair_leg,CRLNW_AXFMR1L-H,CRLNW_MR1L,True,Transformer,CRLTN_NW1_8,CRLNW1_1,CRLNW,CRLNW,MR1L 138kV-1kV
273492,2616,station_pair,CHOATE_HIGH,CHOATE_CHOT,True,Transformer,CHOATESUB9,CHOATESUB8,CHOATE,CHOATE,CHOT 138kV-69kV
279249,1174,station_pair,BRNWD_AXFMR1,BRNWD_FMR1,True,Transformer,BRNWD1_8,BRNWD1_9,BRNWD,BRNWD,FMR1 69kV-138kV
279726,1039,station_pair_leg,AUSTRO_AU_AT1L,AUSTRO_AT1L,True,Transformer,AUSTROP,AUSTRO1_1KV,AUSTRO,AUSTRO,AT1L 138kV-1kV
280381,1106,station_pair_leg,CAGNON_AXFMR4L-H,CAGNON_MR4L,True,Transformer,CAGNON3_8,CAGSTAR4,CAGNON,CAGNON,MR4L 138kV-1kV
334577,4407,substring_name,HICKMAN_T1_H,HICKMAN_T1,True,Transformer,SANTRITA_G1,SANTRITA_5,HICKMAN,HICKMAN,T1 345kV-34.5kV
280384,8024,station_pair_leg,SPUNKY_SPUNKY2,SPUNKY_FMR2,True,Transformer,SPUNKY8,SPUNKY2,SPUNKY,SPUNKY,FMR2 69kV-138kV
119137,1090,station_pair_leg,BNBSW_AXFMR2H_H,BNBSW_MR2H,True,Transformer,BENBRK_B_T5,BNBSW2_1,BNBSW,BNBSW,MR2H 345kV-1kV
313488,2617,substring_name,CLEASP_AT2H_H,CLEASP_AT2H,True,Transformer,L_CLEASP5_1Y,L_CLEASP1_2Z,CLEASP,CLEASP,AT2H 345kV-1kV
88076,1086,substring_name_leg,BI_AT4L_H,BI_AT4L,True,Transformer,BELAIR_B138A,BELAIR_A4STR,BI,BI,AT4L 138kV-1kV
280387,2924,station_pair_leg,GIBCRK_GCSWT1L,GIBCRK_WT1L,True,Transformer,GIBN_CREK_8,GIBN_CRK_1_2,GIBCRK,GIBCRK,WT1L 138kV-1kV
279315,2864,station_pair_leg,EMSES_AXFMR1L,EMSES_MR1L,True,Transformer,EAGLEMNT1_T8,EMSES1_1,EMSES,EMSES,MR1L 138kV-1kV
603092,2625,station_pair_leg,CONSW_AXFMR2H,CONSW_MR2H,True,Transformer,CONSAVVY_5,CONSW_AUTO2,CONSW,CONSW,MR2H 345kV-1kV
279717,4302,substring_name,GLIDDE_AT1H,GLIDDE_AT1,True,Transformer,L_GLIDDE9_1Y,L_GLIDDE8_1Y,GLIDDE,GLIDDE,AT1 69kV-138kV
6084,2705,substring_name,DIGBY_T2H,DIGBY_T2,True,Transformer,ELECTRA_5,ELECTRA_2,DIGBY,DIGBY,T2 345kV-34.5kV
279358,4496,station_pair_leg,LAREDO_138_69A2H,LAREDO_A2-H,True,Transformer,LD1DUM,LAREDO4A,LAREDO,LAREDO,A2-H 138kV-1kV
279139,9310,station_pair,WICKT_AXFMR1,WICKT_FMR1,True,Transformer,WICKETT_9,WICKETT_8,WICKT,WICKT,FMR1 69kV-138kV
280068,4224,substring_name_leg,GBY_AT5H_H,GBY_AT5H,True,Transformer,GRNBYU__B138,GRNBYU_A5STR,GBY,GBY,AT5H 138kV-1kV
443803,9450,substring_name,WINCHES_AT2H_H,WINCHES_AT2H,True,Transformer,L_WINCHE5_1Y,L_WINCHE3_1Y,WINCHES,WINCHES,AT2H 345kV-1kV
279290,7785,station_pair_leg,SGVSW_AXFMR2L,SGVSW_MR2L,True,Transformer,SGVLSW1_8,SGVSW2_1,SGVSW,SGVSW,MR2L 138kV-1kV
370247,1271,station_pair_leg,CRSCN_AXFMR1H_H,CRSCN_XF1H,True,Transformer,CORS1_8,CRSCN1_1,CRSCN,CRSCN,XF1H 138kV-1kV
364058,7990,substring_name,TAHOKA_T2_H,TAHOKA_T2,True,Transformer,TAHOKAW_5,TAHOKAW_32,TAHOKA,TAHOKA,T2 345kV-34.5kV
280393,7923,substring_name,THW_AT2H_H,THW_AT2,True,Transformer,T_H_W___B138,T_H_W__A2STR,THW,THW,AT2H 138kV-1kV
279057,9323,station_pair_leg,TRSES_AXFMR6L,TRSES_MR6L,True,Transformer,TRINIDAD_8,TRSES6_1,TRSES,TRSES,MR6L 138kV-1kV
53948,7592,substring_name,RUSTHILL_T1_H,RUSTHILL_T1,True,Transformer,RUSTHILL2A,RUSTHILL4A,RUSTHILL,RUSTHILL,T1 138kV-69kV
720715,12225,station_pair_leg,RCKSW_AXFMR2H,RCKSW_MR2H,True,Transformer,ROCKHOUND_5,ROCKHOUND2_T,RCKSW,RCKSW,MR2H 345kV-1kV
278972,4435,station_pair,LMRBL_AXFMR2,LMRBL_FMR2,True,Transformer,LAMARBM1_8,LAMARBM1_9,LMRBL,LMRBL,FMR2 69kV-138kV
279468,7649,station_pair_leg,RNKSW_AXFMR1H,RNKSW_MR1H,True,Transformer,ROANOKE1_5,RNKSW1_1,RNKSW,RNKSW,MR1H 345kV-1kV
320668,4614,substring_name_leg,LYTTON_S_AT3L_L,LYTTON_S_AT3L,True,Transformer,LYTTON13,L_LYTTSP1_1Y,LYTTON_S,LYTTON_S,AT3L 138kV-1kV
318769,4336,substring_name,GILLCR_AT2L_H,GILLCR_AT2L,True,Transformer,L_GILLCR8_1Y,L_GILLCR1_2Z,GILLCR,GILLCR,AT2L 138kV-1kV
60976,8005,station_pair_leg,TMPCR_AXFMR1L_H,TMPCR_MR1L,True,Transformer,TEMP_PEC__8,TMPCR1_1,TMPCR,TMPCR,MR1L 138kV-1kV
2061,13516,substring_name_leg,720__H,720__H,False,Line,CRLTN1_8,MONETY2_8,REDGATE,REDGATE,GS1X 13.8kV-1kV
279078,7894,station_pair_leg,SCSES_AXFMR1H,SCSES_MR1H,True,Transformer,STRYKER_5,SCSES1_1,SCSES,SCSES,MR1H 345kV-1kV
313621,6058,substring_name,NORTMC_AT2H_H,NORTMC_AT2H,True,Transformer,L_NORTMC5_1Y,LNORSTR2,NORTMC,NORTMC,AT2H 345kV-1kV
280399,4534,station_pair_leg,KOCH_UP_138_69A1,KOCH_UP_69A1,True,Transformer,KOCH_UP4A,KOCH_UP2A,KOCH_UP,KOCH_UP,69A1 69kV-138kV
279066,9321,station_pair,TROUP_AXFMR1,TROUP_FMR1,True,Transformer,TROUPSS_8,TROUPSS_9,TROUP,TROUP,FMR1 69kV-138kV
280400,4673,station_pair_ckt,LON_HILL_345_1382H_H,LON_HILL_69A2,True,Transformer,LH2DUM,LONHILL7A,LON_HILL,LON_HILL,382H 345kV-1kV
279296,4370,station_pair_leg,KLNSW_AXFMR1H_H,KLNSW_MR1H,True,Transformer,KILL_SS__5,KLNSW1_1,KLNSW,KLNSW,MR1H 345kV-1kV
60320,938,station_pair_leg,ALNSW_AXFMR2L_H,ALNSW_MR2L,True,Transformer,ALLENSWS2_8,ALNSW2_1,ALNSW,ALNSW,MR2L 138kV-1kV
279608,7658,station_pair,SANORTH_138_69T1_H,SANORTH_69T1,True,Transformer,SANORTH4A,SANORTH2A,SANORTH,SANORTH,69T1 69kV-138kV
5760701,2946,substring_name_leg,FAYETT_AT2L_H,FAYETT_AT2L,True,Transformer,L_FAYETT8_1Y,1000,FAYETT,FAYETT,AT2L 138kV-1kV
319007,2608,substring_name,DOW_AT6H_H,DOW_AT6,True,Transformer,DOW____POI_5,DOW____A6STR,DOW,DOW,AT6H 345kV-1kV
279220,4624,station_pair_leg,MCSES_AXFMR1L,MCSES_MR1L,True,Transformer,MTCK1_9,MCSES1_1,MCSES,MCSES,MR1L 69kV-1kV
400155,4325,station_pair,HOLDY_AXFMR1,HOLDY_FMR1,True,Transformer,HOLLIDAY_9,HOLLIDAY_8,HOLDY,HOLDY,FMR1 138kV-69kV
279408,2662,substring_name,DANSBY_T3_H,DANSBY_T3,True,Transformer,BRYN_DSBY69,DAN_DANSBYG3,DANSBY,DANSBY,T3 69kV-13.8kV
190009,9539,station_pair_leg,WHTNY_XFMRT1,WHTNY_HT1H,True,Transformer,WHITNEY8,WHITNEYSW,WHTNY,WHTNY,FMRT 69kV-138kV
278998,6343,station_pair_ckt,PEARSALL_138_69_4_L,PEARSALL_69_4,True,Transformer,PEARSALLSW9,PEARSALLSUB8,PEARSALL,PEARSALL,69_4 138kV-69kV
279146,6167,station_pair_leg,ODEHV_AXFMR1H,ODEHV_MR1H,True,Transformer,ODEHVD_5,ODEHV1_1,ODEHV,ODEHV,MR1H 345kV-1kV
279491,1017,station_pair_leg,BOMSW_AXFMR1H,BOMSW_MR1H,True,Transformer,BOWMAN_5,BOMSW1_1,BOMSW,BOMSW,MR1H 345kV-1kV
280411,8017,station_pair_leg,SKYLINE_AXFMR3H,SKYLINE_MR3H,True,Transformer,SKYSTAR3,SKYLINE_5,SKYLINE,SKYLINE,MR3H 345kV-1kV
100188,9415,station_pair,WINK_WINKAT2B,WINK_KAT2,True,Transformer,TNWINK____0,TNWINK____1,WINK,WINK,KAT2 138kV-69kV
279638,4553,station_pair_leg,LYTTON_S_LY_AT1L,LYTTON_S_AT1L,True,Transformer,LYTTON13,LYTTON1_1KV,LYTTON_S,LYTTON_S,AT1L 138kV-1kV
280412,7617,station_pair_leg,RNKSW_AXFMR2L,RNKSW_MR2L,True,Transformer,ROANOKE2T_8,RNKSW2_1,RNKSW,RNKSW,MR2L 138kV-1kV
863967,13301,substring_name,FRONTERA_XFL1_H,FRONTERA_XFL1,True,Transformer,FRONTERA0C,FRONTERA4B,FRONTERA,FRONTERA,XFL1 138kV-1kV
304027,9315,substring_name,TB_AT2H_H,TB_AT2,True,Transformer,TOMBAL__B345,TOMBAL_A2STR,TB,TB,AT2H 345kV-1kV
28328,6065,station_pair_leg,ORANS_AXFMR2H,ORANS_XF2H,True,Transformer,ORAN1_8,ORANS2_1,ORANS,ORANS,XF2H 138kV-1kV
280414,4631,station_pair_leg,LA_PALMA_138_69A1_H,LA_PALMA_69A1,True,Transformer,LAPALMA2A,LA_PALMA4A,LA_PALMA,LA_PALMA,69A1 69kV-138kV
279952,2755,substring_name,ELB_EC_XF1,ELB_ECXF,True,Transformer,ELB_ELBCREEK,ELB_1_5,ELB,ELB,ECXF 34.5kV-345kV
280416,4298,station_pair_leg,GIBCRK_GCSWT2L,GIBCRK_WT2L,True,Transformer,GIBN_CRK_1_3,GIBN_CREK_8,GIBCRK,GIBCRK,WT2L 138kV-1kV
372720,1027,substring_name,CABEZON_T2_H,CABEZON_T2,True,Transformer,CABEZON_W2,CABEZON,CABEZON,CABEZON,T2 345kV-34.5kV
327087,4396,substring_name,JCK_AT2H_H,JCK_AT2,True,Transformer,JONCRK__B345,JONCRK_A2STR,JCK,JCK,AT2H 345kV-1kV
279787,9486,substring_name,WRN_XT1_H,WRN_XT1,True,Transformer,WARVUE_POI_8,WRN_TARGA_1,WRN,WRN,XT1 138kV-12.5kV
2013,6312,substring_name,PHR_AT2H_H,PHR_AT2,True,Transformer,P_H_R___B345,P_H_R__A2STR,PHR,PHR,AT2H 345kV-1kV
364817,6178,substring_name,PHARRSVC_AUT2_H,PHARRSVC_AUT2,True,Transformer,PHARR0B,PHARR4C,PHARRSVC,PHARRSVC,AUT2 138kV-23.5kV
718824,12209,station_pair_leg,EXCSW_AXFMR2H,EXCSW_MR2H,True,Transformer,EXCHANGE1_5,EXCHANGE2_T,EXCSW,EXCSW,MR2H 345kV-1kV
54008,6137,station_pair_leg,ORANS_AXFMR1LH,ORANS_XF1L,True,Transformer,ORAN1_9,ORANS1_1,ORANS,ORANS,XF1L 69kV-1kV
139919,953,substring_name,BLSUMMIT_TRF1H,BLSUMMIT_TRF1,True,Transformer,BLSMT_1_5,BLSMT1_5,BLSUMMIT,BLSUMMIT,TRF1 345kV-34.5kV
320667,4648,substring_name_leg,LYTTON_S_AT3H_H,LYTTON_S_AT3H,True,Transformer,LYTTON34,L_LYTTSP1_1Y,LYTTON_S,LYTTON_S,AT3H 345kV-1kV
278981,6106,substring_name,PC_NORTH_P1T1,PC_NORTH_P1T1,False,Transformer,PC__PANTHER1,PC_NORTH_1_5,PC_NORTH,PC_NORTH,PCT1 345kV-34.5kV
279523,6063,station_pair,ODNTH_AXFMR1,ODNTH_FMR1,True,Transformer,ODESSANO_8,ODESSANO_9,ODNTH,ODNTH,FMR1 69kV-138kV
405559,9420,station_pair_leg,WLNDSSRC_1W1,WLNDSSRC_XF-1,True,Transformer,WLNDTIRC1,WLNDSSRC,WLNDSSRC,WLNDSSRC,XF-1 345kV-138kV
279401,9398,station_pair_leg,VENSW_AXFMR3H,VENSW_MR3H,True,Transformer,VENUS_N5,VENSW3_1,VENSW,VENSW,MR3H 345kV-1kV
279271,12202,station_pair_leg,DILLEYSW_138_69_1,DILLEYSW_XF1H,True,Transformer,DILEYSWSTEC8,DLYSWSTECSB9,DILLEYSW,DILLEYSW,69_1 69kV-138kV
81018,9393,substring_name,TWINBU_AT2L_H,TWINBU_AT2L,True,Transformer,L_TWINBU8_1Y,L_TWINBU1_2Z,TWINBU,TWINBU,AT2L 138kV-1kV
279225,899,station_pair_leg,ANASW_AXFMR2L-H,ANASW_XF2L,True,Transformer,ANNASW_8,ANASW2_1,ANASW,ANASW,XF2L 138kV-1kV
370248,1232,station_pair_leg,CRSCN_AXFMR1L_H,CRSCN_XF1L,True,Transformer,CORS__9,CRSCN1_1,CRSCN,CRSCN,XF1L 69kV-1kV
279649,9365,station_pair_leg,VICTORIA_138_69A1_H,VICTORIA_69A1,True,Transformer,VICTORIA4A,VICTORIA2A,VICTORIA,VICTORIA,69A1 69kV-138kV
1743,13628,substring_name,ARPT_MARYAT1_1,ARPT_MARYAT1_1,False,Line,MARYATTP2A,ARPT2A,REDGATE,REDGATE,GS2Y 13.8kV-1kV
279226,1228,station_pair_leg,CMTSW_AXFMR1,CMTSW_FMR1,True,Transformer,CALMONT1_8,CALMONT1_9,CMTSW,CMTSW,FMR1 69kV-138kV
681480,11783,station_pair_leg,TEASW_AXFMR2L,TEASW_MR2L,True,Transformer,TEAL_8,TEASW_1_2,TEASW,TEASW,MR2L 138kV-1kV
326252,5994,substring_name,NA_NO_1H,NA_NO_1,True,Transformer,NA_2,NASA___X06B8,,,NO_1 138kV-12.47kV
262772,1254,station_pair_leg,CAGNON_AXFMR1H-H,CAGNON_MR1H,True,Transformer,CAGNON_5,CAGSTAR1,CAGNON,CAGNON,MR1H 345kV-1kV
326255,6152,substring_name,NA_NO_5H,NA_NO_5,True,Transformer,NA_3,NASA___X06B8,,,NO_5 138kV-12.47kV
313123,4268,substring_name,HAMILTON_AUT2_H,HAMILTON_AUT2,True,Transformer,HAMILTON4A,HAMILTON1B,HAMILTON,HAMILTON,AUT2 138kV-19.5kV
320383,9524,substring_name,YUCSW_MR1HH,YUCSW_MR1H,True,Transformer,YUCCADR_8,YUCSW1_1,YUCSW,YUCSW,MR1H 138kV-1kV
279398,7623,station_pair,SACH_138_69T1_H,SACH_69T1,True,Transformer,SACH4A,SACH2A,SACH,SACH,69T1 69kV-138kV
280436,7883,station_pair,STASW_AXFMRH,STASW_FMR1,True,Transformer,STANTON_E_8,STANTON_E_9,STASW,STASW,FMR1 138kV-69kV
279046,4542,station_pair_leg,LENSW_AXFMR2H,LENSW_FMR2,True,Transformer,LEON5_9,LEONSW_8,LENSW,LENSW,FMR2 69kV-138kV
279785,9424,substring_name,WO_AT2H_H,WO_AT2,True,Transformer,WHITOK_B138B,WHITOK_A2STR,WO,WO,AT2H 138kV-1kV
279846,2746,substring_name,DOW_AT1H_H,DOW_AT1,True,Transformer,DOW____POI_5,DOW____A1STR,DOW,DOW,AT1H 345kV-1kV
88075,1052,substring_name,BI_AT4_H,BI_AT4,True,Transformer,BELAIR__B345,BELAIR_A4STR,BI,BI,AT4 345kV-1kV
279720,4460,station_pair,KINGSBER_KB_AT_1,KINGSBER_AT_1,True,Transformer,KINGSMB1,KINGSBRY,KINGSBER,KINGSBER,AT_1 138kV-69kV
465299,2529,station_pair_leg,CMBSW_AXFMR1L,CMBSW_MR1L,True,Transformer,CARMICHL_8,CARMICHL_1,CMBSW,CMBSW,MR1L 138kV-1kV
399343,4414,substring_name,IH20_IHS1_HISIDE,IH20_IHS1,True,Transformer,TNIH20____1,TNIH20SVC_1,IH20,IH20,IHS1 138kV-31kV
279101,4357,station_pair,HRN_HRNAT1,HRN_NAT1,True,Transformer,HEARNE8,HEARNE9,HRN,HRN,NAT1 69kV-138kV
280159,4429,station_pair_leg,LENSW_AXFMR5H,LENSW_FMR5,True,Transformer,LEON5_9,LEONSW_8,LENSW,LENSW,FMR5 138kV-69kV
279327,2887,station_pair,GEOWEST_138_69_1,GEOWEST_69_1,True,Transformer,GEORGEWSTSW9,GEORGEWSTSW8,GEOWEST,GEOWEST,69_1 69kV-138kV
279047,2859,station_pair_leg,ELMOT_AXFMR1H,ELMOT_FMR1,True,Transformer,ELM_MOTT__9,ELM_MOTT__8,ELMOT,ELMOT,FMR1 69kV-138kV
21497,4235,substring_name_leg,GS_AT2L_H,GS_AT2L,True,Transformer,GABLE____B69,GABLE__A2STR,GS,GS,AT2L 69kV-1kV
416406,1242,station_pair,BNTSW_AXFMR1,BNTSW_FMR1,True,Transformer,BENNETT_8,BENNETT_9,BNTSW,BNTSW,FMR1 69kV-138kV
652128,11558,station_pair_leg,LPNSW_AXFMR2L,LPNSW_MR2L,True,Transformer,LOOP9_8,LPNSW_1_2,LPNSW,LPNSW,MR2L 138kV-1kV
279322,1188,station_pair_leg,CLIMAX_CLIMAAT1,CLIMAX_AAT1,True,Transformer,TNCLIMAX__1,TNCLIMAX__0,CLIMAX,CLIMAX,AAT1 69kV-138kV
279685,2984,substring_name,GABRIE_AT1H,GABRIE_AT1,True,Transformer,L_GABRIE9_1Y,L_GABRIE8_1Y,GABRIE,GABRIE,AT1 69kV-138kV
28444,6066,station_pair_leg,ORANS_AXFMR2L,ORANS_XF2L,True,Transformer,ORAN1_9,ORANS2_1,ORANS,ORANS,XF2L 69kV-1kV
279165,7781,substring_name,SC_AT1H_H,SC_AT1,True,Transformer,S_CHAN__B138,S_CHAN_A1STR,SC,SC,AT1H 138kV-1kV
279574,2938,station_pair_leg,EDGWD_AXFMR2L,EDGWD_MR2L,True,Transformer,EDGEWOOD_9,EDGWD2_1,EDGWD,EDGWD,MR2L 69kV-1kV
196470,9507,substring_name,WAKEWE_T2H,WAKEWE_T2,True,Transformer,WAKE_UNIT2,WAKE_5,WAKEWE,WAKEWE,T2 345kV-34.5kV
279675,4388,station_pair,HONDOCK_138_69_1,HONDOCK_69_1,True,Transformer,HONDOCREEK8,HONDOCREEK9,HONDOCK,HONDOCK,69_1 69kV-138kV
279828,9387,substring_name,TNWHTBKR_WB_AT_1,TNWHTBKR_WBAT,True,Transformer,TNWHITEBKR1,TNWHITEBKR0,TNWHTBKR,TNWHTBKR,WBAT 138kV-69kV
399344,4440,substring_name,IH20_IHS2_HISIDE,IH20_IHS2,True,Transformer,TNIH20____1,TNIH20SVC_1,IH20,IH20,IHS2 138kV-31kV
361523,6140,substring_name,PALMASVC_AUT1_H,PALMASVC_AUT1,True,Transformer,LAPALMA0C,LAPALMA4B,PALMASVC,PALMASVC,AUT1 138kV-23.5kV
438354,7868,station_pair_leg,SARRD_AXFMR2H-H,SARRD_MR2H,True,Transformer,SARGT1_5,SARRD2_1,SARRD,SARRD,MR2H 345kV-1kV
374205,2900,station_pair_leg,EVRSW_AXFMR4H_H,EVRSW_MR4H,True,Transformer,EVRMAN_E5,EVRSW4_1,EVRSW,EVRSW,MR4H 345kV-1kV
830879,12897,station_pair_leg,PRLSW_AXFMR2L,PRLSW_MR2L,True,Transformer,PRAIRILND__4,PRAIRILND_8,PRLSW,PRLSW,MR2L 138kV-1kV
429032,9419,substring_name,WLFSW_AX1LH,WLFSW_AX1L,True,Transformer,WOLFSS_8,WLFSW_1A,WLFSW,WLFSW,AX1L 138kV-1kV
279402,9274,station_pair_leg,VENSW_AXFMR3L,VENSW_MR3L,True,Transformer,VENUS3_8,VENSW3_1,VENSW,VENSW,MR3L 138kV-1kV
80439,7821,substring_name,SHANNONW_T1_H,SHANNONW_T1,True,Transformer,SCLAY_UNIT1,SCLAY_5,SHANNONW,SHANNONW,T1 345kV-34.5kV
280168,8014,station_pair_leg,VALERO_XF_2_69,VALERO_2_69,True,Transformer,VALERO2A,VAL_VALEROG2,VALERO,VALERO,2_69 13.8kV-69kV
279238,7721,station_pair_leg,SARRD_AXFMR1H-H,SARRD_MR1H,True,Transformer,SARGT1_5,SARRD1_1,SARRD,SARRD,MR1H 345kV-1kV
334578,4276,substring_name,HICKMAN_T2_H,HICKMAN_T2,True,Transformer,SANTRITA_5,SANTRITA_G2,HICKMAN,HICKMAN,T2 345kV-34.5kV
359854,4413,substring_name,HUD_XT02H,HUD_XT02,True,Transformer,HUD_CTG1,HUD_8_1,HUD,HUD,XT02 138kV-13.8kV
280169,4583,station_pair_leg,LYTTON_S_LY_AT2H,LYTTON_S_AT2H,True,Transformer,LYTTON34,LYTTON2_1KV,LYTTON_S,LYTTON_S,AT2H 345kV-1kV
69860,827,station_pair_leg,ALMC_138_69T2_H,ALMC_T2,True,Transformer,ALMC4A,ALMC2B,ALMC,ALMC,T2 138kV-69kV
419958,892,substring_name,ACSSW_AX2HH,ACSSW_AX2H,True,Transformer,ANDRCOSO_5,ACSSW_2,ACSSW,ACSSW,AX2H 345kV-1kV
875578,14688,station_pair_leg,GAINSVIL_AUTO2_H,GAINSVIL_TRF2,True,Transformer,GAINESVILL,GAINSVIL,GAINSVIL,GAINSVIL,TRF2 69kV-138kV
278994,6236,station_pair,ORNGROV_138_69_1,ORNGROV_69_1,True,Transformer,ORANGEGRVSW9,ORANGEGRVSW8,ORNGROV,ORNGROV,69_1 69kV-138kV
726990,12212,station_pair_leg,HERON_1_138_1_H,HERON_XF1H,True,Transformer,HERONDUM,HERON2A,HERON,HERON,XF1H 138kV-1kV
279763,8000,substring_name_leg,THW_AT1L_H,THW_AT1L,True,Transformer,T_H_W___B138,T_H_W__A1STR,THW,THW,AT1L 138kV-1kV
279564,6050,station_pair_leg,MNSES_AXFMR1L,MNSES_MR1L,True,Transformer,MOSES1_8,MNSES1_1,MNSES,MNSES,MR1L 138kV-1kV
279682,7811,substring_name,SANDCR_AT1H,SANDCR_AT1,True,Transformer,L_SANDCR8_1Y,L_SANDCR9_1Y,SANDCR,SANDCR,AT1 69kV-138kV
279037,9551,station_pair_leg,WWEST_AXFMR2H,WWEST_MR2H,True,Transformer,WACO_W1_8,WWEST2_1,WWEST,WWEST,MR2H 138kV-1kV
278967,6218,station_pair,PAUL_138_69_1,PAUL_69-1,True,Transformer,PAUL2A,LKPAULS4A,PAUL,PAUL,69-1 69kV-138kV
278984,1203,station_pair,BOW_AXFMR1,BOW_FMR1,True,Transformer,BOWIE8,BOWIE9,BOW,BOW,FMR1 69kV-138kV
279531,7611,station_pair_leg,RDWELLS_RDW_A1,RDWELLS_FMR1,True,Transformer,RDWELLS138,RDWELLS69,RDWELLS,RDWELLS,FMR1 69kV-138kV
280176,9291,station_pair_leg,TMPSW_AXFMR1L,TMPSW_MR1L,True,Transformer,TEMP_SS_R_8,TMPSW1_1,TMPSW,TMPSW,MR1L 138kV-1kV
279425,4350,station_pair,HIL_138_69_1,HIL_XFMR,True,Transformer,HILLTOP8,HILLTOP9,HIL,HIL,XFMR 69kV-138kV
279083,6095,station_pair_leg,NCDSE_AXFMR1H,NCDSE_MR1H,True,Transformer,NACOGDSE_5,NCDSE1_1,NCDSE,NCDSE,MR1H 345kV-1kV
280180,2832,station_pair_leg,EVRSW_AXFMR3H,EVRSW_MR3H,True,Transformer,EVRMAN_W5,EVRSW3_1,EVRSW,EVRSW,MR3H 345kV-1kV
280181,1275,substring_name,DANSBY_T2_H,DANSBY_T2,True,Transformer,BRYN_DSBY69,DAN_DANSBYG2,DANSBY,DANSBY,T2 69kV-13.8kV
279198,4418,substring_name,JN_AT1H_H,JN_AT1,True,Transformer,JENETA__B345,JENETA_A1STR,JN,JN,AT1H 345kV-1kV
60394,2849,station_pair_leg,FSHSW_AXFMR1L_H,FSHSW_MR1L,True,Transformer,FISHRDSS1_8,FSHSW1_1,FSHSW,FSHSW,MR1L 138kV-1kV
717097,12112,station_pair_leg,RGRSW_AXFMR1H,RGRSW_MR1H,True,Transformer,RANGER_5,RANGER1_T,RGRSW,RGRSW,MR1H 345kV-1kV
280185,4288,station_pair_leg,JKSVL_AXFMR2,JKSVL_FMR2,True,Transformer,JAXVLSW_8,JAXVL2SS_9,JKSVL,JKSVL,FMR2 69kV-138kV
429036,9381,substring_name,WLFSW_AX2HH,WLFSW_AX2H,True,Transformer,WOLFSS_5,WLFSW_2A,WLFSW,WLFSW,AX2H 345kV-1kV
127817,1136,station_pair_leg,CBFSW_AXFMR1H,CBFSW_MR1H,True,Transformer,CENTBLUF_5,CENTBLUF_1,CBFSW,CBFSW,MR1H 345kV-1kV
280216,6102,station_pair_leg,ODEHV_AXFMR2L,ODEHV_MR2L,True,Transformer,ODESEHV_8,ODEHV2_1,ODEHV,ODEHV,MR2L 138kV-1kV
13348,4241,station_pair_leg,HCKSW_AXFMR1LH,HCKSW_MR1L,True,Transformer,HICKS_SW_1_8,HCKSW1_1,HCKSW,HCKSW,MR1L 138kV-1kV
829939,11389,station_pair_leg,GARZA_1_138_1_H,GARZA_XF1H,True,Transformer,GZDMYA,GARZA4A,GARZA,GARZA,XF1H 138kV-1kV
279541,7660,station_pair,SARDIS_138_69_1,SARDIS_XFMR,True,Transformer,SARDIS9,SARDIS8,SARDIS,SARDIS,XFMR 69kV-138kV
279725,865,station_pair_leg,AUSTRO_AU_AT1H,AUSTRO_AT1H,True,Transformer,L_AUSTRO5_1Y,AUSTRO1_1KV,AUSTRO,AUSTRO,AT1H 345kV-1kV
279016,6249,station_pair_leg,PRSSW_AXFMR1L,PRSSW_MR1L,True,Transformer,PARIS_SW1_8,PRSSW1_1,PRSSW,PRSSW,MR1L 138kV-1kV
330408,6012,substring_name,MASOCT_AT3H,MASOCT_AT3,True,Transformer,L_MASOCT9_2Y,L_MASOCT8_1Y,MASOCT,MASOCT,AT3 138kV-69kV
279284,6323,station_pair_leg,PTENN_AXFMR1L,PTENN_MR1L,True,Transformer,PL_TENNY_8,PTENN1_1,PTENN,PTENN,MR1L 138kV-1kV
280443,912,substring_name_leg,BI_AT1L_H,BI_AT1L,True,Transformer,BELAIR_B138A,BELAIR_A1STR,BI,BI,AT1L 138kV-1kV
313115,4312,substring_name,HAMILTON_AUT1_H,HAMILTON_AUT1,True,Transformer,HAMILTON4A,HAMILTON1A,HAMILTON,HAMILTON,AUT1 138kV-19.5kV
279077,7909,station_pair_leg,SSPSW_AXFMR1L,SSPSW_MR1L,True,Transformer,SULSP_SS1_8,SSPSW1_1,SSPSW,SSPSW,MR1L 138kV-1kV
279622,7847,substring_name,THW_AT1_H,THW_AT1,True,Transformer,T_H_W__POI_5,T_H_W__A1STR,THW,THW,AT1 345kV-1kV
326254,6026,substring_name,NA_NO_4H,NA_NO_4,True,Transformer,NA_4,NASA___X06B8,,,NO_4 138kV-12.47kV
875384,14687,station_pair_leg,GAINSVIL_AUTO1_L,GAINSVIL_TRF1,True,Transformer,GAINESVILL,GAINSVIL,GAINSVIL,GAINSVIL,TRF1 138kV-69kV
279027,9547,station_pair_leg,WLVEE_AXFMR1L_H,WLVEE_MR1L,True,Transformer,WLEVEE_1T8,WLVEE1_1,WLVEE,WLVEE,MR1L 138kV-1kV
279500,4261,station_pair,GNSVL_AXFMR1,GNSVL_FMR1,True,Transformer,GAINVLDX1_8,GAINVLDX1_9,GNSVL,GNSVL,FMR1 138kV-69kV
279849,6103,station_pair,OGSES_FRM1,OGSES_FMR1,True,Transformer,OAKGROVE_5,OAKGROVE_8,OGSES,OGSES,FMR1 345kV-138kV
279592,9416,station_pair_leg,WINKS_AXFMR1,WINKS_FMR1,True,Transformer,WINKSS_8,WINKSS_9,WINKS,WINKS,FMR1 69kV-138kV
6037,2573,substring_name,DIGBY_T1H,DIGBY_T1,True,Transformer,ELECTRA_5,ELECTRA_1,DIGBY,DIGBY,T1 345kV-34.5kV
270552,7716,substring_name,SALEM_AT4H_H,SALEM_AT4H,True,Transformer,L_SALEM_5_1Y,L_SALEM1_1,SALEM,SALEM,AT4H 345kV-1kV
279571,2904,station_pair_leg,FGRSW_AXFMR1L,FGRSW_MR1L,True,Transformer,FOREGROV_8,FGRSW1_1,FGRSW,FGRSW,MR1L 138kV-1kV
717098,12113,station_pair_leg,RGRSW_AXFMR1L,RGRSW_MR1L,True,Transformer,RANGER_8,RANGER1_T,RGRSW,RGRSW,MR1L 138kV-1kV
279449,2786,station_pair,DUBLN_AXFMR1,DUBLN_FMR1,True,Transformer,DUBLIN1_9,DUBLIN1_8,DUBLN,DUBLN,FMR1 69kV-138kV
280426,4514,station_pair_leg,HUTTO_AXFMR1H,HUTTO_MR1H,True,Transformer,HUTTOSS__5,HUTTOSS1_1,HUTTO,HUTTO,MR1H 345kV-1kV
21711,4550,substring_name,LON_HILL_69A1_H,LON_HILL_69A1,True,Transformer,LON_HILL2A,LON_HILL4A,LON_HILL,LON_HILL,69A1 69kV-138kV
104415,4333,substring_name,JOR_AT2H_H,JOR_AT2,True,Transformer,JORDAN__B345,JORDAN_A2STR,JOR,JOR,AT2H 345kV-1kV
603130,1153,station_pair_leg,CONSW_AXFMR1H,CONSW_MR1H,True,Transformer,CONSAVVY_5,CONSW_AUTO1,CONSW,CONSW,MR1H 345kV-1kV
279250,7832,station_pair_leg,SPUNKY_AXFMR1,SPUNKY_FMR1,True,Transformer,SPUNKY8,SPUNKY9,SPUNKY,SPUNKY,FMR1 69kV-138kV
279527,4385,substring_name,HOC_AT1_H,HOC_AT1,True,Transformer,H_O_C___B138,H_O_C__A1STR,HOC,HOC,AT1 138kV-1kV
279272,9345,station_pair_leg,WHTNY_AXFMR2_L,WHTNY_MR2L,True,Transformer,WHITNEY8,WHITNEYSW,WHTNY,WHTNY,FMR2 69kV-138kV
124653,7893,station_pair_leg,SCOSW_AXFMR1H,SCOSW_MR1H,True,Transformer,SCURCNTYS_5,SCURCNTY1_1,SCOSW,SCOSW,MR1H 345kV-1kV
280441,4490,station_pair_leg,KENDAL_4LH,KENDAL_AT4L,True,Transformer,L_KENDAL8_2Y,L_KENDAL1_1,KENDAL,KENDAL,AT4L 138kV-1kV
280071,2886,substring_name_leg,GBY_AT5L_H,GBY_AT5L,False,Transformer,GRNBYU__B69A,GRNBYU_A5STR,GBY,GBY,AT5 69kV-1kV
279294,4234,station_pair,GRMSW_AXFMR1,GRMSW_FMR1,True,Transformer,GRAHAMSW_8,GRAHAMSW_9,GRMSW,GRMSW,FMR1 138kV-69kV
69541,4356,substring_name,HRFDWIND_T2_H,HRFDWIND_T2,True,Transformer,HRFDWIND_V,HRFDWIND_5,HRFDWIND,HRFDWIND,T2 345kV-34.5kV
327932,1135,station_pair,CASSAVA_CASA1_H,CASSAVA_T1,True,Transformer,CASSAVA4A,CASSAVA2A,CASSAVA,CASSAVA,T1 138kV-69kV
279373,7626,station_pair,SANMGSW_138_69_1,SANMGSW_69_1,True,Transformer,SNMIGUELSWA9,SNMIGUELSWB8,SANMGSW,SANMGSW,69_1 69kV-138kV
98558,891,substring_name,ACSSW_AX1LH,ACSSW_AX1L,True,Transformer,ANDRCOSO_8,ANDRCOSO_1,ACSSW,ACSSW,AX1L 138kV-1kV
255036,4390,station_pair,ILLN_138_69_AUTO1_H,ILLN_AUT1,True,Transformer,ILLN2A,ILLN4A,ILLN,ILLN,AUT1 138kV-69kV
582373,5984,station_pair_leg,MDLNE_AXFMR1H,MDLNE_MR1H,True,Transformer,MIDLET_5,MDLNE1_2,MDLNE,MDLNE,MR1H 345kV-1kV
61724,6264,station_pair_leg,ODEHV_AXFMR3L,ODEHV_MR3L,True,Transformer,ODESEHV_8,ODEHV3_1,ODEHV,ODEHV,MR3L 138kV-1kV
113628,6019,substring_name,MDO_AT2H_H,MDO_AT2,True,Transformer,MEADOW__B345,MEADOW_A2STR,MDO,MDO,AT2H 345kV-1kV
830878,12896,station_pair_leg,PRLSW_AXFMR2H,PRLSW_MR2H,True,Transformer,PRAIRILND_5,PRAIRILND__4,PRLSW,PRLSW,MR2H 345kV-1kV
279320,9385,station_pair_leg,WTRML_AXFMR1H,WTRML_MR1H,True,Transformer,WATMLL_W5,WTRML1_1,WTRML,WTRML,MR1H 345kV-1kV
859553,13214,station_pair_leg,TMPSW_AXFMR2H,TMPSW_MR2H,True,Transformer,TEMP_SS__5,TMPSW1_2,TMPSW,TMPSW,MR2H 345kV-1kV
279495,1260,substring_name,CBY_AT2AL_H,CBY_AT2A,True,Transformer,CEDARP_B138C,CEDARP_2BSTR,CBY,CBY,A2AL 138kV-1kV
279205,4525,substring_name,JN_AT3H_H,JN_AT3,True,Transformer,JENETA__B345,JENETA_A3STR,JN,JN,AT3H 345kV-1kV
280196,2623,station_pair_leg,CNRSW_AXFMR2H,CNRSW_MR2H,True,Transformer,CNVLSW1_5,CNRSW2_1,CNRSW,CNRSW,MR2H 345kV-1kV
279155,4292,station_pair,FTLN_138_69T1_H,FTLN_69T1,True,Transformer,L_FORTLA8_1Y,FTLN2A,FTLN,FTLN,69T1 69kV-138kV
363104,6215,station_pair,OWLS_138_69_1_HS,OWLS_XFR1,True,Transformer,OWLS4A,OWLS2A,OWLS,OWLS,XFR1 138kV-69kV
279480,1160,substring_name,BI_AT5_H,BI_AT5,True,Transformer,BELAIR__B345,BELAIR_A5STR,BI,BI,AT5 345kV-1kV
124321,7870,station_pair_leg,SCOSW_AXFMR1L,SCOSW_MR1L,True,Transformer,SCURCNTYS_8,SCURCNTY1_1,SCOSW,SCOSW,MR1L 138kV-1kV
90199,7776,substring_name,RTW_AT2H_H,RTW_AT2,True,Transformer,RTHWOD__B345,RTHWOD_A2STR,RTW,RTW,AT2H 345kV-1kV
647462,11354,station_pair_leg,BROOKHOL_1_138_1_H,BROOKHOL_XF3H,True,Transformer,BROOKHOL4A,BROOKHOL0B,BROOKHOL,BROOKHOL,XF3H 138kV-1kV
280199,1148,station_pair_leg,CNRSW_AXFMR2L,CNRSW_MR2L,True,Transformer,CNVLSW_W8,CNRSW2_1,CNRSW,CNRSW,MR2L 138kV-1kV
280200,7905,station_pair_leg,SKYLINE_AXFMR3L-H,SKYLINE_MR3L,True,Transformer,SKYSTAR3,SKYLIN3_8,SKYLINE,SKYLINE,MR3L 138kV-1kV
322453,9490,substring_name_leg,ZORN_AT1L_H,ZORN_AT1L,True,Transformer,L_ZORN__8_1Y,L_ZORN__1_1Z,ZORN,ZORN,AT1L 138kV-1kV
280204,5981,station_pair_leg,MCCREE_XFMR1,MCCREE_CT1H,True,Transformer,MCCREE9,MCCREE8,MCCREE,MCCREE,FMR1 69kV-138kV
279561,6049,station_pair_leg,MNSES_AXFMR1H,MNSES_MR1H,True,Transformer,MOSES1_T5,MNSES1_1,MNSES,MNSES,MR1H 345kV-1kV
279680,2987,station_pair_leg,GARFIELD_GF_AT_1,GARFIELD_AT1,True,Transformer,GARFIE34,GARFIELD,GARFIELD,GARFIELD,AT1 138kV-345kV
279389,1109,station_pair,CARBN_SRC_TR7,CARBN_SRC1,True,Transformer,CARBONSW_9,CARBON_SS_3,CARBN,CARBN,SRC1 12.47kV-69kV
280205,7718,substring_name,SANDHSYD_MPT-5A,SANDHSYD_MPT5,True,Transformer,SANDHSYD,SANDHS_SH_5A,SANDHSYD,SANDHSYD,MPT5 18kV-138kV
140389,4503,station_pair_leg,LIGSW_AXFMR2L_H,LIGSW_MR2L,True,Transformer,LIGGETTA2_8,LIGSW2_1,LIGSW,LIGSW,MR2L 138kV-1kV
279477,950,substring_name_leg,BI_AT2L_H,BI_AT2L,True,Transformer,BELAIR_B138A,BELAIR_A2STR,BI,BI,AT2L 138kV-1kV
279438,4651,station_pair,MCNEIL_MC_AT_1,MCNEIL_AT_1,True,Transformer,MCNEIL_MB3,MCNEIL,MCNEIL,MCNEIL,AT_1 69kV-138kV
465298,2619,station_pair_leg,CMBSW_AXFMR1H-H,CMBSW_MR1H,True,Transformer,CARMICHL_5,CARMICHL_1,CMBSW,CMBSW,MR1H 345kV-1kV
279194,1116,station_pair,BNK_XFMR1,BNK_FMR1,True,Transformer,BUNKER,BUNKER9,BNK,BNK,FMR1 69kV-138kV
280208,6116,station_pair_leg,MLSES_AXFMR2L,MLSES_MR2L,True,Transformer,MRTINLK_2T8,MLSES2_1,MLSES,MLSES,MR2L 138kV-1kV
280209,2594,substring_name,CORONA_AT4H,CORONA_AT4,True,Transformer,L_CORONA8_1Y,L_CORONA9_1Y,CORONA,CORONA,AT4 69kV-138kV
364057,7843,substring_name,TAHOKA_T1_H,TAHOKA_T1,True,Transformer,TAHOKAW_5,TAHOKAW_31,TAHOKA,TAHOKA,T1 345kV-34.5kV
720712,12222,station_pair_leg,RCKSW_AXFMR1H,RCKSW_MR1H,True,Transformer,ROCKHOUND_5,ROCKHOUND1_T,RCKSW,RCKSW,MR1H 345kV-1kV
314167,2932,substring_name,GWEC_T1_H,GWEC_T1,True,Transformer,GWEC_8,GWEC_G1,GWEC,GWEC,T1 138kV-34.5kV
279621,4369,station_pair_leg,KENDAL_4HH,KENDAL_AT4H,True,Transformer,L_KENDAL5_1Y,L_KENDAL1_1,KENDAL,KENDAL,AT4H 345kV-1kV
61835,9363,station_pair_leg,VENSW_AXFMR2L_H,VENSW_MR2L,True,Transformer,VENUS2_8,VENSW2_1,VENSW,VENSW,MR2L 138kV-1kV
293090,9528,substring_name,WO_AT3H_H,WO_AT3,True,Transformer,WHITOK__B345,WHITOK_A3STR,WO,WO,AT3H 345kV-1kV
153621,7901,station_pair_leg,SHRSW_AXFMR1L_H,SHRSW_MR1L,True,Transformer,SHRY_B8,SHRSW1_1,SHRSW,SHRSW,MR1L 138kV-1kV
59628,6100,substring_name,OB_AT1H_H,OB_AT1,True,Transformer,OBRIEN_B345A,OBRIEN_A1STR,OB,OB,AT1H 345kV-1kV
279775,1064,station_pair,BSPSW_AXFMR1,BSPSW_FMR1,True,Transformer,BIGSPRIG_8,BIGSPRIG_9,BSPSW,BSPSW,FMR1 138kV-69kV
375368,5907,substring_name,MARION_AT3H_H,MARION_AT3H,True,Transformer,L_MARION5_1Y,L_MARION_2Y,MARION,MARION,AT3H 345kV-1kV
441471,7908,substring_name,SLKSW_AX1LH,SLKSW_AX1L,True,Transformer,SANDLAKE_8,SANDLK_A_1,SLKSW,SLKSW,AX1L 138kV-1kV
586712,2657,station_pair_leg,CRESW_AXFMR1LH,CRESW_MR1L,True,Transformer,CRESLENN_9,CRESLENN1_1,CRESW,CRESW,MR1L 69kV-1kV
278982,6332,station_pair_leg,RCSES_AXFMR1H,RCSES_MR1H,True,Transformer,RIVERCST_8,RCSES1_1,RCSES,RCSES,MR1H 138kV-1kV
280226,972,station_pair_leg,ABEAST_138_69_T2_H,ABEAST_69T2,True,Transformer,ABEAST4A,ABEAST2B,ABEAST,ABEAST,69T2 69kV-138kV
279000,6230,station_pair,OAKS9_138_69_1,OAKS9_69_1,True,Transformer,OAKSSUB9,OAKSSW8,OAKS9,OAKS9,69_1 69kV-138kV
279497,1244,station_pair_leg,BOMSW_AXFMR1L,BOMSW_MR1L,True,Transformer,BOWMAN_A8,BOMSW1_1,BOMSW,BOMSW,MR1L 138kV-1kV
279670,7862,station_pair,SANA_XFMR1,SANA_FMR1,True,Transformer,SANA2A,SANA4A,SANA,SANA,FMR1 69kV-138kV
218591,5985,station_pair_leg,MDSSW_AXFMR1H-H,MDSSW_MR1H,True,Transformer,MIDESSAS_5,MDSSW1_1,MDSSW,MDSSW,MR1H 345kV-1kV
279694,2881,station_pair,FRIEND_R_XFMR1_H,FRIEND_R_FMR1,True,Transformer,FDRAN2A,FDRAN4A,FRIEND_R,FRIEND_R,FMR1 69kV-138kV
279343,870,station_pair,BATESVL_138_69_1,BATESVL_69_1,True,Transformer,BATESVILESW9,BATESVILESW8,BATESVL,BATESVL,69_1 69kV-138kV
279748,1256,substring_name,CALLAHAN_UT1_L,CALLAHAN_UT1,True,Transformer,CALLAHA_WND1,CALLAHAN_1_8,CALLAHAN,CALLAHAN,UT1 34.5kV-138kV
280228,2889,station_pair_leg,GIBCRK_GCSWT2H,GIBCRK_WT2H,True,Transformer,GIBN_CRK_1_3,GIBN_CREK_5,GIBCRK,GIBCRK,WT2H 345kV-1kV
279281,2980,station_pair_leg,FORSW_AXFMR3L,FORSW_MR3L,True,Transformer,FRNY1_8,FORSW3_1,FORSW,FORSW,MR3L 138kV-1kV
24107,9389,station_pair,TORDILLO_HIGH,TORDILLO_TORD,True,Transformer,TORDILLOSW8,TORDILLOSW9,TORDILLO,TORDILLO,TORD 138kV-69kV
395321,2935,station_pair_leg,HDRSC_AXFMRH2,HDRSC_FMR2,True,Transformer,HRSHOEDR2_3,HRSHOEDR2_8,HDRSC,HDRSC,FMR2 138kV-38kV
102869,4622,substring_name,MASOCT_AT2H,MASOCT_AT2,True,Transformer,L_MASOCT9_1Y,L_MASOCT8_1Y,MASOCT,MASOCT,AT2 138kV-69kV
280233,2572,substring_name,DIB_MT1H,DIB_MT1,True,Transformer,DIABOX_POI_8,DIB_DIB_G1,DIB,DIB,MT1 138kV-13.8kV
279411,6163,station_pair_leg,NORSW_AXFMR1H_H,NORSW_MR1H,True,Transformer,NORWD_1T5,NORSW1_1,NORSW,NORSW,MR1H 345kV-1kV
279690,6108,station_pair,PEARSON_138_69_1,PEARSON_69_1,True,Transformer,PEARSONSW9,PEARSONSW8,PEARSON,PEARSON,69_1 69kV-138kV
279072,2630,station_pair_leg,CRKET_AXFMR2L1,CRKET_MR2H,True,Transformer,CROCKETT_9,CRKET2_1,CRKET,CRKET,MR2L 69kV-1kV
312844,4335,substring_name,GILLCR_AT1H_H,GILLCR_AT1H,True,Transformer,L_GILLCR5_1Y,L_GILLCR1_1Z,GILLCR,GILLCR,AT1H 345kV-1kV
824576,12901,station_pair,WATTP_AXFMR1-69,WATTP_FMR1,True,Transformer,WACOATCO_1_9,WACOATCO2_8,WATTP,WATTP,FMR1 69kV-138kV
405560,9420,station_pair_leg,WLNDSSRC_2W1,WLNDSSRC_XF-1,True,Transformer,WLNDSSRC,WLNDTIRC2,WLNDSSRC,WLNDSSRC,XF-2 345kV-138kV
44181,1044,station_pair_leg,BAFFIN_XFMR2,BAFFIN_XFR2,True,Transformer,BAFFIN_UNIT2,BAFFIN_5,BAFFIN,BAFFIN,XFR2 345kV-34.5kV
133566,7899,station_pair,SHILOH_HIGHSIDE,SHILOH_FMR1,True,Transformer,SHILOH9,SHILOH,SHILOH,SHILOH,FMR1 138kV-69kV
280240,1251,station_pair_leg,BULLCRK_BC_XFMR_2,BULLCRK_FMR2,True,Transformer,BULLCRK_WND2,BULLCRK_2_8,BULLCRK,BULLCRK,FMR2 138kV-34.5kV
717118,12116,station_pair_leg,RGRSW_AXFMR2L,RGRSW_MR2L,True,Transformer,RANGER_8,RANGER2_T,RGRSW,RGRSW,MR2L 138kV-1kV
61636,4455,substring_name,KENDAL_AT3H_H,KENDAL_AT3H,True,Transformer,L_KENDAL5_1Y,L_KENDAL1_2,KENDAL,KENDAL,AT3H 345kV-1kV
280241,7614,station_pair_leg,RENSW_AXFMR1H,RENSW_MR1H,True,Transformer,RNRDPL1_5,RENSW1_1,RENSW,RENSW,MR1H 345kV-1kV
278980,6315,station_pair,PLVSW_AXFMR1-H,PLVSW_FMR1,True,Transformer,PLEASVAL1_9,PLEASVAL1_8,PLVSW,PLVSW,FMR1 138kV-69kV
279453,5962,station_pair_leg,NVARO_AXFMR2L,NVARO_MR2L,True,Transformer,NAVARRO1_9,NVARO2_1,NVARO,NVARO,MR2L 69kV-1kV
652043,11554,station_pair_leg,LPNSW_AXFMR1H,LPNSW_MR1H,True,Transformer,LOOP9_5,LPNSW_1_1,LPNSW,LPNSW,MR1H 345kV-1kV
327868,2816,substring_name,DERMOTT_T1H,DERMOTT_T1,True,Transformer,DERMOTT_W1,DERMOTT_H,DERMOTT,DERMOTT,T1 345kV-34.5kV
717117,12115,station_pair_leg,RGRSW_AXFMR2H,RGRSW_MR2H,True,Transformer,RANGER_5,RANGER2_T,RGRSW,RGRSW,MR2H 345kV-1kV
346165,949,substring_name,BERGHE_AT1H_H,BERGHE_AT1H,True,Transformer,L_BERGHE5_1Y,L_BERGHE1_2Y,BERGHE,BERGHE,AT1H 345kV-1kV
859554,13215,station_pair_leg,TMPSW_AXFMR2L,TMPSW_MR2L,True,Transformer,TEMP_SS__8,TMPSW1_2,TMPSW,TMPSW,MR2L 138kV-1kV
299916,6155,substring_name,NB_AT2H_H,NB_AT2,True,Transformer,N_BELT__B345,N_BELT_A2STR,NB,NB,AT2H 345kV-1kV
279305,7794,station_pair_leg,SNDSW_AXFMR2L-H,SNDSW_MR2L,True,Transformer,SANDOW_SR2_8,SNDSW2_1,SNDSW,SNDSW,MR2L 138kV-1kV
279740,2547,station_pair,CGRSW_AXFMR1,CGRSW_FMR1,True,Transformer,CHINAGRV_8,CHINAGRV_9,CGRSW,CGRSW,FMR1 69kV-138kV
313132,4269,substring_name,HAMILTON_AUT3_H,HAMILTON_AUT3,True,Transformer,HAMILTON4A,HAMILTON1C,HAMILTON,HAMILTON,AUT3 138kV-19.5kV
429037,9546,substring_name,WLFSW_AX2LH,WLFSW_AX2L,True,Transformer,WOLFSS_8,WLFSW_2A,WLFSW,WLFSW,AX2L 138kV-1kV
279578,2792,station_pair,ELMCRK_XFMR1,ELMCRK_FMR1,True,Transformer,ELMCRK2A,ELMCRK4A,ELMCRK,ELMCRK,FMR1 69kV-138kV
126292,2676,substring_name,DMTSW_AX2HH,DMTSW_AX2H,True,Transformer,DERMOTT_5,DMTSW2_1,DMTSW,DMTSW,AX2H 345kV-1kV
279522,1211,station_pair_leg,BULLCRK_BC_XFMR_1,BULLCRK_FMR1,True,Transformer,BULLCRK_WND1,BULLCRK_1_8,BULLCRK,BULLCRK,FMR1 138kV-34.5kV
280250,858,station_pair_leg,AMOCOTN_AMOCOT2,AMOCOTN_COT2,True,Transformer,TNAMOCO___1,TNAMOCO___0,AMOCOTN,AMOCOTN,COT2 69kV-138kV
324280,9484,substring_name_leg,ZORN_AT2H_H,ZORN_AT2H,True,Transformer,L_ZORN__5_1Y,L_ZORN__1_2Z,ZORN,ZORN,AT2H 345kV-1kV
503636,9479,substring_name,WO_AT4H_H,WO_AT4,True,Transformer,WHITOK_B138B,49199,WO,WO,AT4H 138kV-1kV
279462,2540,station_pair_leg,CRLNW_AXFMR1H-H,CRLNW_MR1H,True,Transformer,CRLTN_NW1_5,CRLNW1_1,CRLNW,CRLNW,MR1H 345kV-1kV
124041,7810,substring_name,SALTFORK_T2_H,SALTFORK_T2,True,Transformer,SALT_UNIT2,SALT_FORK_5,SALTFORK,SALTFORK,T2 345kV-34.5kV
280252,4566,station_pair_leg,LAREDO_138_69A1H,LAREDO_A1-H,True,Transformer,LD2DUM,LAREDO4A,LAREDO,LAREDO,A1-H 138kV-1kV
676419,11629,station_pair_leg,RAILROAD_RRD5TR3,RAILROAD_TR3,True,Transformer,79605,79610,RAILROAD,RAILROAD,TR3 138kV-17.940001kV
279515,4568,substring_name,LEG_AT1_H,LEG_AT1,True,Transformer,LIMEST_POI_5,49168_STAR,LEG,LEG,AT1 345kV-1kV
231913,6037,substring_name,OB_AT3H_H,OB_AT3,True,Transformer,OBRIEN_B345A,OBRIEN_A3STR,OB,OB,AT3H 345kV-1kV
730816,12303,station_pair_leg,REDSW_AXFMR1H,REDSW_MR1H,True,Transformer,REDLAND_5,REDLAND_1,REDSW,REDSW,MR1H 345kV-1kV
279810,4352,station_pair,HIWAY_9_138_69A2,HIWAY_9_69A2,True,Transformer,HIWAY_92A,HIWAY_94A,HIWAY_9,HIWAY_9,69A2 69kV-138kV
279291,2589,station_pair_leg,CMNSW_AXFMR1L,CMNSW_MR1L,True,Transformer,COMCHESS1_8,CMNSW1_1,CMNSW,CMNSW,MR1L 138kV-1kV
90864,2910,station_pair,FM524_FMF524FMF1_B,FM524_FMF1,True,Transformer,TNFM524___1,TNFM524___0,FM524,FM524,FMF1 69kV-138kV
279058,8010,station_pair_leg,TRSES_AXFMR6H,TRSES_MR6H,True,Transformer,TDADTMOD_5,TRSES6_1,TRSES,TRSES,MR6H 345kV-1kV
278978,7939,station_pair,SPUR_138_69_1,SPUR_69_1,True,Transformer,SPUR2A,SPUR4A,SPUR,SPUR,69_1 69kV-138kV
279572,2841,station_pair_leg,FGRSW_AXFMR1H,FGRSW_MR1H,True,Transformer,FOREGROV_5,FGRSW1_1,FGRSW,FGRSW,MR1H 345kV-1kV
325830,6052,substring_name,MOULSO_AT3H,MOULSO_AT3,True,Transformer,L_MOULSO9_1Y,L_MOULSO8_1Y,MOULSO,MOULSO,AT3 138kV-69kV
279493,1260,substring_name,CBY_AT2A_H,CBY_AT2A,True,Transformer,CEDARP_B345B,CEDARP_2BSTR,CBY,CBY,AT2A 345kV-1kV
279617,4491,station_pair_ckt,KENEDSW_138_69A1_H,KENEDSW_69A1,True,Transformer,KENEDYSW2A,KENEDYSW4A,KENEDSW,KENEDSW,69A1 69kV-138kV
79945,2828,substring_name,EASTMUND_T1_H,EASTMUND_T1,True,Transformer,EASTMUND4A,EASTMUND2A,EASTMUND,EASTMUND,T1 138kV-69kV
279409,7727,station_pair_leg,SHELBY_SHLBT1L,SHELBY_BT1L,True,Transformer,SHELBY2,SHELBY_1,SHELBY,SHELBY,BT1L 69kV-1kV
583210,11998,station_pair_leg,WHITE_PT_138_1_1_H,WHITE_PT_XF2H,True,Transformer,WHITEPT4A,WHTPTDMY0B,WHITE_PT,WHITE_PT,XF2L 138kV-1kV
330497,7717,substring_name,SALVTION_T1_H,SALVTION_T1,True,Transformer,SALVTION_W1,SALVTION_5,SALVTION,SALVTION,T1 345kV-34.5kV
279724,1006,substring_name,BANDER_AT2H,BANDER_AT2,True,Transformer,L_BANDER8_1Y,L_BANDER9_1Y,BANDER,BANDER,AT2 69kV-138kV
737270,12415,substring_name,TUMSC_FMR1_H,TUMSC_FMR1,True,Transformer,TUMBLWEED1_8,TUMBLWEED1_3,TUMSC,TUMSC,FMR1 138kV-38kV
279017,6319,station_pair_leg,PRSSW_AXFMR1H,PRSSW_MR1H,True,Transformer,PARIS_SW1_5,PRSSW1_1,PRSSW,PRSSW,MR1H 345kV-1kV
279431,2532,station_pair_leg,CNRSW_AXFMR1H,CNRSW_MR1H,True,Transformer,CNVLSW1_5,CNRSW1_1,CNRSW,CNRSW,MR1H 345kV-1kV
303989,7995,substring_name,TB_AT1H_H,TB_AT1,True,Transformer,TOMBAL__B345,TOMBAL_A1STR,TB,TB,AT1H 345kV-1kV
279236,7710,station_pair_leg,RENSW_AXFMR2L,RENSW_MR2L,True,Transformer,RNRTPL1_8,RENSW2_1,RENSW,RENSW,MR2L 138kV-1kV
280260,1095,station_pair_leg,BOMSW_AXFMR2H,BOMSW_MR2H,True,Transformer,BOWMAN_5,BOMSW2_1,BOMSW,BOMSW,MR2H 345kV-1kV
280262,2780,substring_name,DIB_MT2H,DIB_MT2,True,Transformer,DIABOX_POI_8,DIB_DIB_G3,DIB,DIB,MT2 138kV-13.8kV
319569,7654,substring_name_leg,SALEM_AT3L_H,SALEM_AT3L,True,Transformer,L_SALEM_8_1Y,L_SELAM01_1Y,SALEM,SALEM,AT3L 138kV-1kV
280004,6246,substring_name,PHR_AT4H_H,PHR_AT4,True,Transformer,P_H_R___B345,P_H_R__A4STR,PHR,PHR,AT4H 345kV-1kV
279145,6206,station_pair_leg,ODEHV_AXFMR1L,ODEHV_MR1L,True,Transformer,ODESEHV_8,ODEHV1_1,ODEHV,ODEHV,MR1L 138kV-1kV
39798,9272,station_pair_leg,VEALMOOR_VLM7TR2H,VEALMOOR_7TR2,True,Transformer,VEALMOOR,VEALMOOR2_8,VEALMOOR,VEALMOOR,7TR2 345kV-138kV
126596,4353,station_pair_leg,HKBRY_AXFMR3L_H,HKBRY_MR3L,True,Transformer,HACKBRY1_8,HKBRY3_1,HKBRY,HKBRY,MR3L 138kV-1kV
280434,989,substring_name,BI_AT1_H,BI_AT1,True,Transformer,BELAIR__B345,BELAIR_A1STR,BI,BI,AT1 345kV-1kV
429035,9474,substring_name,WLFSW_AX1HH,WLFSW_AX1H,True,Transformer,WOLFSS_5,WLFSW_1A,WLFSW,WLFSW,AX1H 345kV-1kV
279298,2839,station_pair,FCRSW_AXFMR1,FCRSW_FMR1,True,Transformer,FSHCRK1_8,FSHCRK1_9,FCRSW,FCRSW,FMR1 69kV-138kV
468141,9394,station_pair,TYLSW_AXFMR1H,TYLSW_FMR1,True,Transformer,TYLERSW_8,TYLERSW_9,TYLSW,TYLSW,FMR1 69kV-138kV
279289,7896,station_pair_leg,SGVSW_AXFMR2H,SGVSW_MR2H,True,Transformer,SGVLSW1_5,SGVSW2_1,SGVSW,SGVSW,MR2H 345kV-1kV
279248,4633,station_pair_leg,LCSES_AXFMR1L,LCSES_MR1L,True,Transformer,LAKE_CRK1_8,LCSES1_1,LCSES,LCSES,MR1L 138kV-1kV
31680,2753,substring_name,ECLIPSE_TR1_H,ECLIPSE_TR1,True,Transformer,ECLIPSE_8,ECLIPS_UNIT1,ECLIPSE,ECLIPSE,TR1 138kV-34.5kV
279013,9364,station_pair,VERS_138_69_1_H,VERS_69_1,True,Transformer,VERS2A,VERS4A,VERS,VERS,69_1 69kV-138kV
676420,11630,station_pair_leg,RAILROAD_RRD5TR4,RAILROAD_TR4,True,Transformer,RAILROAD_DC,79610,RAILROAD,RAILROAD,TR4 138kV-17.940001kV
279442,895,station_pair_leg,ALNSW_AXFMR1L-H,ALNSW_MR1L,True,Transformer,ALLENSWS1_8,ALNSW1_1,ALNSW,ALNSW,MR1L 138kV-1kV
307551,9517,substring_name,WLVSW_MR1HH,WLVSW_MR1H,True,Transformer,WILLOWVAL_5,WLVSW1_1,WLVSW,WLVSW,MR1H 345kV-1kV
305604,7996,substring_name,TESLA_AUT1_H,TESLA_AUT1,True,Transformer,TESLA7A,TESLA1A,TESLA,TESLA,AUT1 345kV-20kV
322457,9532,substring_name_leg,ZORN_AT1H_H,ZORN_AT1H,True,Transformer,L_ZORN__5_1Y,L_ZORN__1_1Z,ZORN,ZORN,AT1H 345kV-1kV
329182,9317,station_pair_leg,TCOSW_AXFMR1HH,TCOSW_AX1H,True,Transformer,TOCO_8,TOCO_1,TCOSW,TCOSW,AX1H 138kV-1kV
279570,2716,station_pair_leg,EDGWD_AXFMR2H,EDGWD_MR2H,True,Transformer,EDGEWOOD_8,EDGWD2_1,EDGWD,EDGWD,MR2H 138kV-1kV
118784,1199,station_pair_leg,BNBSW_AXFMR1L_H,BNBSW_MR1L,True,Transformer,BENBRK_SRA_8,BNBSW1_1,BNBSW,BNBSW,MR1L 138kV-1kV
327084,4486,substring_name,JCK_AT1H_H,JCK_AT1,True,Transformer,JONCRK__B345,JONCRK_A1STR,JCK,JCK,AT1H 345kV-1kV
279084,6095,station_pair_leg,NCDSE_AXFMR1L_1,NCDSE_MR1H,True,Transformer,NACOGDSE_8,NCDSE1_1,NCDSE,NCDSE,MR1L 138kV-1kV
280281,4393,station_pair_leg,INGLCOSW_UXFMR3_H,INGLCOSW_FMR3,True,Transformer,INGLCOSW_STG,INGLCOSW4A,INGLCOSW,INGLCOSW,FMR3 18kV-138kV
307142,2885,substring_name,GBY_AT2H_H,GBY_AT2,True,Transformer,GRNBYU__B345,GRNBYU_A2STR,GBY,GBY,AT2H 345kV-1kV
347844,7975,station_pair_leg,VEALMOOR_VLMTR1H,VEALMOOR_7TR1,True,Transformer,VEALMOOR,SU_VEALMOOR,VEALMOOR,VEALMOOR,7TR1 345kV-138kV
313517,9492,substring_name,ZORN_AT3H_H,ZORN_AT3H,True,Transformer,L_ZORN__5_1Y,L_ZORN__1_3Z,ZORN,ZORN,AT3H 345kV-1kV
279279,2806,station_pair_leg,FORSW_AXFMR3H,FORSW_MR3H,True,Transformer,FRNY1_5,FORSW3_1,FORSW,FORSW,MR3H 345kV-1kV
279364,6195,station_pair_leg,NEDIN_345_1382,NEDIN_138H,True,Transformer,NEDIN7A,NEDIN4C,NEDIN,NEDIN,1382 345kV-138kV
61756,9397,station_pair_leg,VENSW_AXFMR2H_H,VENSW_MR2H,True,Transformer,VENUS_S5,VENSW2_1,VENSW,VENSW,MR2H 345kV-1kV
453256,2575,substring_name,DPW_AT1H_H,DPW_AT1,True,Transformer,DEPWTR_POI_5,DEPWTR_A1STR,DPW,DPW,AT1H 345kV-1kV
279239,5981,station_pair_leg,MCCREE_GAMCT1H,MCCREE_CT1H,True,Transformer,MCCREE_5,MCCREE_1,MCCREE,MCCREE,CT1H 345kV-1kV
278985,2696,station_pair_leg,FALFUR_138_69A1_H,FALFUR_69A1,True,Transformer,FALFUR2A,FALFUR4A,FALFUR,FALFUR,69A1 69kV-138kV
279759,2672,substring_name,DIB_MT3H,DIB_MT3,True,Transformer,DIABOX_POI_8,DIB_DIB_G2,DIB,DIB,MT3 138kV-13.8kV
280289,2577,substring_name_leg,CBY_AT1H_H,CBY_AT1H,True,Transformer,CEDARP_B345A,CEDARP_A1STR,CBY,CBY,AT1H 345kV-1kV
279062,2715,station_pair,EAST_XFMR1,EAST_FMR1,True,Transformer,BRYN_EAST69,BRYN_EAST138,EAST,EAST,FMR1 69kV-138kV
375138,1053,substring_name,BLSUMMIT_TRF2_H,BLSUMMIT_TRF2,True,Transformer,BLSMT1_5,BLSMT_2_25,BLSUMMIT,BLSUMMIT,TRF2 345kV-34.5kV
441582,7935,substring_name,SLKSW_AX2HH,SLKSW_AX2H,True,Transformer,SANDLAKE_5,SANDLK_A_2,SLKSW,SLKSW,AX2H 345kV-1kV
279260,7725,station_pair_leg,SEA_SEAAT1,SEA_AAT1,True,Transformer,SEATON8,SEATON9,SEA,SEA,AAT1 69kV-138kV
374206,2795,station_pair_leg,EVRSW_AXFMR4L_H,EVRSW_MR4L,True,Transformer,EVRMAN_A8,EVRSW4_1,EVRSW,EVRSW,MR4L 138kV-1kV
279216,6136,station_pair_leg,ORANS_AXFMR1HH,ORANS_XF1H,True,Transformer,ORAN1_8,ORANS1_1,ORANS,ORANS,XF1H 138kV-1kV
279222,983,station_pair_leg,ANASW_AXFMR2H-H,ANASW_XF2H,True,Transformer,ANNASW_5,ANASW2_1,ANASW,ANASW,XF2H 345kV-1kV
262953,6153,station_pair,NACPW_NAC_GSU1,NACPW_GSU1,True,Transformer,NACPW_UNIT1,NACPW_1_8,NACPW,NACPW,GSU1 138kV-13.8kV
279262,7735,station_pair_leg,RKCRK_AXFMR1L,RKCRK_MR1L,True,Transformer,ROCKYCRK_8,RKCRK1_1,RKCRK,RKCRK,MR1L 138kV-1kV
379936,854,substring_name,ALTAIR_AT1T_H,ALTAIR_AT1T,True,Transformer,L_ALTAIR9_1Y,L_ALTAIR8_1Y,ALTAIR,ALTAIR,AT1T 138kV-69kV
358589,6141,substring_name,PALMITO_7TR2_H,PALMITO_7TR2,True,Transformer,PALMITO138,PALMITO345,PALMITO,PALMITO,7TR2 345kV-138kV
57711,873,station_pair,BEVO_LOW,BEVO_BEVO,True,Transformer,BEVOSW9,L_BEVO__8_1Y,BEVO,BEVO,BEVO 138kV-69kV
280299,4392,station_pair_leg,INGLCOSW_UXFMR2_H,INGLCOSW_FMR2,True,Transformer,INGLCOS_CTG2,INGLCOSW4A,INGLCOSW,INGLCOSW,FMR2 18kV-138kV
308391,849,substring_name,ADK_AT2H_H,ADK_AT2,True,Transformer,ADICKS__B345,ADICKS_A2STR,ADK,ADK,AT2H 345kV-1kV
223507,6270,station_pair_leg,PALMITO_PLM7TR1H,PALMITO_7TR1,True,Transformer,PALMITO138,PALMITO345,PALMITO,PALMITO,7TR1 345kV-138kV
279427,1115,station_pair_leg,BNDVS_GABDT2H,BNDVS_DT1H,True,Transformer,BENDAVIS_1_1,BENDAVIS_5,BNDVS,BNDVS,GABH 345kV-1kV
372719,1129,substring_name,CABEZON_T1_H,CABEZON_T1,True,Transformer,CABEZON_W1,CABEZON,CABEZON,CABEZON,T1 345kV-34.5kV
279780,9482,substring_name,YELWJCKT_PS_1_H,YELWJCKT_PS_1,True,Transformer,YELWJCKT4A,YELWJCKT4B,YELWJCKT,YELWJCKT,PS_1 138kV-138kV
279613,7790,station_pair_leg,SKYLINE_AXFMR2L-H,SKYLINE_MR2L,True,Transformer,SKYSTAR2,SKYLIN1_8,SKYLINE,SKYLINE,MR2L 138kV-1kV
583209,11998,station_pair_leg,WHITE_PT_345_1_1_H,WHITE_PT_XF2H,True,Transformer,WHITEPT7A,WHTPTDMY0B,WHITE_PT,WHITE_PT,XF2H 345kV-1kV
279601,7582,station_pair,RADIUM_138_69T1,RADIUM_69T1,True,Transformer,RADIUMMT_8,RADIUM2A,RADIUM,RADIUM,69T1 69kV-138kV
279024,7713,station_pair_leg,RNKSW_AXFMR1L,RNKSW_MR1L,True,Transformer,ROANOKE1T_8,RNKSW1_1,RNKSW,RNKSW,MR1L 138kV-1kV
61328,9334,station_pair_leg,VLSES_AXFMR1L_H,VLSES_MR1L,True,Transformer,VALLYSES1_8,VLSES1_1,VLSES,VLSES,MR1L 138kV-1kV
279516,4463,station_pair_leg,KOCH_UP_XF_1_69,KOCH_UP_1_69,True,Transformer,KOCH_UP2A,KOC_KOCHUPG1,KOCH_UP,KOCH_UP,1_69 12.4kV-69kV
279698,4321,station_pair_leg,HILLCTRY_AXFMR2L-H,HILLCTRY_MR2L,True,Transformer,HC_STAR2,HILLCTY1_8,HILLCTRY,HILLCTRY,MR2L 138kV-1kV
281130,4478,station_pair_leg,HILLCTRY_AXFMR1H,HILLCTRY_MR1H,True,Transformer,HC_STAR1,HILLCTY_5,HILLCTRY,HILLCTRY,MR1H 345kV-1kV
280118,6301,station_pair,OLINGR_XFMR1,OLINGR_FMR1,True,Transformer,OLINGER_9,OLINGER,OLINGR,OLINGR,FMR1 69kV-138kV
27503,6038,substring_name,MDO_AT1_H,MDO_AT1,True,Transformer,MEADOW__B345,MEADOW_A1STR,MDO,MDO,AT1 345kV-1kV
279009,6224,station_pair_ckt,PLEASANT_138_69A1,PLEASANT_69A1,True,Transformer,PLEASANT4A,PLEASANT2B,PLEASANT,PLEASANT,69A1 69kV-138kV
280119,951,station_pair_leg,BIGLAKE_XFMR_W2_H,BIGLAKE_R-W2,True,Transformer,BIGLAKE4A,BIGLAKE2B,BIGLAKE,BIGLAKE,R-W2 69kV-138kV
311872,4326,substring_name,HORSECRK_T2_H,HORSECRK_T2,True,Transformer,HORSE_UNIT2,HORSECRK_5,HORSECRK,HORSECRK,T2 345kV-34.5kV
279354,4551,station_pair,LOYOLA_138_69_1,LOYOLA_69_1,True,Transformer,LOYOLASUB8,LOYOLASW9,LOYOLA,LOYOLA,69_1 69kV-138kV
280120,7583,station_pair_ckt,RAYBURN_138_69_2,RAYBURN_69_2,True,Transformer,RAYBURN9,RAYBURN8,RAYBURN,RAYBURN,69_2 69kV-138kV
86577,6302,station_pair_ckt,OLN_XFMR21,OLN_FMR2,True,Transformer,OLNEY8,OLNEY9,OLN,OLN,FMR2 69kV-138kV
279286,7578,station_pair_leg,PTENN_AXFMR1H,PTENN_MR1H,True,Transformer,PL_TENNY_5,PTENN1_1,PTENN,PTENN,MR1H 345kV-1kV
319566,7594,substring_name_leg,SALEM_AT3H_H,SALEM_AT3H,True,Transformer,L_SALEM_5_1Y,L_SELAM01_1Y,SALEM,SALEM,AT3H 345kV-1kV
60229,828,station_pair_leg,ALNSW_AXFMR2H_H,ALNSW_MR2H,True,Transformer,ALLENSW2_5,ALNSW2_1,ALNSW,ALNSW,MR2H 345kV-1kV
321283,2967,substring_name,GV_AT1H_H,GV_AT1,True,Transformer,GARDEN__B138,GARDEN_A1STR,GV,GV,AT1H 138kV-1kV
65543,2919,substring_name,GARFIELD_AT2_H,GARFIELD_AT2,True,Transformer,GARFIELD,GARFIE34,GARFIELD,GARFIELD,AT2 345kV-138kV
280122,2957,station_pair_leg,GIBCRK_GCSWT1H,GIBCRK_WT1H,True,Transformer,GIBN_CREK_5,GIBN_CRK_1_2,GIBCRK,GIBCRK,WT1H 345kV-1kV
4970,4271,station_pair_leg,HCKSW_AXFMR1HH,HCKSW_MR1H,True,Transformer,HICKS_SW1_5,HCKSW1_1,HCKSW,HCKSW,MR1H 345kV-1kV
279362,6127,station_pair_leg,NEDIN_345_138L,NEDIN_138L,True,Transformer,8381_3STAR,NEDIN4E,NEDIN,NEDIN,138L 138kV-1kV
330498,7656,substring_name,SALVTION_T2_H,SALVTION_T2,True,Transformer,SALVTION_5,SALVTION_W2,SALVTION,SALVTION,T2 345kV-34.5kV
830858,12893,station_pair_leg,PRLSW_AXFMR1H,PRLSW_MR1H,True,Transformer,PRAIRILND__4,PRAIRILND_5,PRLSW,PRLSW,MR1H 345kV-1kV
280128,890,station_pair_leg,ABNTHWST_138_69T2,ABNTHWST_69T2,True,Transformer,ABNTHWST2B,ABNTHWST4A,ABNTHWST,ABNTHWST,69T2 69kV-138kV
274169,1214,station_pair_leg,CAGNON_AXFMR1L-H,CAGNON_MR1L,True,Transformer,CAGNON1_8,CAGSTAR1,CAGNON,CAGNON,MR1L 138kV-1kV
442273,7789,substring_name,SKYLINE_MR1H,SKYLINE_MR1,True,Transformer,SKYLIN1_8,SKYLINE_5,SKYLINE,SKYLINE,MR1 345kV-138kV
829941,11389,station_pair_leg,GARZA_1_69_1_H,GARZA_XF1H,True,Transformer,GARZA2A,GZDMYA,GARZA,GARZA,XF1L 69kV-1kV
279255,12374,station_pair_ckt,TRU_TRUAT1,TRU_TRF1,True,Transformer,TRUMBULL8,TRUMBULL9,TRU,TRU,TRF1 69kV-138kV
279273,4485,station_pair,IRBRG_AXFMR1H,IRBRG_FMR1,True,Transformer,IRONBRG_8,IRONBRG_9,IRBRG,IRBRG,FMR1 69kV-138kV
443800,9311,substring_name,WINCHES_AT1H_H,WINCHES_AT1H,True,Transformer,L_WINCHE5_1Y,L_WINCHE2_1Y,WINCHES,WINCHES,AT1H 345kV-1kV
508684,4378,substring_name,GYP_GYP1_2,GYP_GYP1,True,Transformer,GYP9,GYP8,GYP,GYP,GYP1 138kV-69kV
279311,2793,station_pair_leg,EMSES_AXFMR1H,EMSES_MR1H,True,Transformer,EAGLEMNT1_5,EMSES1_1,EMSES,EMSES,MR1H 345kV-1kV
124684,7817,station_pair_leg,SCOSW_AXFMR2H,SCOSW_MR2H,True,Transformer,SCURCNTYS_5,SCURCNTY2_1,SCOSW,SCOSW,MR2H 345kV-1kV
312939,2927,substring_name,GILLCR_AT1L_H,GILLCR_AT1L,True,Transformer,L_GILLCR8_1Y,L_GILLCR1_1Z,GILLCR,GILLCR,AT1L 138kV-1kV
318731,2960,substring_name,GILLCR_AT2H_H,GILLCR_AT2H,True,Transformer,L_GILLCR5_1Y,L_GILLCR1_2Z,GILLCR,GILLCR,AT2H 345kV-1kV
280140,4339,station_pair_leg,GN_S_I_GNIN_T2H,GN_S_I_XT2H,True,Transformer,GREENV_IN_8,GREENV_IN_2,GN_S_I,GN_S_I,XT2H 138kV-1kV
365943,5918,substring_name,MIDWIND_T1_H,MIDWIND_T1,True,Transformer,MIDWIND_CAP1,MIDWIND_8,MIDWIND,MIDWIND,T1 138kV-34.5kV
279256,2571,station_pair_leg,DESSW_AXFMR1L,DESSW_MR1L,True,Transformer,DESSW1_8,DESSW1_1,DESSW,DESSW,MR1L 138kV-1kV
279361,7618,substring_name,RTW_AT1H_H,RTW_AT1,True,Transformer,RTHWOD__B345,RTHWOD_A1STR,RTW,RTW,AT1H 345kV-1kV
441458,7792,substring_name,SLKSW_AX1HH,SLKSW_AX1H,True,Transformer,SANDLAKE_5,SANDLK_A_1,SLKSW,SLKSW,AX1H 345kV-1kV
308385,931,substring_name,ADK_AT1H_H,ADK_AT1,True,Transformer,ADICKS__B345,ADICKS_A1STR,ADK,ADK,AT1H 345kV-1kV
652063,11555,station_pair_leg,LPNSW_AXFMR1L,LPNSW_MR1L,True,Transformer,LOOP9_8,LPNSW_1_1,LPNSW,LPNSW,MR1L 138kV-1kV
720713,12223,station_pair_leg,RCKSW_AXFMR1L,RCKSW_MR1L,True,Transformer,ROCKHOUND_8,ROCKHOUND1_T,RCKSW,RCKSW,MR1L 138kV-1kV
279429,7758,station_pair_leg,SOUTHABI_138_69T1_H,SOUTHABI_38T1,True,Transformer,SOUTHABI2A,SOUTHABI4A,SOUTHABI,SOUTHABI,38T1 69kV-138kV
279265,7648,station_pair_leg,RKCRK_AXFMR1H,RKCRK_MR1H,True,Transformer,ROCKYCRK_5,RKCRK1_1,RKCRK,RKCRK,MR1H 345kV-1kV
279704,1248,substring_name,BUDA_AT2H,BUDA_AT2,True,Transformer,L_BUDA__9_1Y,L_BUDA__8_1Y,BUDA,BUDA,AT2 69kV-138kV
279457,9438,station_pair_leg,W_DENT_DNWDT2L,W_DENT_T2L,True,Transformer,W_DENT_8,W_DENT_1,W_DENT,W_DENT,T2L 138kV-1kV
313731,6097,substring_name,NORTMC_AT1L_H,NORTMC_AT1L,True,Transformer,L_NORTMC8_2Y,LNORSTR1,NORTMC,NORTMC,AT1L 138kV-1kV
279842,9331,station_pair,VANBLTSS_138_69_1,VANBLTSS_69_1,True,Transformer,VANDERBLTSW9,VANDERBLTSW8,VANBLTSS,VANBLTSS,69_1 69kV-138kV
279227,9522,station_pair,WTHRW_AXFMR1,WTHRW_FMR1,True,Transformer,WTHFORDW1_9,WTHFORDW1_8,WTHRW,WTHRW,FMR1 69kV-138kV
279120,2896,station_pair,HARLNSW_138_69A1H_H,HARLNSW_69AH,True,Transformer,HARLINSW2A,HARLINSW4A,HARLNSW,HARLNSW,69AH 69kV-138kV
102156,7980,substring_name,SPLAIN1_T2_H,SPLAIN1_T2,True,Transformer,SPLAIN1_5,SPLAIN1_G2,SPLAIN1,SPLAIN1,T2 345kV-34.5kV
97913,9259,station_pair,TELPH_RD_TPR7TR1H,TELPH_RD_7TR1,True,Transformer,TELPH_RD345,TELPH_RD,TELPH_RD,TELPH_RD,7TR1 345kV-138kV
373933,9521,station_pair_leg,WSMSW_AXFMR1H-H,WSMSW_MR1H,True,Transformer,WHTSETLMNT_8,WHTSTLMNT1_8,WSMSW,WSMSW,MR1H 138kV-1kV
346072,4314,station_pair_leg,HCKSW_AXFMR2LH,HCKSW_MR2L,True,Transformer,HICKS_SW_1_8,HCKSW2_1,HCKSW,HCKSW,MR2L 138kV-1kV
279815,904,station_pair_leg,ATKINS_AXFMR1,ATKINS_FMR1,True,Transformer,BRYN_ATK138,BRYN_ATK69,ATKINS,ATKINS,FMR1 69kV-138kV
280432,8018,station_pair_leg,SKYLINE_AXFMR4H_H,SKYLINE_MR4H,True,Transformer,SKYSTAR4,SKYLINE_5,SKYLINE,SKYLINE,MR4H 345kV-1kV
84230,7685,substring_name,RSNAKE_T2_H,RSNAKE_T2,True,Transformer,RSNAKE_5,RSNAKE_G2,RSNAKE,RSNAKE,T2 345kV-34.5kV
279588,4309,station_pair_leg,GRSES_AXFMR1L,GRSES_MR1L,True,Transformer,GRHAMSES1_8,GRSES1_1,GRSES,GRSES,MR1L 138kV-1kV
279692,4322,station_pair_leg,HILLCTRY_AXFMR3L-H,HILLCTRY_MR3L,True,Transformer,HILLCTY3_8,HC_STAR3,HILLCTRY,HILLCTRY,MR3L 138kV-1kV
279702,4323,station_pair_leg,HILLCTRY_AXFMR4H-H,HILLCTRY_MR4H,True,Transformer,HILLCTY_5,HC_STAR4,HILLCTRY,HILLCTRY,MR4H 345kV-1kV
279857,1115,station_pair_leg,BNDVS_GABDT1H,BNDVS_DT1H,True,Transformer,BENDAVIS_1_2,BENDAVIS_5,BNDVS,BNDVS,DT1H 345kV-1kV
279624,2953,station_pair,FRANKC_138_69_1,FRANKC_69_1,True,Transformer,FRNKLNCMPSB9,FRANKLNCAMP8,FRANKC,FRANKC,69_1 69kV-138kV
279526,4628,station_pair_leg,MDLNE_AXFMR2L,MDLNE_MR2L,True,Transformer,MIDLNDE_8,MDLNE1_1,MDLNE,MDLNE,MR2L 138kV-1kV
279252,2670,station_pair_leg,DESSW_AXFMR1H,DESSW_MR1H,True,Transformer,DESSW1_5,DESSW1_1,DESSW,DESSW,MR1H 345kV-1kV
94191,2722,substring_name,EXGNSND_T1_H,EXGNSND_T1,True,Transformer,EXGNSND_8,EXGNSND_W1,EXGNSND,EXGNSND,T1 138kV-34.5kV
279019,6303,station_pair,PADU_138_69T1,PADU_69T1,True,Transformer,PADU2A,PADU4A,PADU,PADU,69T1 69kV-138kV
279859,6056,station_pair_leg,NORSW_AXFMR1L_H,NORSW_MR1L,True,Transformer,NORWD_1T8,NORSW1_1,NORSW,NORSW,MR1L 138kV-1kV
280013,2576,substring_name,DT_AT2H_H,DT_AT2,True,Transformer,DWNTWN__B138,DWNTWN_A2STR,DT,DT,AT2H 138kV-1kV
278993,913,station_pair,BIG_FOOT_138_69A1,BIG_FOOT_69A1,True,Transformer,BIG_FOOT2A,BIG_FOOT4A,BIG_FOOT,BIG_FOOT,69A1 69kV-138kV
681478,11782,station_pair_leg,TEASW_AXFMR2H,TEASW_MR2H,True,Transformer,TEASW_1_2,TEAL_88,TEASW,TEASW,MR2H 345kV-1kV
279593,6314,substring_name,PITSBU_AT1H,PITSBU_AT1,True,Transformer,L_PITSBU8_1Y,L_PITSBU9_1Y,PITSBU,PITSBU,AT1 69kV-138kV
279176,2906,station_pair,FIREROCK_138_PS_H,FIREROCK_PS1,True,Transformer,FIREROCK4B,FIREROCK4A,FIREROCK,FIREROCK,PS1 138kV-138kV
552502,1184,station_pair,CCKSW_AXFMR1,CCKSW_FMR1,True,Transformer,CRTNYCRK_8,CRTNYCRK_9,CCKSW,CCKSW,FMR1 138kV-69kV
3005,829,station_pair_leg,ANASW_AXFMR1LH,ANASW_XF1L,True,Transformer,ANNASW_8,ANASW1_1,ANASW,ANASW,XF1L 138kV-1kV
279179,2882,station_pair,FTST_138_69T1_H,FTST_69T1,True,Transformer,FTST2A,FTST4A,FTST,FTST,69T1 69kV-138kV
279090,4417,station_pair_leg,JK_CK_JKCKT1L,JK_CK_XF1L,True,Transformer,JCREEK_1,BRYN_JK_CRK,JK_CK,JK_CK,XF1L 138kV-1kV
650270,11557,station_pair_leg,LPNSW_AXFMR2H,LPNSW_MR2H,True,Transformer,LOOP9_5,LPNSW_1_2,LPNSW,LPNSW,MR2H 345kV-1kV
279073,2630,station_pair_leg,CRKET_AXFMR2H,CRKET_MR2H,True,Transformer,CROCKETT_8,CRKET2_1,CRKET,CRKET,MR2H 138kV-1kV
279345,977,station_pair_leg,ALICE_138_69A1_H,ALICE_69A1,True,Transformer,ALICE4A,ALICE2A,ALICE,ALICE,69A1 69kV-138kV
256181,2778,station_pair,DEERCR_ATH,DEERCR_AT1,True,Transformer,L_DEERCR9_1Y,L_DEERCR8_1Y,DEERCR,DEERCR,AT1 138kV-69kV
279672,889,station_pair_leg,ABEAST_138_69_T1_H,ABEAST_69T1,True,Transformer,ABEAST4B,ABEAST2A,ABEAST,ABEAST,69T1 69kV-138kV
279563,7726,station_pair,SHBSW_AXFMR1,SHBSW_FMR1,True,Transformer,SHAMBRGR_5,SHAMBRGR_8,SHBSW,SHBSW,FMR1 345kV-138kV
361531,6305,substring_name,PALMASVC_AUT2_H,PALMASVC_AUT2,True,Transformer,LAPALMA0D,LAPALMA4C,PALMASVC,PALMASVC,AUT2 138kV-23.5kV
279874,9265,station_pair_leg,TMPSW_AXFMR1H,TMPSW_MR1H,True,Transformer,TEMP_SS__5,TMPSW1_1,TMPSW,TMPSW,MR1H 345kV-1kV
373934,9425,station_pair_leg,WSMSW_AXFMR1L-H,WSMSW_MR1L,True,Transformer,WHTSTLMNT_9,WHTSTLMNT1_8,WSMSW,WSMSW,MR1L 69kV-1kV
38564,837,substring_name,BANDER_AT3H,BANDER_AT3,True,Transformer,L_BANDER9_1Y,L_BANDER8_1Y,BANDER,BANDER,AT3 138kV-69kV
279586,7756,station_pair,SNYDR_AXFMR1,SNYDR_FMR1,True,Transformer,SNYDER_8,SNYDER_9,SNYDR,SNYDR,FMR1 69kV-138kV
279566,4488,station_pair_leg,JEWET_AXFMR3L,JEWET_MR3L,True,Transformer,JEWETTA_8,JEWET3_1,JEWET,JEWET,MR3L 138kV-1kV
346071,4379,station_pair_leg,HCKSW_AXFMR2HH,HCKSW_MR2H,True,Transformer,HICKS_SW1_5,HCKSW2_1,HCKSW,HCKSW,MR2H 345kV-1kV
300920,7587,station_pair,RICEBI_HIGH,RICEBI_RCBD,True,Transformer,L_RICEBI8_1Y,RICEBIRDSW9,RICEBI,RICEBI,RCBD 138kV-69kV
227053,9408,substring_name,WEBBER_S_MT1H,WEBBER_S_MT1,True,Transformer,WEBBER_SOL,WEBBER__WSP1,WEBBER_S,WEBBER_S,MT1 138kV-34.5kV
279709,1028,station_pair_leg,CAGNON_AXFMR3L-H,CAGNON_MR3L,True,Transformer,CAGNON2_8,CAGSTAR3,CAGNON,CAGNON,MR3L 138kV-1kV
279355,4402,station_pair_leg,LAREDO_138_69A2L,LAREDO_A2-L,True,Transformer,LD1DUM,LAREDO2B,LAREDO,LAREDO,A2-L 69kV-1kV
279886,5948,station_pair_leg,MGSES_AXFMR2L,MGSES_MR2L,True,Transformer,MRGNCRK_8,700208_3STAR,MGSES,MGSES,MR2L 138kV-1kV
6562,7755,station_pair,SNOOK_XFMR052H,SNOOK_052,True,Transformer,BRYN_SNOO138,BRYN_SNOOK,SNOOK,SNOOK,052 138kV-69kV
280427,9316,substring_name,TC_010B_H,TC_010B,True,Transformer,TC_TCHP1,TECO___POI_8,TC,TC,010B 138kV-13.8kV
279116,4227,station_pair_leg,GIBCRK_GCSWT3H,GIBCRK_FM3H,True,Transformer,GIBN_CRK_1_1,GIBN_CREK_5,GIBCRK,GIBCRK,FM3H 345kV-1kV
730817,12304,station_pair_leg,REDSW_AXFMR1L,REDSW_MR1L,True,Transformer,REDLAND_E_8,REDLAND_1,REDSW,REDSW,MR1L 138kV-1kV
28240,1205,station_pair,BRUNI_138_69_1,BRUNI_69_1,True,Transformer,BRUNISW8,BRUNISUB9,BRUNI,BRUNI,69_1 69kV-138kV
279125,930,station_pair,16TH_ST_138_69_1,16TH_ST_TRF1,True,Transformer,TN16TH_ST_1,TN16TH_ST_0,16TH_ST,16TH_ST,TRF1 69kV-138kV
647463,11354,station_pair_leg,BROOKHOL_1_69_1_H,BROOKHOL_XF3H,True,Transformer,BROOKHOL2A,BROOKHOL0B,BROOKHOL,BROOKHOL,XF3L 69kV-1kV
279095,6115,station_pair_leg,MLSES_AXFMR1H,MLSES_MR1H,True,Transformer,MARTINLK_5,MLSES1_1,MLSES,MLSES,MR1H 345kV-1kV
223983,9396,substring_name,UVALDE_T1_H,UVALDE_T1,True,Transformer,UVALDE4A,UVALDE2A,UVALDE,UVALDE,T1 138kV-69kV
279317,1063,station_pair,BRKRG_AXFMR1,BRKRG_FMR1,True,Transformer,BRECK_8,BRECK_9,BRKRG,BRKRG,FMR1 138kV-69kV
279533,5978,station_pair,MARQUIS_AXFMR1,MARQUIS_FMR1,True,Transformer,MARQUIS9,MARQUIS,MARQUIS,MARQUIS,FMR1 69kV-138kV
229048,6020,station_pair_leg,MDSSW_AXFMR1L-H,MDSSW_MR1L,True,Transformer,MIDESSAS_8,MDSSW1_1,MDSSW,MDSSW,MR1L 138kV-1kV
22249,4673,substring_name,LON_HILL_69A2_H,LON_HILL_69A2,True,Transformer,LON_HILL4A,LON_HILL2A,LON_HILL,LON_HILL,69A2 69kV-138kV
279334,4484,station_pair_leg,INGLCOSW_UXFMR1_H,INGLCOSW_FMR1,True,Transformer,INGLCOSW4A,INGLCOS_CTG1,INGLCOSW,INGLCOSW,FMR1 18kV-138kV
279782,4244,station_pair_leg,HEIGHTTN_HEIGHAT1_L,HEIGHTTN_HAT1,True,Transformer,TNHEIGHTS_1,TNHEIGHTS_0,HEIGHTTN,HEIGHTTN,HAT1 69kV-138kV
279892,1191,station_pair_leg,COLETO_345_138H,COLETO_138H,True,Transformer,CC1DUM0A,COLETO7A,COLETO,COLETO,138H 345kV-1kV
359855,4513,substring_name,HUD_XT03H,HUD_XT03,True,Transformer,HUD_CTG2,HUD_8_2,HUD,HUD,XT03 138kV-13.8kV
603093,1154,station_pair_leg,CONSW_AXFMR2L,CONSW_MR2L,True,Transformer,CONSAVVY_8,CONSW_AUTO2,CONSW,CONSW,MR2L 138kV-1kV
279422,2621,station_pair_leg,CN345_AXFMR1H,CN345_MR1H,True,Transformer,COLLINSS1_5,CN3451_1,CN345,CN345,MR1H 345kV-1kV
419959,10753,substring_name,ACSSW_AX2LH,ACSSW_AX2L,True,Transformer,ANDRCOSO_8,ACSSW_2,ACSSW,ACSSW,AX2L 138kV-1kV
206969,4483,station_pair_leg,HUTTO_AXFMR1L,HUTTO_MR1L,True,Transformer,HUTTOSS1_8,HUTTOSS1_1,HUTTO,HUTTO,MR1L 138kV-1kV
279030,9383,station_pair_leg,WLVEE_AXFMR2L,WLVEE_MR2L,True,Transformer,WLEVEE_2T8,WLVEE2_1,WLVEE,WLVEE,MR2L 138kV-1kV
61498,9459,station_pair_leg,VENSW_AXFMR1L_H,VENSW_MR1L,True,Transformer,VENUS1_8,VENSW1_1,VENSW,VENSW,MR1L 138kV-1kV
279041,9531,station_pair_leg,WWEST_AXFMR2L,WWEST_MR2L,True,Transformer,WACO_W1_9,WWEST2_1,WWEST,WWEST,MR2L 69kV-1kV
279498,2579,substring_name,CBY_AT2BL_H,CBY_AT2B,True,Transformer,CEDARP_B138C,CEDARP_2ASTR,CBY,CBY,A2BL 138kV-1kV
279899,2642,substring_name,DIB_MT4H,DIB_MT4,True,Transformer,DIABOX_POI_8,DIB_DIB_G4,DIB,DIB,MT4 138kV-13.8kV
279076,7833,station_pair_leg,SSPSW_AXFMR1H,SSPSW_MR1H,True,Transformer,SULSP_SS1_5,SSPSW1_1,SSPSW,SSPSW,MR1H 345kV-1kV
279417,1190,station_pair_leg,CN345_AXFMR1L,CN345_MR1L,True,Transformer,CN3451_1,COLLINSR1_8,CN345,CN345,MR1L 138kV-1kV
279904,4657,station_pair_leg,MLSES_AXFMR2H,MLSES_MR2H,True,Transformer,MARTINLK_5,MLSES2_1,MLSES,MLSES,MR2H 345kV-1kV
279486,10719,station_pair_leg,ALMC_138_69T1,ALMC_69T1,True,Transformer,ALMC2A,ALMC4A,ALMC,ALMC,69T1 69kV-138kV
659625,11549,station_pair_leg,CHLD_1_138_1_H,CHLD_XF1H,True,Transformer,WC1DUM,CHLD4A,CHLD,CHLD,XF1H 138kV-1kV
299940,6028,substring_name,NB_AT3H_H,NB_AT3,True,Transformer,N_BELT__B345,N_BELT_A3STR,NB,NB,AT3H 345kV-1kV
279306,4480,station_pair_leg,HLSES_AXFMR1H,HLSES_MR1H,True,Transformer,HANDLEYC_8,HLSES1_1,HLSES,HLSES,MR1H 138kV-1kV
279907,2833,station_pair_leg,EVRSW_AXFMR3L,EVRSW_MR3L,True,Transformer,EVRMAN_A8,EVRSW3_1,EVRSW,EVRSW,MR3L 138kV-1kV
863966,13299,substring_name,FRONTERA_XFH1_H,FRONTERA_XFH1,True,Transformer,FRONTERA0C,FRONTERA7A,FRONTERA,FRONTERA,XFH1 345kV-1kV
279908,1130,station_pair_leg,CAGNON_AXFMR4H,CAGNON_MR4H,True,Transformer,CAGNON_5,CAGSTAR4,CAGNON,CAGNON,MR4H 345kV-1kV
307556,9477,substring_name,WLVSW_MR1LH,WLVSW_MR1L,True,Transformer,WILLOWVAL_8,WLVSW1_1,WLVSW,WLVSW,MR1L 138kV-1kV
429038,7860,substring_name,RVRSW_AX1HH,RVRSW_AX1H,True,Transformer,RIVERTON_5,RVRSW_2A,RVRSW,RVRSW,AX1H 345kV-1kV
374837,1258,substring_name,CARVER_T1_H,CARVER_T1,True,Transformer,CARVER2A,CARVER4A,CARVER,CARVER,T1 138kV-69kV
101307,5997,station_pair_leg,NCARBIDE_138_69A1_H,NCARBIDE_69A1,True,Transformer,NCARBIDE4A,NCARBIDE2A,NCARBIDE,NCARBIDE,69A1 138kV-69kV
279910,4563,station_pair_leg,LA_PALMA_138_69A2_H,LA_PALMA_69A2,True,Transformer,LAPALMA2B,LA_PALMA4A,LA_PALMA,LA_PALMA,69A2 69kV-138kV
1973,996,station_pair_leg,ANASW_AXFMR1HH,ANASW_XF1H,True,Transformer,ANNASW_5,ANASW1_1,ANASW,ANASW,XF1H 345kV-1kV
279454,9277,station_pair_leg,W_DENT_DNWDT2H,W_DENT_T2H,True,Transformer,W_DENT_5,W_DENT_1,W_DENT,W_DENT,T2H 345kV-1kV
279915,4590,station_pair_leg,LCSES_AXFMR2H,LCSES_MR2H,True,Transformer,LAKE_CRK2_5,LCSES2_1,LCSES,LCSES,MR2H 345kV-1kV
100980,8021,substring_name,SPLAIN1_T1_H,SPLAIN1_T1,True,Transformer,SPLAIN1_5,SPLAIN1_G1,SPLAIN1,SPLAIN1,T1 345kV-34.5kV
279916,1238,station_pair_leg,BLESSING_138_69A1,BLESSING_69A1,True,Transformer,BLESSING2A,BLESSING4A,BLESSING,BLESSING,69A1 69kV-138kV
279326,2963,substring_name,GS_AT1_H,GS_AT1,True,Transformer,GABLE___B138,GABLE__A1STR,GS,GS,AT1 138kV-1kV
279553,2690,station_pair_leg,ESKSW_AXFMR1,ESKSW_FMR1,True,Transformer,ESKOTA_8,ESKOTA_9,ESKSW,ESKSW,FMR1 69kV-138kV
352496,7924,substring_name_leg,THW_AT3L_H,THW_AT3L,True,Transformer,T_H_W__POI_8,T_H_W__A3STR,THW,THW,AT3L 138kV-1kV
126465,2706,substring_name,DMTSW_AX1LH,DMTSW_AX1L,True,Transformer,DERMOTT_8,DMTSW1_1,DMTSW,DMTSW,AX1L 138kV-1kV
70621,1145,substring_name_leg,CLEASP_AT1H_H,CLEASP_AT1H,True,Transformer,L_CLEASP5_1Y,L_CLEASP1_1Z,CLEASP,CLEASP,AT1H 345kV-1kV
305618,7997,substring_name,TESLA_AUT3_H,TESLA_AUT3,True,Transformer,TESLA7A,TESLA1A,TESLA,TESLA,AUT3 345kV-20kV
279920,7650,station_pair_leg,RNKSW_AXFMR2H,RNKSW_MR2H,True,Transformer,ROANOKE2_5,RNKSW2_1,RNKSW,RNKSW,MR2H 345kV-1kV
491423,7606,station_pair_leg,QNLTP_AXFMR1L_H,QNLTP_MR1L,True,Transformer,MUNSON1_9,QNLTP1_1,QNLTP,QNLTP,MR1L 69kV-1kV
830859,12894,station_pair_leg,PRLSW_AXFMR1L,PRLSW_MR1L,True,Transformer,PRAIRILND__4,PRAIRILND_8,PRLSW,PRLSW,MR1L 138kV-1kV
279302,4260,station_pair_leg,GN_S_I_GNIN_T1H,GN_S_I_XT1H,True,Transformer,GREENV_IN_8,GREENV_IN_1,GN_S_I,GN_S_I,XT1H 138kV-1kV
107357,2902,substring_name_leg,FAYETT_AT2H_H,FAYETT_AT2H,True,Transformer,L_FAYETT5_1Y,1000,FAYETT,FAYETT,AT2H 345kV-1kV
306375,7999,substring_name,THREE_RI_AUT3_H,THREE_RI_AUT3,True,Transformer,THRRVRS2B,THRRVRS4A,THREE_RI,THREE_RI,AUT3 69kV-138kV
319871,4448,station_pair_leg,JEWET_AXFMR1H_H,JEWET_MR1H,True,Transformer,JEWETT_S5,JEWET1_1,JEWET,JEWET,MR1H 345kV-1kV
280025,7610,station_pair_leg,RCSES_AXFMR1L,RCSES_MR1L,True,Transformer,RIVERCST_9,RCSES1_1,RCSES,RCSES,MR1L 69kV-1kV
279476,1085,substring_name,BI_AT2_H,BI_AT2,True,Transformer,BELAIR__B345,BELAIR_A2STR,BI,BI,AT2 345kV-1kV
95546,5935,substring_name,MARION_AT2H_H,MARION_AT2H,True,Transformer,L_MARION5_1Y,L_MARION_1Y,MARION,MARION,AT2H 345kV-1kV
313753,6033,substring_name,NORTMC_AT2L_H,NORTMC_AT2L,True,Transformer,L_NORTMC8_2Y,LNORSTR2,NORTMC,NORTMC,AT2L 138kV-1kV
443801,9312,substring_name,WINCHES_AT1L_H,WINCHES_AT1L,True,Transformer,L_WINCHE8_1Y,L_WINCHE2_1Y,WINCHES,WINCHES,AT1L 138kV-1kV
726991,12212,station_pair_leg,HERON_1_69_1_H,HERON_XF1H,True,Transformer,HERONDUM,HERON4A,HERON,HERON,XF1L 69kV-1kV
279821,9448,station_pair_leg,WHTNY_WHT1L_H,WHTNY_HT1L,True,Transformer,WHITNEY8,WHTNYSTAR,WHTNY,WHTNY,HT1L 138kV-1kV
196167,9336,substring_name,WAKEWE_T1H,WAKEWE_T1,True,Transformer,WAKE_UNIT1,WAKE_5,WAKEWE,WAKEWE,T1 345kV-34.5kV
279760,1235,station_pair,DANEVA_138_69_1,DANEVA_69_1,True,Transformer,DANEVANGSW9,DANEVANGSW8,DANEVA,DANEVA,69_1 69kV-138kV
159871,2602,station_pair_leg,DCSES_AXFMR1L_H,DCSES_MR1L,True,Transformer,DECRDOVA_8,DCSES1_1,DCSES,DCSES,MR1L 138kV-1kV
279565,4522,station_pair_leg,JEWET_AXFMR3H,JEWET_MR3H,True,Transformer,JEWETT_N5,JEWET3_1,JEWET,JEWET,MR3H 345kV-1kV
279351,4464,station_pair,LARDVFTS_230_138_1_H,LARDVFTS_230T,True,Transformer,LARDVFT6A,LARDVFT4B,LARDVFTS,LARDVFTS,230T 230kV-138kV
68898,4438,substring_name,HRFDWIND_T1_H,HRFDWIND_T1,True,Transformer,HRFDWIND_G,HRFDWIND_5,HRFDWIND,HRFDWIND,T1 345kV-34.5kV
279187,2656,station_pair,CRAN_XFMR1_H,CRAN_FMR1,True,Transformer,CRAN2A,WTUCRANE4A,CRAN,CRAN,FMR1 69kV-138kV
280033,10792,station_pair_leg,AUSTRO_AU_AT2H,AUSTRO_AT2H,True,Transformer,L_AUSTRO5_1Y,AUSTRO2_1KV,AUSTRO,AUSTRO,AT2H 345kV-1kV
92293,2942,station_pair_leg,ESKSW_AXFMR2H,ESKSW_FMR2,True,Transformer,ESKOTA_9,ESKOTA_8,ESKSW,ESKSW,FMR2 138kV-69kV
364809,6222,substring_name,PHARRSVC_AUT1_H,PHARRSVC_AUT1,True,Transformer,PHARR0A,PHARR4B,PHARRSVC,PHARRSVC,AUT1 138kV-23.5kV
279492,2579,substring_name,CBY_AT2B_H,CBY_AT2B,True,Transformer,CEDARP_B345B,CEDARP_2ASTR,CBY,CBY,AT2B 345kV-1kV
280040,5975,station_pair_leg,LYTTON_S_LY_AT2L,LYTTON_S_AT2L,True,Transformer,LYTTON13,LYTTON2_1KV,LYTTON_S,LYTTON_S,AT2L 138kV-1kV
27933,4397,substring_name,JOR_AT1H_H,JOR_AT1,True,Transformer,JORDAN__B345,JORDAN_A1STR,JOR,JOR,AT1H 345kV-1kV
54276,4371,station_pair_leg,KLNSW_AXFMR2H,KLNSW_MR2H,True,Transformer,KILL_SS__5,KLNSW2_1,KLNSW,KLNSW,MR2H 345kV-1kV
863989,13302,substring_name,FRONTERA_XFL2_H,FRONTERA_XFL2,True,Transformer,FRONTERA4A,FRONTERA0C,FRONTERA,FRONTERA,XFL2 138kV-1kV
280045,4465,station_pair_leg,LAREDO_138_69A1L,LAREDO_A1-L,True,Transformer,LAREDO2A,LD2DUM,LAREDO,LAREDO,A1-L 69kV-1kV
280019,4255,substring_name,GBY_AT1H_H,GBY_AT1,True,Transformer,GRNBYU__B345,GRNBYU_A1STR,GBY,GBY,AT1H 345kV-1kV
28013,9392,station_pair_leg,TRSES_AXFMR7LH,TRSES_MR7L,True,Transformer,TRINIDAD_8,TRSES7_1,TRSES,TRSES,MR7L 138kV-1kV
279605,2574,station_pair,DOWNIES_AXFMR1H,DOWNIES_AX1H,True,Transformer,DOWNIESW9,DOWNIESW8,DOWNIES,DOWNIES,AX1H 69kV-138kV
279781,2970,station_pair_leg,HEIGHTTN_HEIGHAT2_L,HEIGHTTN_HAT2,True,Transformer,TNHEIGHTS_1,TNHEIGHTS_0,HEIGHTTN,HEIGHTTN,HAT2 69kV-138kV
20860,1146,substring_name,CN345_MR2HH,CN345_MR2H,True,Transformer,COLLINSS1_5,CN3452_1,CN345,CN345,MR2H 345kV-1kV
279189,4596,station_pair_leg,LMESA_AXFMR1_L,LMESA_FMR1,True,Transformer,LAMESA_9,LAMESA_8,LMESA,LMESA,FMR1 138kV-69kV
586727,2561,station_pair_leg,CRESW_AXFMR1H_2,CRESW_MR1H,True,Transformer,CRESLENN_8,CRESLENN1_1,CRESW,CRESW,MR1H 138kV-1kV
279318,7693,station_pair_leg,SHELBY_SHLBT1H,SHELBY_BT1H,True,Transformer,SHELBY1,SHELBY_1,SHELBY,SHELBY,BT1H 138kV-1kV
319882,4520,station_pair_leg,JEWET_AXFMR1L_H,JEWET_MR1L,True,Transformer,JEWETTA_8,JEWET1_1,JEWET,JEWET,MR1L 138kV-1kV
676418,11628,station_pair_leg,RAILROAD_RRD5TR2,RAILROAD_TR2,True,Transformer,RAILROAD_DC,79610,RAILROAD,RAILROAD,TR2 138kV-17.940001kV
718553,12206,station_pair_leg,EXCSW_AXFMR1H,EXCSW_MR1H,True,Transformer,EXCHANGE1_5,EXCHANGE1_T,EXCSW,EXCSW,MR1H 345kV-1kV
34658,4492,station_pair_leg,KLNSW_AXFMR1L_H,KLNSW_MR1L,True,Transformer,KILL_SS__8,KLNSW1_1,KLNSW,KLNSW,MR1L 138kV-1kV
281262,4320,station_pair_leg,HILLCTRY_AXFMR1L,HILLCTRY_MR1L,True,Transformer,HC_STAR1,HILLCTY1_8,HILLCTRY,HILLCTRY,MR1L 138kV-1kV
7903,1025,station_pair_leg,BWNSW_AXFMR1_2_H,BWNSW_S1_2,True,Transformer,BROWN_1T5,BROWN_2T3,BWNSW,BWNSW,S1_2 345kV-24kV
280060,1018,station_pair_leg,BOMSW_AXFMR2L,BOMSW_MR2L,True,Transformer,BOWMAN_B8,BOMSW2_1,BOMSW,BOMSW,MR2L 138kV-1kV
279276,4668,station_pair,LKWHITNY_LKWHIAT1,LKWHITNY_IAT1,True,Transformer,TNLKWHITNY1,TNLKWHITNY0,LKWHITNY,LKWHITNY,IAT1 69kV-138kV
60694,7959,station_pair_leg,TMPCR_AXFMR1H_H,TMPCR_MR1H,True,Transformer,TEMP_PEC__5,TMPCR1_1,TMPCR,TMPCR,MR1H 345kV-1kV
279283,6172,station_pair_leg,OLN_XFMR1,OLN_FMR1,True,Transformer,OLNEY8,OLNEY2,OLN,OLN,FMR1 69kV-138kV
472141,7737,station_pair,RUNGE_138_12_1,RUNGE_TRA1,True,Transformer,L_RUNGE_8_1Y,RUNGE0A,RUNGE,RUNGE,TRA1 138kV-12.5kV
225795,2897,station_pair,EINSTEIN_ENS7TR1H,EINSTEIN_7TR1,True,Transformer,EINSTEIN345,EINSTEIN138,EINSTEIN,EINSTEIN,7TR1 345kV-138kV
279473,2856,station_pair,EL_CAMPO_138_69_1_H,EL_CAMPO_69-1,True,Transformer,EL_CAMPO4A,EL_CAMPO2A,EL_CAMPO,EL_CAMPO,69-1 69kV-138kV
279575,2641,station_pair,DIALV_AXFMR1-H,DIALV_FMR1,True,Transformer,DIALVILL_9,DIALVILL_8,DIALV,DIALV,FMR1 69kV-138kV
313530,9533,substring_name,ZORN_AT3L_H,ZORN_AT3L,True,Transformer,L_ZORN__8_1Y,L_ZORN__1_3Z,ZORN,ZORN,AT3L 138kV-1kV
279234,6078,station_pair_leg,MCCREE_GAMCT1L,MCCREE_CT1L,True,Transformer,MCCREE8,MCCREE_1,MCCREE,MCCREE,CT1L 138kV-1kV
279543,2719,station_pair_leg,ELKTN_AXFMR3H,ELKTN_MR3H,True,Transformer,ELKTON_5,ELKTN3_1,ELKTN,ELKTN,MR3H 345kV-1kV
280066,2543,substring_name_leg,CBY_AT1L_H,CBY_AT1L,False,Transformer,CEDARP_B138B,CEDARP_A1STR,CBY,CBY,AT1 138kV-1kV
7281,4556,substring_name,KENDAL_AT5H_H,KENDAL_AT5H,True,Transformer,L_KENDAL5_1Y,L_KENDAL1_3,KENDAL,KENDAL,AT5H 345kV-1kV
582374,5914,station_pair_leg,MDLNE_AXFMR1L,MDLNE_MR1L,True,Transformer,MIDLNDE_8,MDLNE1_2,MDLNE,MDLNE,MR1L 138kV-1kV
492645,4451,substring_name,JOR_AT3H_H,JOR_AT3,True,Transformer,JORDAN__B345,49114,JOR,JOR,AT3H 345kV-1kV
681447,11780,station_pair_leg,TEASW_AXFMR1L,TEASW_MR1L,True,Transformer,TEAL_8,TEASW_1_1,TEASW,TEASW,MR1L 138kV-1kV
33736,2516,substring_name,CAGNON_MR2H,CAGNON_MR2,True,Transformer,CAGNON1_8,CAGNON_5,CAGNON,CAGNON,MR2 345kV-138kV
597632,7945,station_pair_ckt,TAYLR_AXFMR1-69,TAYLR_FMR1,True,Transformer,TAYLOR1_9,TAYLOR1_8,TAYLR,TAYLR,FMR1 69kV-138kV
279789,2635,substring_name,CUERO_AT3H,CUERO_AT3,True,Transformer,L_CUERO_9_1Y,L_CUERO_8_1Y,CUERO,CUERO,AT3 138kV-69kV
718825,12210,station_pair_leg,EXCSW_AXFMR2L,EXCSW_MR2L,True,Transformer,EXCHANGE1_8,EXCHANGE2_T,EXCSW,EXCSW,MR2L 138kV-1kV
279237,7867,station_pair_leg,SARRD_AXFMR1L-H,SARRD_MR1L,True,Transformer,SARGT_S8,SARRD1_1,SARRD,SARRD,MR1L 138kV-1kV
280069,7759,station_pair_leg,SOUTHABI_138_69T2_H,SOUTHABI_38T2,True,Transformer,SOUTHABI4A,SOUTHABI2B,SOUTHABI,SOUTHABI,38T2 69kV-138kV
280070,5987,station_pair_leg,MGSES_AXFMR4L,MGSES_MR4L,True,Transformer,MRGNCRK_8,700209_3STAR,MGSES,MGSES,MR4L 138kV-1kV
279297,939,station_pair,ALVDO_AXFMR3,ALVDO_FMR3,True,Transformer,ALVARADO1_8,ALVARADO1_9,ALVDO,ALVDO,FMR3 69kV-138kV
130026,4667,station_pair_leg,LIGSW_AXFMR1L_H,LIGSW_MR1L,True,Transformer,LIGGETTA1_8,LIGSW1_1,LIGSW,LIGSW,MR1L 138kV-1kV
279033,2770,station_pair_leg,FOX_AXFMR1,FOX_FMR1,True,Transformer,FOX8,FOX2,FOX,FOX,FMR1 69kV-138kV
720970,12226,station_pair_leg,RCKSW_AXFMR2L,RCKSW_MR2L,True,Transformer,ROCKHOUND_8,ROCKHOUND2_T,RCKSW,RCKSW,MR2L 138kV-1kV
280078,6297,station_pair_leg,ODEHV_AXFMR2H,ODEHV_MR2H,True,Transformer,ODEHVC_5,ODEHV2_1,ODEHV,ODEHV,MR2H 345kV-1kV
280079,4673,station_pair_ckt,LON_HILL_345_1382L_H,LON_HILL_69A2,True,Transformer,LH2DUM,LON_HILL4C,LON_HILL,LON_HILL,382L 138kV-1kV
154845,7787,station_pair_leg,SHRSW_AXFMR2L_H,SHRSW_MR2L,True,Transformer,SHRY_A8,SHRSW2_1,SHRSW,SHRSW,MR2L 138kV-1kV
279063,6148,station_pair,PLSTN_AXFMR3-H,PLSTN_FMR3,True,Transformer,PALESTNE_8,PALESTNE_9,PLSTN,PLSTN,FMR3 69kV-138kV
280083,9297,station_pair_leg,TYGND_AXFMR1L_H,TYGND_MR1L,True,Transformer,TYLERGND_8,TYGND1_1,TYGND,TYGND,MR1L 138kV-1kV
280084,5999,station_pair_leg,NUECES_B_138_69A1_H,NUECES_B_69A1,True,Transformer,NUECES_B4A,NUECES_B2A,NUECES_B,NUECES_B,69A1 69kV-138kV
279419,4279,station_pair_leg,HLSBR_AXFMR1H,HLSBR_MR1H,True,Transformer,HILLBORO1_8,HLSBR1_1,HLSBR,HLSBR,MR1H 138kV-1kV
491422,6287,station_pair_leg,QNLTP_AXFMR1H_H,QNLTP_MR1H,True,Transformer,MUNSON_8,QNLTP1_1,QNLTP,QNLTP,MR1H 138kV-1kV
60678,6096,station_pair_leg,NORSW_AXFMR2L_H,NORSW_MR2L,True,Transformer,NORWD_2T8,NORSW2_1,NORSW,NORSW,MR2L 138kV-1kV
71379,6266,station_pair,OLEANDER_138_69_AUTO_H,OLEANDER_AUT1,True,Transformer,OLEANDER2A,OLEANDER4A,OLEANDER,OLEANDER,AUT1 138kV-69kV
128215,4640,station_pair_leg,LIGSW_AXFMR1H_H,LIGSW_MR1H,True,Transformer,LIGGETT_1T5,LIGSW1_1,LIGSW,LIGSW,MR1H 345kV-1kV
280085,9335,station_pair_leg,W_DENT_XFT1L,W_DENT_T1L,True,Transformer,W_DENT_8,W_DENT_2,W_DENT,W_DENT,T1L 138kV-1kV
417455,6334,station_pair_leg,RDOSC_AXFMRH2,RDOSC_FMR2,True,Transformer,RONDO2_8,RONDO1_3,RDOSC,RDOSC,FMR2 138kV-38kV
307991,2611,substring_name,DUNLAP_AT1H,DUNLAP_AT1,True,Transformer,DUNLAP8,DUNLAP5,DUNLAP,DUNLAP,AT1 345kV-138kV
370926,1209,station_pair_ckt,BTTSW_AXFMR2_HISIDE,BTTSW_FMR2,True,Transformer,BURNETTSW_8,BURNETTSW_9,BTTSW,BTTSW,FMR2 138kV-69kV
279819,9345,station_pair_leg,WHTNY_AXFMR2L_H,WHTNY_MR2L,True,Transformer,WHITNEY8,WHITNYSTR,WHTNY,WHTNY,MR2L 138kV-1kV
279805,910,substring_name,BELLSO_AT2H,BELLSO_AT2,True,Transformer,L_BELLSO8_1Y,L_BELLSO9_1Y,BELLSO,BELLSO,AT2 69kV-138kV
421221,4270,substring_name,HARALD_T1_H,HARALD_T1,True,Transformer,BEARKAT_W2,BEARKAT_H,HARALD,HARALD,T1 345kV-34.5kV
279521,4562,station_pair,KUNITZ_TWPPKUN,KUNITZ_KUN,True,Transformer,L_KUNITZ8_1Y,KUN_WIND_LGE,KUNITZ,KUNITZ,KUN 34.5kV-138kV
279689,4409,station_pair_leg,HILLCTRY_AXFMR3H-H,HILLCTRY_MR3H,True,Transformer,HILLCTY_5,HC_STAR3,HILLCTRY,HILLCTRY,MR3H 345kV-1kV
279620,6048,station_pair,MNRVA_AXFMR2,MNRVA_FMR2,True,Transformer,MINERVA1_8,MINERVA1_9,MNRVA,MNRVA,FMR2 69kV-138kV
279568,4250,station_pair,HLK_HLKAT1,HLK_KAT1,True,Transformer,HILTOPLKS8,HILTOPLKS9,HLK,HLK,KAT1 69kV-138kV
279379,4612,station_pair_ckt,LVOK_138_69_1,LVOK_T2,True,Transformer,LVOK2A,LVOK4A,LVOK,LVOK,T1 69kV-138kV
279087,1038,station_pair,ATHNS_AXFMR3,ATHNS_FMR3,True,Transformer,ATHENS_8,ATHENS_9,ATHNS,ATHNS,FMR3 69kV-138kV
279721,2892,substring_name,GONZAL_AT3H,GONZAL_AT3,True,Transformer,L_GONZAL8_1Y,L_GONZAL9_1Y,GONZAL,GONZAL,AT3 69kV-138kV
279558,4330,station_pair_leg,JEWET_AXFMR2,JEWET_FMR2,True,Transformer,JEWETT1_9,JEWETTA_8,JEWET,JEWET,FMR2 69kV-138kV
61265,9437,station_pair_leg,VLSES_AXFMR1H_H,VLSES_MR1H,True,Transformer,VALLYSES1_5,VLSES1_1,VLSES,VLSES,MR1H 345kV-1kV
305614,7947,substring_name,TESLA_AUT2_H,TESLA_AUT2,True,Transformer,TESLA7A,TESLA1B,TESLA,TESLA,AUT2 345kV-20kV
676421,11631,station_pair_leg,RAILROAD_RRD5TR5,RAILROAD_TR5,True,Transformer,79606,79610,RAILROAD,RAILROAD,TR5 138kV-17.940001kV
62100,4454,substring_name,KEECHI_T1_H,KEECHI_T1,True,Transformer,KEECHI_U1,KEECHI_8,KEECHI,KEECHI,T1 138kV-34.5kV
279716,4569,substring_name,LEHIGH_AT2H,LEHIGH_AT2,True,Transformer,L_LEHIGH8_1Y,L_LEHIGH9_1Y,LEHIGH,LEHIGH,AT2 69kV-138kV
3222,6347,substring_name,PHR_AT1H_H,PHR_AT1,True,Transformer,P_H_R___B345,P_H_R__A1STR,PHR,PHR,AT1H 345kV-1kV
299913,6027,substring_name,NB_AT1H_H,NB_AT1,True,Transformer,N_BELT__B345,N_BELT_A1STR,NB,NB,AT1H 345kV-1kV
108985,7846,station_pair,THOMASTN_LD,THOMASTN_PS1,True,Transformer,THOMASTN4A,THOMASTN4B,THOMASTN,THOMASTN,PS1 138kV-138kV
279332,984,station_pair,ASHERTON_138_69A1_H,ASHERTON_69A1,True,Transformer,ASHERTON4A,ASHERTON2A,ASHERTON,ASHERTON,69A1 69kV-138kV
18718,1231,station_pair,COTULAS_HIGH,COTULAS_COTU,True,Transformer,STECTLA4A,COTULLASUB9,COTULAS,COTULAS,COTU 138kV-69kV
279524,5942,station_pair_leg,MDLNE_AXFMR2H,MDLNE_MR2H,True,Transformer,MIDLNDE_5,MDLNE1_1,MDLNE,MDLNE,MR2H 345kV-1kV
279028,9421,station_pair_leg,WLVEE_AXFMR2H,WLVEE_MR2H,True,Transformer,WLEVEE1_5,WLVEE2_1,WLVEE,WLVEE,MR2H 345kV-1kV
279710,1068,station_pair_leg,CAGNON_AXFMR3H-H,CAGNON_MR3H,True,Transformer,CAGNON_5,CAGSTAR3,CAGNON,CAGNON,MR3H 345kV-1kV
279344,7711,substring_name,RIO_GRAN_138_69A1_H,RIO_GRAN_138_,True,Transformer,RIO_GRAN2A,RIO_GRAN4A,RIO_GRAN,RIO_GRAN,138_ 69kV-138kV
279088,4332,station_pair_leg,JK_CK_JKCKT1H,JK_CK_XF1H,True,Transformer,JKCREEK1,JCREEK_1,JK_CK,JK_CK,XF1H 345kV-1kV
43982,1043,station_pair_leg,BAFFIN_XFMR1,BAFFIN_XFR1,True,Transformer,BAFFIN_UNIT1,BAFFIN_5,BAFFIN,BAFFIN,XFR1 345kV-34.5kV
292332,9519,substring_name,WO_AT1H_H,WO_AT1,True,Transformer,WHITOK__B345,WHITOK_A1STR,WO,WO,AT1H 345kV-1kV
126752,2707,substring_name,DMTSW_AX2LH,DMTSW_AX2L,True,Transformer,DERMOTT_8,DMTSW2_1,DMTSW,DMTSW,AX2L 138kV-1kV
379055,4661,station_pair_leg,MOSSW_AXFMR2H_H,MOSSW_MR2H,True,Transformer,MOSS_5,MOSS2_1,MOSSW,MOSSW,MR2H 345kV-1kV
60527,5961,station_pair_leg,NORSW_AXFMR2H_H,NORSW_MR2H,True,Transformer,NORWD1_5,NORSW2_1,NORSW,NORSW,MR2H 345kV-1kV
279300,4229,station_pair_leg,GN_S_I_GNIN_T1L,GN_S_I_XT1L,True,Transformer,GREENV2_IN_9,GREENV_IN_1,GN_S_I,GN_S_I,XT1L 69kV-1kV
279924,6089,station_pair_leg,MGSES_AXFMR4H,MGSES_MR4H,True,Transformer,MRGNCRK_5,700209_3STAR,MGSES,MGSES,MR4H 345kV-1kV
311870,4437,substring_name,HORSECRK_T1_H,HORSECRK_T1,True,Transformer,HORSE_UNIT1,HORSECRK_5,HORSECRK,HORSECRK,T1 345kV-34.5kV
279465,6016,station_pair,MCGPH_AXFMR1,MCGPH_FMR1,True,Transformer,MCGREGPH1_8,MCGREGPH1_9,MCGPH,MCGPH,FMR1 69kV-138kV
279081,7819,station_pair_leg,SCSES_AXFMR1L,SCSES_MR1L,True,Transformer,STRYKER_8,SCSES1_1,SCSES,SCSES,MR1L 138kV-1kV
278955,6166,station_pair,NVKSW_AXFMR1,NVKSW_FMR1,True,Transformer,NAVYKSS1_8,NAVYKSS1_9,NVKSW,NVKSW,FMR1 138kV-69kV
278968,1168,station_pair,BNMSW_AXFMR1,BNMSW_FMR1,True,Transformer,BONHMSS1_8,BONHMSS_9,BNMSW,BNMSW,FMR1 69kV-138kV
326253,6122,substring_name,NA_NO_2H,NA_NO_2,True,Transformer,NA_1,NASA___X06B8,,,NO_2 138kV-12.47kV
60407,2916,station_pair_leg,FSHSW_AXFMR1H_H,FSHSW_MR1H,True,Transformer,FISHRDSS1_5,FSHSW1_1,FSHSW,FSHSW,MR1H 345kV-1kV
279363,6195,station_pair_leg,NEDIN_345_138H,NEDIN_138H,True,Transformer,8381_3STAR,NEDIN7A,NEDIN,NEDIN,138H 345kV-1kV
279122,9510,station_pair,WESTYA_XFMR1_H,WESTYA_FMR1,True,Transformer,YATW_SW2A,L_WESTYA8_1Y,WESTYA,WESTYA,FMR1 69kV-138kV
366331,9338,substring_name,WAYMARK_T1_H,WAYMARK_T1,True,Transformer,WAYMARK_W1,WAYMARK_5,WAYMARK,WAYMARK,T1 345kV-34.5kV
279259,7621,station_pair_leg,RYSSW_AXFMR1,RYSSW_FMR1,True,Transformer,ROYSE_A8,ROYSE1_T5,RYSSW,RYSSW,FMR1 345kV-138kV
344697,9431,substring_name,ZEN_AT3H_H,ZEN_AT3,True,Transformer,ZENITH__B345,ZENITH_A3STR,ZEN,ZEN,AT3H 345kV-1kV
279178,1269,station_pair,CRANE_AXFMR1,CRANE_FMR1,True,Transformer,CRANE_8,CRANE_9,CRANE,CRANE,FMR1 69kV-138kV
279303,7753,station_pair_leg,SNDSW_AXFMR2H-H,SNDSW_MR2H,True,Transformer,SAND_TXU_5,SNDSW2_1,SNDSW,SNDSW,MR2H 345kV-1kV
118680,1279,station_pair_leg,BNBSW_AXFMR1H_H,BNBSW_MR1H,True,Transformer,BENBRK_A_T5,BNBSW1_1,BNBSW,BNBSW,MR1H 345kV-1kV
279931,4552,station_pair_ckt,LVOK_138_69_2_H,LVOK_T1,True,Transformer,LVOK4A,LVOK2A,LVOK,LVOK,T2 69kV-138kV
379056,5922,station_pair_leg,MOSSW_AXFMR2L_H,MOSSW_MR2L,True,Transformer,MOSS_8,MOSS2_1,MOSSW,MOSSW,MR2L 138kV-1kV
60509,4660,station_pair_leg,MOSSW_AXFMR1L_H,MOSSW_MR1L,True,Transformer,MOSS_8,MOSSW1_1,MOSSW,MOSSW,MR1L 138kV-1kV
28048,7967,station_pair_leg,TRSES_AXFMR7HH,TRSES_MR7H,True,Transformer,TRINDAD2_5,TRSES7_1,TRSES,TRSES,MR7H 345kV-1kV
429042,7620,substring_name,RVRSW_AX2LH,RVRSW_AX2L,True,Transformer,RIVERTON_8,RVRSW_1A,RVRSW,RVRSW,AX2L 138kV-1kV
279885,4670,station_pair_ckt,LOBO_2_345_138_H,LOBO_A3,True,Transformer,LOBO7A,LOBO4A,LOBO,LOBO,A2 345kV-138kV
279723,5903,substring_name,LULING_AT1H,LULING_AT1,True,Transformer,L_LULING8_1Y,L_LULING9_1Y,LULING,LULING,AT1 69kV-138kV
20920,2591,substring_name,CN345_MR2LH,CN345_MR2L,True,Transformer,CN3452_1,COLLIN2SR_8,CN345,CN345,MR2L 138kV-1kV
438335,4358,station_pair_leg,HUTTO_AXFMR2H,HUTTO_MR2H,True,Transformer,HUTTOSS__5,HOTTO_2,HUTTO,HUTTO,MR2H 345kV-1kV
279559,6238,station_pair,OVRTN_AXFMR1,OVRTN_FMR1,True,Transformer,OVERTON_8,OVERTON_9,OVRTN,OVRTN,FMR1 69kV-138kV
368366,7801,station_pair_leg,STNSW_AXFMR1HH,STNSW_AX1H,True,Transformer,STONCRK_8,STONE_1,STNSW,STNSW,AX1H 138kV-1kV
279331,4265,substring_name_leg,GS_AT1L_H,GS_AT1L,True,Transformer,GABLE____B69,GABLE__A1STR,GS,GS,AT1L 69kV-1kV
279699,4408,station_pair_leg,HILLCTRY_AXFMR2H-H,HILLCTRY_MR2H,True,Transformer,HC_STAR2,HILLCTY_5,HILLCTRY,HILLCTRY,MR2H 345kV-1kV
383643,7644,substring_name,REFUGIO_AT1_HS,REFUGIO_AT1,True,Transformer,REFUGIO4A,REFUGIO2A,REFUGIO,REFUGIO,AT1 138kV-69kV
279244,4427,station_pair_leg,LCSES_AXFMR1H,LCSES_MR1H,True,Transformer,LAKE_CRK1_5,LCSES1_1,LCSES,LCSES,MR1H 345kV-1kV
279371,6337,station_pair,RINCON_138_69A1_H,RINCON_69A1,True,Transformer,RINCON4A,RINCON2A,RINCON,RINCON,69A1 69kV-138kV
360927,9309,station_pair,WICKETT_WKTWAT1_HI,WICKETT_WAT1,True,Transformer,TNWICKETT_0,TNWICKETT_1,WICKETT,WICKETT,WAT1 69kV-138kV
60412,4659,station_pair_leg,MOSSW_AXFMR1H_H,MOSSW_MR1H,True,Transformer,MOSS_5,MOSSW1_1,MOSSW,MOSSW,MR1H 345kV-1kV
34929,4422,station_pair_leg,KLNSW_AXFMR2L_H,KLNSW_MR2L,True,Transformer,KILL_SS__8,KLNSW2_1,KLNSW,KLNSW,MR2L 138kV-1kV
878709,14679,substring_name,SASASW_AT_M_H,SASASW_AT_M,True,Transformer,L_SASASW8_1Y,L_SASASW9_1Y,SASASW,SASASW,AT_M 138kV-69kV
279545,2939,station_pair_leg,ELKTN_AXFMR3L,ELKTN_MR3L,True,Transformer,ELKTON_8,ELKTN3_1,ELKTN,ELKTN,MR3L 138kV-1kV
279443,978,station_pair_leg,ALNSW_AXFMR1H-H,ALNSW_MR1H,True,Transformer,ALLENSW1_5,ALNSW1_1,ALNSW,ALNSW,MR1H 345kV-1kV
81773,6197,station_pair,NIXON_ATH,NIXON_AT1,True,Transformer,L_NIXON_8_1Y,L_NIXON_9_1Y,NIXON,NIXON,AT1 138kV-69kV
279421,4251,station_pair_leg,HLSBR_AXFMR1L,HLSBR_MR1L,True,Transformer,HILLBORO1_9,HLSBR1_1,HLSBR,HLSBR,MR1L 69kV-1kV
324285,9485,substring_name_leg,ZORN_AT2L_H,ZORN_AT2L,True,Transformer,L_ZORN__8_1Y,L_ZORN__1_2Z,ZORN,ZORN,AT2L 138kV-1kV
279528,4253,substring_name_leg,HOC_AT1L_H,HOC_AT1L,True,Transformer,H_O_C___B69A,H_O_C__A1STR,HOC,HOC,AT1L 69kV-1kV
291551,7689,substring_name,SALEM_AT4L_H,SALEM_AT4L,True,Transformer,L_SALEM_8_1Y,L_SALEM1_1,SALEM,SALEM,AT4L 138kV-1kV
279050,2860,station_pair_leg,ELMOT_AXFMR2HH,ELMOT_MR2H,True,Transformer,ELM_MOTT__5,ELMOT1_1,ELMOT,ELMOT,MR2H 345kV-1kV
279945,2556,station_pair_leg,COLETO_345_138L,COLETO_138L,True,Transformer,COLETO4A,CC1DUM0A,COLETO,COLETO,138L 138kV-1kV
279452,6132,station_pair_leg,NVARO_AXFMR2H,NVARO_MR2H,True,Transformer,NAVARRO1_8,NVARO2_1,NVARO,NVARO,MR2H 138kV-1kV
279715,6344,station_pair,PEDERNAL_PE_AT1,PEDERNAL_AT1,True,Transformer,PE_MB1,PE_MB2,PEDERNAL,PEDERNAL,AT1 138kV-69kV
331137,4469,substring_name,LEVEE_XT1H,LEVEE_XT1,True,Transformer,LEVEE_8,LEVEE_N1,LEVEE,LEVEE,XT1 138kV-13.8kV
335070,2918,substring_name,FTWIND_T1_H,FTWIND_T1,True,Transformer,FLAT_TOP_H,FLAT_TOP_5,FTWIND,FTWIND,T1 345kV-34.5kV
279757,9440,station_pair,WARBURTN_138_69_1,WARBURTN_69_1,True,Transformer,WARBURTONSW9,WRBRTN8,WARBURTN,WARBURTN,69_1 69kV-138kV
279951,7854,station_pair_leg,RENSW_AXFMR1L-H,RENSW_MR1L,True,Transformer,RNRDPL_1T8,RENSW1_1,RENSW,RENSW,MR1L 138kV-1kV
302554,10715,substring_name,ACACIA_T1H,ACACIA_T1,True,Transformer,ACACIA2A,ACA_UNIT1,ACACIA,ACACIA,T1 69kV-34.5kV
397829,5926,substring_name,LOTEBUSH_T1_HS,LOTEBUSH_T1,True,Transformer,LOTEBUSH4A,LOTEBUSH1A,LOTEBUSH,LOTEBUSH,T1 138kV-20kV
21361,2964,substring_name,GS_AT2_H,GS_AT2,True,Transformer,GABLE___B138,GABLE__A2STR,GS,GS,AT2 138kV-1kV
