teid,branch_id,base_model_status,dampsse_default_status,dampsse_pct_inservice,implied_default_status,pct_closed,in_service_date,in_service_date_source,base_from_name,base_to_name,base_circuit,DeviceType,classification
41231,60111756.0,Closed,Open,0.0205,Closed,0.706,1990-01-01 00:00:00,default,DOWGEN_4_8,DOWGEN_5,1,Transformer,dampsse_suspect_auction_disagrees
1956,60000567.0,Closed,Open,0.1582,Closed,0.5,1990-01-01 00:00:00,default,HUTTOSS1_8,TAYLOR_W1_8,1,Line,dampsse_suspect_auction_disagrees
870703,60114350.0,Closed,Open,0.2774,Closed,1.0,1990-01-01 00:00:00,default,HOLZ_SLR_8,HOLZ_SLR_LD1,T1,Transformer,dampsse_suspect_auction_disagrees
870704,60114351.0,Closed,Open,0.2774,Closed,1.0,1990-01-01 00:00:00,default,HOLZ_SLR_8,HOLZ_SLR_S1,T2,Transformer,dampsse_suspect_auction_disagrees
306122,60111825.0,Closed,Open,0.305,Closed,0.588,1990-01-01 00:00:00,default,MONSAN_POI_8,MSN_110563,2,Transformer,dampsse_suspect_auction_disagrees
279683,60111673.0,Closed,Open,0.3133,Closed,0.706,1990-01-01 00:00:00,default,P_CANYHY8_1_,CAN_CANYHYG1,1,Transformer,dampsse_suspect_auction_disagrees
530745,60011861.0,Closed,Open,0.3408,Closed,1.0,2022-02-10 12:55:00,energization_outage,GPL_KINGMTSW,QUEEN_BA_5,1,Line,dampsse_suspect_auction_disagrees
4545,60004235.0,Closed,Open,0.43,Closed,1.0,1990-01-01 00:00:00,default,MOSES_5,WLSH_WLSHG1,3,Line,dampsse_suspect_auction_disagrees
583209,60012538.0,Closed,Open,0.4344,Closed,0.75,1990-01-01 00:00:00,default,WHITEPT7A,WHTPTDMY0B,1,Transformer,dampsse_suspect_auction_disagrees
279955,60112540.0,Closed,Open,0.4394,Closed,0.941,1990-01-01 00:00:00,default,B_DAVIS_1_8,B_D_B_DAVIG1,4,Transformer,dampsse_suspect_auction_disagrees
281781,60003157.0,Closed,Open,0.4394,Closed,0.95,1990-01-01 00:00:00,default,B_DAVIS4A,B_DAVIS_1_8,1,Line,dampsse_suspect_auction_disagrees
76055,60005402.0,Closed,Open,0.4898,Closed,0.8,1990-01-01 00:00:00,default,HONDOCREEK9,CSTROVILESW9,1,Line,dampsse_suspect_auction_disagrees
762639,60097005.0,Closed,Open,0.0,Open,0.0,2026-03-13 16:00:00,energization_outage,BBESPOI4A,ROMA4A,1,Line,recent_energization_undercount
836381,60104039.0,Closed,Open,0.0,Open,0.0,2026-05-04 12:00:00,energization_outage,BEECHER4A,DACOSTA4A,1,Line,recent_energization_undercount
850530,60103438.0,Closed,Open,0.0,Open,0.25,2026-07-23 14:01:00,energization_outage,BADERSUB8,PEARSONSW8,1,Line,recent_energization_undercount
853807,60112857.0,Closed,Open,0.0,Open,0.0,2026-07-31 15:49:00,energization_outage,CYPRESS_8,DFW_AE1_8,1,Line,recent_energization_undercount
864356,60113299.0,Closed,Open,0.0,Open,0.0,2026-06-30 00:00:00,energization_outage,BANGL4A,LEMAY4A,1,Line,recent_energization_undercount
865449,60113975.0,Closed,Open,0.0,Closed,1.0,2026-07-13 12:00:00,energization_outage,NEW_HCKRY_5,NHKY_SLR_5,1,Line,recent_energization_undercount
866209,60113837.0,Closed,Open,0.0,Open,0.0,2026-07-08 12:45:00,energization_outage,WILMRPOD_8,WILMER1_8,1,Line,recent_energization_undercount
869102,60112859.0,Closed,Open,0.0,Closed,0.5,2026-07-15 18:00:00,energization_outage,TIMBERLINE_8,PALSTNS_8,1,Line,recent_energization_undercount
869103,60112860.0,Closed,Open,0.0,Closed,0.5,2026-07-15 18:00:00,energization_outage,LAKVWNODE_8,TIMBERLINE_8,3,Line,recent_energization_undercount
869776,60112868.0,Closed,Open,0.0,Closed,0.5,2026-07-16 16:00:00,energization_outage,FLATLAND_8,EXPANSE_8,5,Line,recent_energization_undercount
870341,60114061.0,Closed,Open,0.0,Closed,1.0,2026-06-12 17:00:00,energization_outage,HONEY_WD_5,HONEY_WD_W1,T1,Transformer,recent_energization_undercount
870766,60114634.0,Closed,Open,0.0,Closed,1.0,2026-07-15 00:00:00,energization_outage,TDWLPR_1_5,TDWLPR_1_B3,T1,Transformer,recent_energization_undercount
871848,60114108.0,Closed,Open,0.0,Closed,1.0,2026-07-20 00:00:00,energization_outage,OYST_SLR_5,OYST_SLR_S1,T1,Transformer,recent_energization_undercount
871849,60114109.0,Closed,Open,0.0,Closed,1.0,2026-07-20 00:00:00,energization_outage,OYST_SLR_5,OYST_SLR_S2,T2,Transformer,recent_energization_undercount
872736,60114029.0,Closed,Open,0.0,Closed,1.0,2026-07-31 23:59:00,energization_outage,CLT_8,CLT_B1,T1,Transformer,recent_energization_undercount
872737,60114030.0,Closed,Open,0.0,Closed,1.0,2026-07-31 23:59:00,energization_outage,CLT_8,CLT_B2,T2,Transformer,recent_energization_undercount
872873,60113982.0,Closed,Open,0.0,Closed,1.0,2026-07-13 12:00:00,energization_outage,NHKY_SLR_5,NHKY_SLR_S1,T1,Transformer,recent_energization_undercount
872874,60113983.0,Closed,Open,0.0,Closed,1.0,2026-07-13 12:00:00,energization_outage,NHKY_SLR_5,NHKY_SLR_S2,T2,Transformer,recent_energization_undercount
873114,60114317.0,Closed,Open,0.0,Closed,1.0,2026-07-31 18:00:00,energization_outage,OYST_SLR_5,OLDCNTRY_5,1,Line,recent_energization_undercount
873394,60114062.0,Closed,Open,0.0,Closed,1.0,2026-06-03 00:01:00,energization_outage,REVOLUTN_8,ARMD_SLR_8,1,Line,recent_energization_undercount
873579,60113999.0,Closed,Open,0.0,Closed,1.0,2026-07-30 00:00:00,energization_outage,ARMD_SLR_8,ARMD_SLR_S1,T1,Transformer,recent_energization_undercount
873580,60114000.0,Closed,Open,0.0,Closed,1.0,2026-07-30 00:00:00,energization_outage,ARMD_SLR_8,ARMD_SLR_S2,T2,Transformer,recent_energization_undercount
873681,60114021.0,Closed,Open,0.0,Closed,1.0,2026-07-31 23:59:00,energization_outage,CLO_PH_8,CLO_PH_B1,T1,Transformer,recent_energization_undercount
874450,60114370.0,Closed,Open,0.0,Open,0.0,2026-07-15 18:00:00,energization_outage,ECHOLS1_8,BRNSBORO_8,2,Line,recent_energization_undercount
875384,60114498.0,Closed,Open,0.0,,,2026-07-30 17:00:00,energization_outage,GAINSVIL,GAINESVILL,23,Transformer,recent_energization_undercount
875578,60114499.0,Closed,Open,0.0,Closed,1.0,2026-07-30 17:00:00,energization_outage,GAINESVILL,GAINSVIL,25,Transformer,recent_energization_undercount
875605,60114651.0,Closed,Open,0.0,Closed,1.0,2026-07-30 17:00:00,energization_outage,WOODBINE8,GAINSVIL,1,Line,recent_energization_undercount
827615,60103479.0,Closed,Open,0.0044,Open,0.429,2026-08-03 18:00:00,energization_outage,WALLEYE_8,WAL_SR3_8,1,Line,recent_energization_undercount
845963,60101526.0,Closed,Open,0.0057,Open,0.333,2026-07-31 18:00:00,energization_outage,CLOUD1_P8,CLOUD2_P8,1,Line,recent_energization_undercount
850591,60103224.0,Closed,Open,0.0077,Closed,0.75,2026-07-23 14:00:00,energization_outage,MATHISSUB9,ARGENTASW9,1,Line,recent_energization_undercount
770770,60099690.0,Closed,Open,0.0237,Open,0.0,2026-07-01 10:12:00,energization_outage,EWALD2A,MILES2A,1,Line,recent_energization_undercount
865815,60112953.0,Closed,Open,0.0321,Closed,1.0,2026-05-04 18:00:00,energization_outage,STEWARD,BUTLER,1,Line,recent_energization_undercount
863174,60104720.0,Closed,Open,0.0388,Closed,1.0,2026-09-18 17:00:00,energization_outage,JCHRSTL,CORE_SW,1,Line,recent_energization_undercount
863175,60104721.0,Closed,Open,0.0388,Closed,1.0,2026-09-18 17:00:00,energization_outage,JCHRSTL,CORE_SW,2,Line,recent_energization_undercount
863176,60104717.0,Closed,Open,0.0388,Closed,1.0,2026-09-18 17:00:00,energization_outage,CORE_SW,CORE_NORTH,1,Line,recent_energization_undercount
863177,60104718.0,Closed,Open,0.0388,Closed,1.0,2026-09-18 17:00:00,energization_outage,CORE_SW,CORE_SOUTH,1,Line,recent_energization_undercount
863268,60104719.0,Closed,Open,0.0388,Closed,1.0,2026-09-18 17:00:00,energization_outage,CORE_SW,CORE_WEST,1,Line,recent_energization_undercount
866485,60105330.0,Closed,Open,0.0565,Closed,0.5,2026-07-05 11:20:00,energization_outage,BARRNDESRT_8,SU_GRADY,1,Line,recent_energization_undercount
866495,60105331.0,Closed,Open,0.0565,Closed,0.5,2026-07-05 11:20:00,energization_outage,EXPANSE_8,BARRNDESRT_8,1,Line,recent_energization_undercount
646759,60078141.0,Closed,Open,0.058,Open,0.05,2026-05-20 16:49:00,energization_outage,SEAQUIST2A,PUNCHER2A,1,Line,recent_energization_undercount
646760,60078139.0,Closed,Open,0.058,Open,0.05,2026-05-20 16:49:00,energization_outage,SEAQUIST2A,MASN2A,1,Line,recent_energization_undercount
868936,60113844.0,Closed,Open,0.0726,Closed,0.667,2026-06-09 11:27:00,energization_outage,PLATEAUT_8,MCKENZIEDR_8,4,Line,recent_energization_undercount
868946,60113843.0,Closed,Open,0.0726,Closed,0.667,2026-06-09 11:27:00,energization_outage,PLATEAUT_8,TARZANSW_8,1,Line,recent_energization_undercount
648350,60088877.0,Closed,Open,0.0799,Open,0.1,2026-05-14 14:00:00,energization_outage,PORTILLA4A,CLLCOTTE4A,1,Line,recent_energization_undercount
771950,60099695.0,Closed,Open,0.0881,Closed,0.7,2025-10-24 00:00:00,energization_outage,L_RIOLAG8_1Y,SHAW_SLR_8,1,Line,recent_energization_undercount
772101,60112744.0,Closed,Open,0.0881,Closed,0.7,2025-10-24 00:00:00,energization_outage,SHAW_SLR_8,SHAW_SLR_S1,T1,Transformer,recent_energization_undercount
843651,60112746.0,Closed,Open,0.0882,Closed,1.0,2026-06-16 15:34:00,energization_outage,PAD3_ESS_8,PAD3_ESS_B1,T1,Transformer,recent_energization_undercount
648351,60088881.0,Closed,Open,0.0887,Open,0.1,2026-05-07 08:00:00,energization_outage,PORTILLA4A,HAISLEY4A,1,Line,recent_energization_undercount
843385,60104058.0,Closed,Open,0.0891,Closed,1.0,2026-06-16 15:34:00,energization_outage,PAD2_ESS_8,PAD3_ESS_8,1,Line,recent_energization_undercount
864375,60104917.0,Closed,Open,0.0892,Open,0.0,2026-06-30 15:39:00,energization_outage,KINGFISHER,STEWART7A,1,Line,recent_energization_undercount
709568,60093262.0,Closed,Open,0.0929,Open,0.278,2025-10-30 17:39:00,energization_outage,BLACKSTCK_8,FRMVLWST_P8,2,Line,recent_energization_undercount
709659,60093263.0,Closed,Open,0.0929,Closed,0.667,2025-10-30 17:39:00,energization_outage,BLACKSTCK_8,ROYSE3_8,3,Line,recent_energization_undercount
869774,60112869.0,Closed,Open,0.1,Closed,0.5,2026-07-02 12:00:00,energization_outage,FLATLAND_8,EXPANSE_8,3,Line,recent_energization_undercount
871574,60114323.0,Closed,Open,0.1,Closed,0.5,2026-07-02 19:23:00,energization_outage,AQLA_WND_5,AQLA_WND_SC,T1,Transformer,recent_energization_undercount
871575,60114324.0,Closed,Open,0.1,Closed,0.5,2026-07-02 19:23:00,energization_outage,AQLA_WND_5,AQLA_WND_W2,T2,Transformer,recent_energization_undercount
875097,60114325.0,Closed,Open,0.1,Closed,1.0,2026-07-02 18:28:00,energization_outage,AQLA_WND_5,BULLOCK,1,Line,recent_energization_undercount
864374,60105007.0,Closed,Open,0.1081,Open,0.0,2026-06-27 17:05:00,energization_outage,KINGFISHER,NEDIN7A,2,Line,recent_energization_undercount
832847,60103519.0,Closed,Open,0.1124,Open,0.375,2026-06-04 20:30:00,energization_outage,PAD1_ESS_TL,PAD2_ESS_8,1,Line,recent_energization_undercount
833119,60112745.0,Closed,Open,0.1124,Closed,0.625,2026-01-21 19:02:00,energization_outage,PAD2_ESS_8,PAD2_ESS_B1,T1,Transformer,recent_energization_undercount
869749,60112871.0,Closed,Open,0.1179,Closed,0.5,2026-07-03 17:33:00,energization_outage,EXPANSE_8,LENORAH_8,2,Line,recent_energization_undercount
743969,60096338.0,Closed,Open,0.1237,Open,0.214,2026-05-14 18:00:00,energization_outage,HEALY_5,TRICRN1_5,1,Line,recent_energization_undercount
743978,60000472.0,Closed,Open,0.1237,Open,0.154,2026-05-14 15:15:00,energization_outage,HEALY_5,ELKTON_5,1,Line,recent_energization_undercount
864022,60112996.0,Closed,Open,0.1286,Closed,0.5,2026-05-14 12:31:00,energization_outage,EASTON_PARK,HICRSMB2,1,Line,recent_energization_undercount
716262,60093157.0,Closed,Open,0.1349,Closed,0.7,2025-02-01 15:03:00,energization_outage,MCLANE_8,WACOESUB1_8,1,Line,recent_energization_undercount
733914,60098209.0,Closed,Open,0.1394,Open,0.214,2025-05-01 00:34:00,energization_outage,OAKLAND,SHILOH,1,Line,recent_energization_undercount
733915,60098210.0,Closed,Open,0.1402,Open,0.214,2025-05-01 00:32:00,energization_outage,OAKLAND,MCCREE8,1,Line,recent_energization_undercount
871313,60114050.0,Closed,Open,0.1429,Open,0.0,2026-06-29 11:19:00,energization_outage,GRND_SLR_5,GRND_SLR_SD,T1,Transformer,recent_energization_undercount
867352,60112900.0,Closed,Open,0.15,Closed,1.0,2026-06-30 18:00:00,energization_outage,EMBAR_8,NELSON_8,1,Line,recent_energization_undercount
867353,60008626.0,Closed,Open,0.15,,,2026-06-30 18:00:00,energization_outage,EMBAR_8,LITTMAN_8,1,Line,recent_energization_undercount
733091,60095276.0,Closed,Open,0.1521,Closed,0.556,2026-04-16 16:20:00,energization_outage,THOMASTN4A,JAGUAR4A,1,Line,recent_energization_undercount
733092,60095277.0,Closed,Open,0.1521,Closed,0.556,2026-04-16 16:20:00,energization_outage,MAGRUDER4A,JAGUAR4A,1,Line,recent_energization_undercount
861118,60104593.0,Closed,Open,0.1525,Closed,0.5,2026-06-25 16:23:00,energization_outage,POLSER2_8,CRLTNFRK1_8,8,Line,recent_energization_undercount
861127,60104594.0,Closed,Open,0.1525,Closed,0.5,2026-06-25 16:23:00,energization_outage,POLSER2_8,AUSRNCH2_8,9,Line,recent_energization_undercount
761156,60111897.0,Closed,Open,0.1678,Open,0.364,2026-04-28 17:08:00,energization_outage,FEGC_8B,FEGC_N2,T1,Transformer,recent_energization_undercount
770769,60099689.0,Closed,Open,0.1706,Open,0.4,2026-05-20 17:07:00,energization_outage,EWALD2A,BALLINGE2A,1,Line,recent_energization_undercount
716935,60094848.0,Closed,Open,0.1873,Open,0.158,2025-04-09 08:00:00,energization_outage,BRADYRE2,RUDDER2A,1,Line,recent_energization_undercount
716936,60094849.0,Closed,Open,0.1873,Open,0.158,2025-04-11 07:59:00,energization_outage,BRADYRE2,MAJOR2A,1,Line,recent_energization_undercount
828987,60099744.0,Closed,Open,0.2024,Closed,0.625,2026-05-16 18:00:00,energization_outage,ANGEL_P8,BUSHYCAN_8,9,Line,recent_energization_undercount
828565,60100821.0,Closed,Open,0.203,Closed,0.5,2026-05-14 18:40:00,energization_outage,WALLEYE_8,BRUSHYCRK_8,1,Line,recent_energization_undercount
828834,60110890.0,Closed,Open,0.203,Closed,0.5,2026-05-14 18:45:00,energization_outage,WALLEYE_5,WALLEYE2_T,2,Transformer,recent_energization_undercount
828835,60110888.0,Closed,Open,0.203,Closed,0.5,2026-05-14 18:45:00,energization_outage,WAL_SR4_8,WALLEYE2_T,2,Transformer,recent_energization_undercount
716263,60093158.0,Closed,Open,0.2092,Open,0.143,2025-10-23 00:00:00,energization_outage,WACO_E1_8,MCLANE_8,2,Line,recent_energization_undercount
871198,60114008.0,Closed,Open,0.2119,Closed,1.0,2026-07-01 15:00:00,energization_outage,CHAR_SLR_5,CHAR_SLR_S1,T1,Transformer,recent_energization_undercount
869300,60113966.0,Closed,Open,0.2167,Closed,1.0,2026-06-23 15:00:00,energization_outage,CST2_SLR_5,CST2_SLR_S1,T2,Transformer,recent_energization_undercount
834044,60101515.0,Closed,Open,0.2198,Closed,0.714,2026-05-20 17:14:00,energization_outage,REDCORN_T8,PHEASANT_P8,1,Line,recent_energization_undercount
828976,60099743.0,Closed,Open,0.2202,Closed,0.625,2026-05-14 18:52:00,energization_outage,RIVERTON_8,BUSHYCAN_8,1,Line,recent_energization_undercount
870855,60114010.0,Closed,Open,0.2214,Closed,1.0,2026-07-01 15:00:00,energization_outage,STATIC7A,CHAR_SLR_5,1,Line,recent_energization_undercount
871199,60114009.0,Closed,Open,0.2214,Closed,1.0,2026-07-01 15:00:00,energization_outage,CHAR_SLR_5,CHAR_SLR_S2,T2,Transformer,recent_energization_undercount
762061,60098916.0,Closed,Open,0.2324,Open,0.3,2026-04-16 15:17:00,energization_outage,EOLA2A,REDBO2A,1,Line,recent_energization_undercount
762062,60098915.0,Closed,Open,0.2324,Open,0.3,2026-04-16 15:17:00,energization_outage,PTRK2A,REDBO2A,1,Line,recent_energization_undercount
762088,60098917.0,Closed,Open,0.2324,Open,0.3,2026-04-16 15:17:00,energization_outage,REDBO2A,VITRUVI2A,1,Line,recent_energization_undercount
837039,60102949.0,Closed,Open,0.25,Closed,0.857,2026-04-13 18:44:00,energization_outage,LAWNDALE_8,MABANK_8,5,Line,recent_energization_undercount
854100,60103718.0,Closed,Open,0.2511,Closed,1.0,2026-06-03 09:00:00,energization_outage,KEG_8,KEG_B1,T1,Transformer,recent_energization_undercount
868110,60112929.0,Closed,Open,0.2588,Closed,1.0,2026-05-29 13:59:00,energization_outage,BCNV2_ES_8,BCNV2_ES_B1,T1,Transformer,recent_energization_undercount
872141,60112867.0,Closed,Open,0.265,Open,0.0,2026-06-12 18:40:00,energization_outage,TNYELOWJKT1,BCNV2_ES_8,2,Line,recent_energization_undercount
837049,60102950.0,Closed,Open,0.2764,Closed,0.857,2026-04-13 18:44:00,energization_outage,LAWNDALE_8,PAULINE_8,6,Line,recent_energization_undercount
864848,60104587.0,Closed,Open,0.2825,Open,0.0,2026-05-15 20:00:00,energization_outage,PPG_OXYGEN_8,FALLSTWN1_8,5,Line,recent_energization_undercount
864849,60104585.0,Closed,Open,0.2825,Open,0.0,2026-05-15 20:00:00,energization_outage,FALLSTWN1_8,CITYVIEW_8,1,Line,recent_energization_undercount
761157,60111896.0,Closed,Open,0.2965,Open,0.364,2026-03-03 17:25:00,energization_outage,FEGC_8B,FEGC_N3,T2,Transformer,recent_energization_undercount
761158,60111898.0,Closed,Open,0.2965,Open,0.364,2026-03-03 17:26:00,energization_outage,FEGC_8B,FEGC_N4,T3,Transformer,recent_energization_undercount
761162,60098269.0,Closed,Open,0.2965,Open,0.286,2026-03-03 17:24:00,energization_outage,FEGC_8A,FEGC_8B,1,Line,recent_energization_undercount
830998,60101564.0,Closed,Open,0.2973,Closed,1.0,2026-04-29 17:35:00,energization_outage,RHINESLAKE_8,TYLERSW_8,5,Line,recent_energization_undercount
663356,60089174.0,Closed,Open,0.2985,Closed,0.529,2025-11-21 20:00:00,energization_outage,LA_PALMA7A,GULCH7A,1,Line,recent_energization_undercount
663357,60089175.0,Closed,Open,0.2985,Closed,0.529,2025-11-21 20:00:00,energization_outage,RIOHONDO7A,GULCH7A,1,Line,recent_energization_undercount
753325,60096227.0,Closed,Open,0.3075,Closed,0.75,2025-02-19 00:01:00,energization_outage,GULCH7A,ARROYOPOI7A,1,Line,recent_energization_undercount
837849,60102342.0,Closed,Open,0.3088,Closed,0.667,2026-05-04 09:00:00,energization_outage,POMPANO4A,STILLMAN,1,Line,recent_energization_undercount
837850,60102341.0,Closed,Open,0.3088,Closed,0.75,2026-05-04 09:00:00,energization_outage,POMPANO4A,SCARBIDE4A,1,Line,recent_energization_undercount
626483,60090576.0,Closed,Open,0.3111,Closed,0.545,2025-10-30 17:58:00,energization_outage,NUGE2A,LARAMIE2A,1,Line,recent_energization_undercount
647596,60090577.0,Closed,Open,0.3111,Closed,0.545,2025-10-30 17:58:00,energization_outage,LARAMIE2A,BELKNAP2A,1,Line,recent_energization_undercount
647601,60078138.0,Closed,Open,0.3111,Closed,0.75,2025-10-30 17:58:00,energization_outage,CLFK2A,LARAMIE2A,1,Line,recent_energization_undercount
828539,60099739.0,Closed,Open,0.3265,Closed,0.75,2026-03-27 12:39:00,energization_outage,L_AUSTRO5_1Y,WALLEYE_5,1,Line,recent_energization_undercount
829231,60100790.0,Closed,Open,0.3333,Open,0.333,2025-12-29 12:00:00,energization_outage,CADE_BRN1_8,IRONHRS_T8_1,3,Line,recent_energization_undercount
763887,60112662.0,Closed,Open,0.3401,Closed,1.0,2026-02-20 16:51:00,energization_outage,PIN_BESS_5,PIN_BESS_B1,T1,Transformer,recent_energization_undercount
768550,60098662.0,Closed,Open,0.3425,Closed,1.0,2026-03-17 17:29:00,energization_outage,DOLRHIDE2_8,NOTSW_1_8,1,Line,recent_energization_undercount
768560,60098663.0,Closed,Open,0.3425,Closed,1.0,2026-03-17 17:29:00,energization_outage,DOLRHIDE2_8,ANDRCOSO_8,1,Line,recent_energization_undercount
736258,60097006.0,Closed,Open,0.345,Open,0.2,2025-07-30 16:00:00,energization_outage,WWORKTP2A,ODEM2A,1,Line,recent_energization_undercount
861475,60104962.0,Closed,Open,0.35,Closed,0.5,2026-06-04 10:25:00,energization_outage,LEON_SLR_8,LEON_SLR_S1,T1,Transformer,recent_energization_undercount
767214,60112659.0,Closed,Open,0.3537,Closed,1.0,2026-01-14 13:13:00,energization_outage,ARY_BESS_5,ARY_BESS_B1,T1,Transformer,recent_energization_undercount
734629,60095718.0,Closed,Open,0.3615,Open,0.353,2025-12-26 11:09:00,energization_outage,LKVEW_RC,6939,1,Line,recent_energization_undercount
734630,60104071.0,Closed,Open,0.3615,Closed,0.833,2025-12-26 11:09:00,energization_outage,6939,LAKVWNODE_8,1,Line,recent_energization_undercount
754376,60098112.0,Closed,Open,0.3641,Closed,0.786,2025-10-03 18:00:00,energization_outage,TEXASINS_8,SLOAN_8,1,Line,recent_energization_undercount
867763,60112873.0,Closed,Open,0.3643,Closed,0.5,2026-06-15 18:00:00,energization_outage,BRANSON_8,TEAL_8,1,Line,recent_energization_undercount
867764,60112874.0,Closed,Open,0.3643,Closed,0.5,2026-06-15 18:00:00,energization_outage,BRANSON_8,TEAL_8,2,Line,recent_energization_undercount
765859,60098924.0,Closed,Open,0.3696,Open,0.2,2025-10-08 18:00:00,energization_outage,VERH4A,HOEFSROA4A,1,Line,recent_energization_undercount
861476,60104963.0,Closed,Open,0.37,Closed,0.5,2026-06-02 14:16:00,energization_outage,LEON_SLR_8,LEON_SLR_S2,T2,Transformer,recent_energization_undercount
867926,60104562.0,Closed,Open,0.3725,Closed,0.5,2026-06-02 18:35:00,energization_outage,GLAZELAKE_8,LEON_SLR_8,1,Line,recent_energization_undercount
828526,60099738.0,Closed,Open,0.3732,Closed,0.75,2026-03-27 12:39:00,energization_outage,BEULAH_5,WALLEYE_5,1,Line,recent_energization_undercount
855535,60103577.0,Closed,Open,0.3735,Closed,0.75,2026-05-13 17:38:00,energization_outage,JUMANO1_8,RINGO,1,Line,recent_energization_undercount
855545,60103576.0,Closed,Open,0.3735,Closed,0.75,2026-05-13 17:38:00,energization_outage,SLGRLAKE_8,JUMANO1_8,5,Line,recent_energization_undercount
749646,60098922.0,Closed,Open,0.3743,Closed,0.5,2025-12-05 18:43:00,energization_outage,TNCOYOTSPG1,TNWOLFCAMP1,1,Line,recent_energization_undercount
859628,60104282.0,Closed,Open,0.3751,Open,0.0,2026-05-10 17:00:00,energization_outage,ORCHRD_S60A8,ORCHRD_S60B8,60,Line,recent_energization_undercount
740952,60097021.0,Closed,Open,0.3755,Open,0.267,2025-12-31 12:40:00,energization_outage,ODYSSEUS7A,BLF_CRK7A,1,Line,recent_energization_undercount
740953,60096991.0,Closed,Open,0.376,Open,0.267,2025-12-31 12:40:00,energization_outage,REDCREEK7A,ODYSSEUS7A,1,Line,recent_energization_undercount
776413,60112050.0,Closed,Open,0.3851,Closed,1.0,2025-11-30 23:05:00,energization_outage,CAST_ESS_8,CAST_ESS_B1,T1,Transformer,recent_energization_undercount
830275,60101289.0,Closed,Open,0.3851,Closed,0.778,2026-01-16 16:00:00,energization_outage,TNWCOLLOCL1,CAST_ESS_8,1,Line,recent_energization_undercount
585347,60012603.0,Closed,Open,0.3869,Open,0.25,2024-05-15 17:52:00,energization_outage,WDGWD2_T8,ROSEMNT1_8,1,Line,recent_energization_undercount
846940,60104545.0,Closed,Open,0.3882,Open,0.333,2026-04-15 12:29:00,energization_outage,TNLAGOMAR_1,TNFRWYPARK1,1,Line,recent_energization_undercount
846941,60104546.0,Closed,Open,0.3882,Open,0.333,2026-04-15 12:29:00,energization_outage,TNLAGOMAR_1,TNDICKNSON1,1,Line,recent_energization_undercount
858715,60104222.0,Closed,Open,0.393,Closed,0.75,2026-05-16 15:26:00,energization_outage,JONCRK__B138,DURZNO_X54T8,54,Line,recent_energization_undercount
858716,60104223.0,Closed,Open,0.393,Closed,0.75,2026-05-20 10:26:00,energization_outage,WTRFWL__B138,DURZNO_X54T8,54,Line,recent_energization_undercount
850702,60103880.0,Closed,Open,0.3933,Open,0.25,2026-03-19 10:43:00,energization_outage,SNMIGUELTAP9,JARITACRKSB9,1,Line,recent_energization_undercount
850703,60103696.0,Closed,Open,0.3933,Open,0.25,2026-03-19 10:43:00,energization_outage,JARITACRKSB9,NCALLIHAMSB9,1,Line,recent_energization_undercount
640808,60012940.0,Closed,Open,0.397,Closed,0.632,2025-05-10 12:46:00,energization_outage,SO_TEX__345A,STATIC7A,1,Line,recent_energization_undercount
773744,60098642.0,Closed,Open,0.3989,Closed,0.5,2026-01-30 10:28:00,energization_outage,ANGSTRM7A,PIN_BESS_5,1,Line,recent_energization_undercount
843959,60112396.0,Closed,Open,0.399,Closed,1.0,2026-03-09 13:30:00,energization_outage,QTUM_SLR_5,QTUM_SLR_S1,T1,Transformer,recent_energization_undercount
843960,60112397.0,Closed,Open,0.399,Closed,1.0,2026-03-09 13:30:00,energization_outage,QTUM_SLR_5,QTUM_SLR_S2,T2,Transformer,recent_energization_undercount
844967,60112398.0,Closed,Open,0.4036,Closed,1.0,2026-03-30 13:30:00,energization_outage,QTUM_SL1_5,QTUM_SL1_B1,T3,Transformer,recent_energization_undercount
844968,60102391.0,Closed,Open,0.4036,Closed,1.0,2026-03-30 13:40:00,energization_outage,QTUM_SLR_5,QTUM_SL1_B2,T4,Transformer,recent_energization_undercount
847514,60104054.0,Closed,Open,0.4036,Closed,1.0,2026-04-13 16:59:00,energization_outage,QTUM_SLR_5,QTUM_SLR_TL,1,Line,recent_energization_undercount
865782,60113832.0,Closed,Open,0.4046,Closed,0.5,2026-05-29 10:53:00,energization_outage,YAPN_SLR_5,YAPN_SLR_S1,T1,Transformer,recent_energization_undercount
866749,60113991.0,Closed,Open,0.4122,Closed,1.0,2026-06-25 16:25:00,energization_outage,BEARKAT,9076000,1,Line,recent_energization_undercount
871889,60113992.0,Closed,Open,0.4122,Closed,1.0,2026-06-25 16:25:00,energization_outage,BEARKAT,9076000,2,Line,recent_energization_undercount
871954,60113989.0,Closed,Open,0.4122,Closed,1.0,2026-06-25 16:25:00,energization_outage,SANDLAKE_5,9076000,1,Line,recent_energization_undercount
871955,60113990.0,Closed,Open,0.4122,Closed,1.0,2026-06-25 16:25:00,energization_outage,SANDLAKE_5,9076000,2,Line,recent_energization_undercount
873201,60113936.0,Closed,Open,0.4125,Closed,0.5,2026-05-29 10:42:00,energization_outage,GRISTMILL_5,YAPN_SLR_5,1,Line,recent_energization_undercount
730907,60012750.0,Closed,Open,0.4126,Open,0.214,2025-11-12 12:07:00,energization_outage,FDLITY_X21T8,GALENA21T1_8,1,Line,recent_energization_undercount
730908,60012752.0,Closed,Open,0.4126,Open,0.214,2025-11-12 12:07:00,energization_outage,GALENA21T1_8,WITTER21TP_8,1,Line,recent_energization_undercount
730937,60012935.0,Closed,Open,0.4126,Open,0.214,2024-12-04 00:01:00,energization_outage,GALENA21T1_8,GALENA21TP_8,21,Line,recent_energization_undercount
869778,60113220.0,Closed,Open,0.4143,Closed,1.0,2026-06-10 11:00:00,energization_outage,SAMSW,HELIX,1,Line,recent_energization_undercount
756421,60098919.0,Closed,Open,0.4144,Closed,1.0,2025-12-10 12:11:00,energization_outage,ARROYOPOI7A,ARY_BESS_5,1,Line,recent_energization_undercount
775882,60112054.0,Closed,Open,0.4152,Closed,1.0,2026-03-03 12:04:00,energization_outage,DESN_ESS_8,DESN_ESS_B1,T1,Transformer,recent_energization_undercount
831545,60101290.0,Closed,Open,0.4152,Closed,0.889,2026-03-03 10:34:00,energization_outage,TNFM524___1,DESN_ESS_8,1,Line,recent_energization_undercount
834209,60110779.0,Closed,Open,0.4159,Closed,1.0,2026-04-02 14:12:00,energization_outage,FERRIS_8,FERIS_1,1,Transformer,recent_energization_undercount
834210,60110777.0,Closed,Open,0.4159,Closed,1.0,2026-04-02 14:12:00,energization_outage,FERRISSW_9,FERIS_1,1,Transformer,recent_energization_undercount
727508,60095259.0,Closed,Open,0.421,Closed,0.5,2025-11-05 18:15:00,energization_outage,GHOSTTOWN_8,LACASAWD_8,1,Line,recent_energization_undercount
727767,60112511.0,Closed,Open,0.421,Closed,0.6,2025-11-05 18:15:00,energization_outage,LACASAWD_8,LACASAWD_W1,T1,Transformer,recent_energization_undercount
730922,60095298.0,Closed,Open,0.4229,Open,0.389,2025-11-07 17:00:00,energization_outage,TANKER_X94B8,SPEAR__X94T8,1,Line,recent_energization_undercount
727987,60097950.0,Closed,Open,0.4279,Closed,0.786,2025-10-14 06:59:00,energization_outage,VAN_AL_E_8,WNDNOAKS_8,1,Line,recent_energization_undercount
869779,60112950.0,Closed,Open,0.4304,Closed,1.0,2026-06-10 11:00:00,energization_outage,SAMSW,BULLOCK,1,Line,recent_energization_undercount
867009,60113986.0,Closed,Open,0.4392,Open,0.0,2026-06-03 17:59:00,energization_outage,TYLERSW_8,CHANDLERW_8,4,Line,recent_energization_undercount
860300,60104224.0,Closed,Open,0.4399,Closed,0.667,2026-05-16 12:05:00,energization_outage,ELMCREEK,NEW_HCKRY_5,1,Line,recent_energization_undercount
860301,60104246.0,Closed,Open,0.4399,Closed,0.667,2026-05-16 12:07:00,energization_outage,NEW_HCKRY_5,SO_TEX__345A,1,Line,recent_energization_undercount
856502,60103330.0,Closed,Open,0.4424,Closed,0.857,2025-12-23 18:00:00,energization_outage,REDSALT_8,ESTACADO1_8,2,Line,recent_energization_undercount
855433,60103662.0,Closed,Open,0.446,Closed,0.75,2026-04-23 14:06:00,energization_outage,CST1_SLR_5,CST1_SLR_S1,T1,Transformer,recent_energization_undercount
734160,60094887.0,Closed,Open,0.447,Closed,0.706,2025-10-23 18:00:00,energization_outage,BLUEMOUND_P8,PALOMA_8,2,Line,recent_energization_undercount
734150,60094886.0,Closed,Open,0.4477,Closed,0.706,2025-10-23 18:00:00,energization_outage,HICKS_SW_1_8,PALOMA_8,1,Line,recent_energization_undercount
860600,60104206.0,Closed,Open,0.448,Closed,1.0,2026-05-06 14:23:00,energization_outage,CLODIN__B138,KEG_8,01,Line,recent_energization_undercount
724245,60093237.0,Closed,Open,0.4512,Closed,0.5,2024-12-13 17:52:00,energization_outage,CHAMPION_8,KOLBLAKE_P8,1,Line,recent_energization_undercount
747851,60096323.0,Closed,Open,0.453,Closed,0.571,2025-12-12 15:05:00,energization_outage,MILANO,CANNON_8,1,Line,recent_energization_undercount
851858,60111602.0,Closed,Open,0.4567,Closed,1.0,2026-03-30 13:15:00,energization_outage,GENTHW5X05_5,THW_N7,T1,Transformer,recent_energization_undercount
851859,60111603.0,Closed,Open,0.4567,Closed,1.0,2026-03-28 09:00:00,energization_outage,GENTHW5X05_5,THW_N8,T2,Transformer,recent_energization_undercount
735530,60095725.0,Closed,Open,0.4635,Open,0.471,2025-03-06 08:29:00,energization_outage,BELKNAP2A,STASNEY2A,1,Line,recent_energization_undercount
774063,60112043.0,Closed,Open,0.4691,Closed,1.0,2026-01-15 09:54:00,energization_outage,HEN_5,HEN_B1,T1,Transformer,recent_energization_undercount
746819,60096343.0,Closed,Open,0.4703,Open,0.471,2025-12-05 18:00:00,energization_outage,BELL_E_5,BADGER_5,1,Line,recent_energization_undercount
747452,60098237.0,Closed,Open,0.4703,Closed,0.571,2025-12-05 18:00:00,energization_outage,BADGER_5,SAND_TXU_5,1,Line,recent_energization_undercount
754611,60097058.0,Closed,Open,0.471,Closed,0.571,2025-12-17 14:00:00,energization_outage,BELL_E_5,YARRELTON_5,1,Line,recent_energization_undercount
754605,60098238.0,Closed,Open,0.4717,Closed,0.571,2025-12-17 14:00:00,energization_outage,GINDALE_5,YARRELTON_5,1,Line,recent_energization_undercount
874261,60114371.0,Closed,Open,0.4722,Open,0.0,2026-07-07 08:00:00,energization_outage,BRNSBORO_8,CHANDLERW_8,3,Line,recent_energization_undercount
830988,60008395.0,Closed,Open,0.4728,Closed,1.0,2026-03-19 18:00:00,energization_outage,RHINESLAKE_8,CANTNSW_8,4,Line,recent_energization_undercount
759604,60112503.0,Closed,Open,0.4735,Closed,0.818,2025-12-16 21:55:00,energization_outage,SMTH_ESS_5,SMTH_ESS_B1,T1,Transformer,recent_energization_undercount
755247,60098109.0,Closed,Open,0.4742,Closed,0.692,2025-12-13 04:35:00,energization_outage,CATTLEMAN_8,NAVIGATION_8,3,Line,recent_energization_undercount
586289,60012477.0,Closed,Open,0.4745,Closed,0.6,2025-05-05 14:37:00,energization_outage,RAINEYCR2A,CARCEL2A,1,Line,recent_energization_undercount
586290,60012476.0,Closed,Open,0.4745,Closed,0.6,2025-05-05 14:37:00,energization_outage,PHANPMPT2A,CARCEL2A,1,Line,recent_energization_undercount
586291,60012475.0,Closed,Open,0.4745,Closed,0.6,2025-05-05 14:37:00,energization_outage,ROBERSON2A,CARCEL2A,1,Line,recent_energization_undercount
776608,60112532.0,Closed,Open,0.4796,Closed,0.875,2026-02-23 15:00:00,energization_outage,BYNM_SLR_9,BYNM_SLR_S1,T1,Transformer,recent_energization_undercount
868955,60113840.0,Closed,Open,0.4863,Closed,1.0,2026-06-09 11:27:00,energization_outage,PLATEAUT_8,MCKENZIEDR_8,3,Line,recent_energization_undercount
868965,60113841.0,Closed,Open,0.4863,Closed,1.0,2026-06-09 11:27:00,energization_outage,PLATEAUT_8,TEXMABEE_8,1,Line,recent_energization_undercount
847626,60104550.0,Closed,Open,0.4907,Closed,0.5,2026-01-25 20:00:00,energization_outage,OPEN_SKY,CLAYTON_345,1,Line,recent_energization_undercount
847627,60104551.0,Closed,Open,0.4907,Closed,0.5,2026-01-25 20:00:00,energization_outage,OPEN_SKY,PHNTMHL,1,Line,recent_energization_undercount
754700,60098637.0,Closed,Open,0.4919,Open,0.25,2025-12-18 13:46:00,energization_outage,ENLKTP_9,VITRUVI2A,1,Line,recent_energization_undercount
831466,60103507.0,Closed,Open,0.4999,Closed,0.875,2026-02-18 14:07:00,energization_outage,TNMONARCH_1,BYNM_SLR_9,1,Line,recent_energization_undercount
487530,60012007.0,Closed,Open,0.0,Open,0.3,2021-10-08 16:47:00,energization_outage,SHELL__POI_8,BOGGY__POI_8,1,Line,residual_review
4968,60003143.0,Closed,Open,0.0,Open,0.0,1990-01-01 00:00:00,default,SHELL__POI_8,AIRPRO_POI_8,85,Line,residual_review
553239,60012023.0,Closed,Open,0.0,Open,0.0,2021-12-01 00:01:00,energization_outage,PES1_8,H_O_C__POI_8,1,Line,residual_review
878949,60115186.0,Closed,Open,0.0,,,1990-01-01 00:00:00,default,GOODNITE_5,GOODNITE_W1,T4,Transformer,residual_review
878950,60115187.0,Closed,Open,0.0,,,1990-01-01 00:00:00,default,GOODNITE_5,GOODNITE_W1,T5,Transformer,residual_review
878951,60115188.0,Closed,Open,0.0,,,1990-01-01 00:00:00,default,GOODNITE_5,GOODNITE_W1,T6,Transformer,residual_review
280349,60112771.0,Closed,Open,0.0014,Open,0.294,1990-01-01 00:00:00,default,H_HOLLOW_1_8,H_HOLLO_WND1,1,Transformer,residual_review
325253,60111700.0,Closed,Open,0.0018,Open,0.118,1990-01-01 00:00:00,default,LARDSTAT4A,LARDSTAT0A,1,Transformer,residual_review
552447,60012167.0,Closed,Open,0.0374,Open,0.0,2022-04-29 16:00:00,energization_outage,TRIBUTE4A,BENFICKL4A,1,Line,residual_review
571544,60114815.0,Closed,Open,0.0507,,,1990-01-01 00:00:00,default,L_DESEME8_1Y,DSKYTAP1,1,Line,residual_review
571545,60114814.0,Closed,Open,0.0507,,,1990-01-01 00:00:00,default,L_TIPPET8_1Y,DSKYT2,1,Line,residual_review
864377,60104915.0,Closed,Open,0.0918,Open,0.0,1990-01-01 00:00:00,default,KINGFISHER,PALMITO345,1,Line,residual_review
864378,60104916.0,Closed,Open,0.1081,Open,0.0,1990-01-01 00:00:00,default,KINGFISHER,PALMITO345,2,Line,residual_review
305618,60111666.0,Closed,Open,0.2902,Open,0.176,1990-01-01 00:00:00,default,TESLA7A,TESLA1A,3,Transformer,residual_review
280084,60053244.0,Closed,Open,0.3406,,,1990-01-01 00:00:00,default,NUECES_B2A,NUECES_B4A,1,Transformer,residual_review
