teid,ReasonID,BranchId,EquipmentName,equip_name_norm,cim_opeqname_norm,cim_branchname_norm,plannedStartDate,actualStartDate,actualEndDate
846315,9,,XFRMOBILE,XFRMOBILE,FERISXFRM,FERISXFRM,2026-04-06 18:01:00,2026-04-06 18:01:00,
836689,4,,MR2T,MR2T,WILSWMR1T,15060EOLDTEID,2026-04-01 14:01:00,2026-04-01 14:01:00,2026-04-10 19:13:00
833454,4,,MR2H,MR2H,WILSWMR1H,WILSWMR1H,2026-04-01 14:01:00,2026-04-01 14:01:00,2026-04-10 18:00:00
833433,4,,MR1H,MR1H,WILSWMR2H,WILSWMR2H,2026-02-25 00:00:00,2026-02-25 00:00:00,2026-04-02 12:57:00
833434,4,,MR1L,MR1L,WILSWMR2L,WILSWMR2L,2026-02-25 00:00:00,2026-02-25 00:00:00,2026-04-02 12:57:00
846315,4,,XFRMOBILE,XFRMOBILE,FERISXFRM,FERISXFRM,2025-12-03 18:01:00,2025-12-03 18:01:00,2026-04-01 17:59:00
836689,4,,MR2T,MR2T,WILSWMR1T,15060EOLDTEID,2026-02-25 00:00:00,2026-02-25 00:00:00,2026-04-01 14:00:00
847722,4,,T4_J41,T4J41,J4T41,J4T41,2025-12-03 00:00:00,2025-12-03 00:00:00,2025-12-18 14:48:00
848765,4,,138_VER_MNL1,138VERMNL1,138MNLVRT1,138MNLVRT1,2025-12-10 00:00:00,2025-12-10 00:00:00,2025-12-16 14:14:00
747861,4,,1261_E,1261E,1267A,1267A,2025-04-02 00:00:00,2025-04-02 00:00:00,2025-12-12 15:05:00
846315,4,,XFRMOBILE,XFRMOBILE,FERISXFRM,FERISXFRM,2025-12-03 00:00:00,2025-12-03 00:00:00,2025-12-03 17:30:00
441993,4,,AUTO-1102-2,AUTO11022,WLD138LDXF,WLD138LDXF,2025-10-04 22:00:00,,
441993,4,,AUTO-1102-2,AUTO11022,WLD138LDXF,WLD138LDXF,2025-10-06 22:00:00,,
441993,4,,AUTO-1102-2,AUTO11022,WLD138LDXF,WLD138LDXF,2025-09-30 22:00:00,,
441993,4,,AUTO-1102-2,AUTO11022,WLD138LDXF,WLD138LDXF,2025-10-05 22:00:00,,
441993,4,,AUTO-1102-2,AUTO11022,WLD138LDXF,WLD138LDXF,2025-10-07 22:00:00,,
441993,4,,AUTO-1102-2,AUTO11022,WLD138LDXF,WLD138LDXF,2025-10-03 22:00:00,,
441993,4,,AUTO-1102-2,AUTO11022,WLD138LDXF,WLD138LDXF,2025-10-02 22:00:00,,
441993,4,,AUTO-1102-2,AUTO11022,WLD138LDXF,WLD138LDXF,2025-10-01 22:00:00,,
441993,4,,AUTO-1102-2,AUTO11022,WLD138LDXF,WLD138LDXF,2025-09-24 22:00:00,,
441993,4,,AUTO-1102-2,AUTO11022,WLD138LDXF,WLD138LDXF,2025-09-29 22:00:00,,
441993,4,,AUTO-1102-2,AUTO11022,WLD138LDXF,WLD138LDXF,2025-09-25 22:00:00,,
441993,4,,AUTO-1102-2,AUTO11022,WLD138LDXF,WLD138LDXF,2025-09-27 22:00:00,,
441993,4,,AUTO-1102-2,AUTO11022,WLD138LDXF,WLD138LDXF,2025-09-23 22:00:00,,
441993,4,,AUTO-1102-2,AUTO11022,WLD138LDXF,WLD138LDXF,2025-09-26 22:00:00,,
441993,4,,AUTO-1102-2,AUTO11022,WLD138LDXF,WLD138LDXF,2025-09-28 22:00:00,,
441993,4,,AUTO-1102-2,AUTO11022,WLD138LDXF,WLD138LDXF,2025-09-22 22:00:00,,
441993,4,,AUTO-1102-2,AUTO11022,WLD138LDXF,WLD138LDXF,2025-09-21 22:00:00,,
441993,4,,AUTO-1102-2,AUTO11022,WLD138LDXF,WLD138LDXF,2025-09-20 22:00:00,,
441993,4,,AUTO-1102-2,AUTO11022,WLD138LDXF,WLD138LDXF,2025-09-19 22:00:00,,
764610,4,,69AH,69AH,NUECESBXF1H,NUECESBXF1H,2025-05-01 00:00:00,2025-05-01 00:00:00,2025-05-16 13:46:00
764611,4,,69AL,69AL,NUECESBXF1L,NUECESBXF1L,2025-05-01 00:00:00,2025-05-01 00:00:00,2025-05-16 13:46:00
741342,4,,52-U24B,52U24B,1717A,1717,2025-02-05 00:00:00,2025-02-05 00:00:00,
741350,4,,552-2,5522,1840C,1840C,2025-02-05 00:00:00,2025-02-05 00:00:00,
715048,4,,SCHOTT_SUNIL11,SCHOTTSUNIL11,SCHOTTSUNNIL11,SCHOTTSUNNIL11,2024-10-02 00:01:00,2024-10-02 00:01:00,2024-12-03 18:00:00
726797,4,,6136_Z,6136Z,6136A,6136A,2024-11-01 00:00:00,2024-11-01 00:00:00,2024-11-15 18:00:00
654388,4,,14040_I,14040I,14045B,14045B,2024-07-11 11:01:00,2024-07-11 11:01:00,2024-10-14 15:15:00
706819,4,,66_WNK_WBL1,66WNKWBL1,69WNKWBL1,69WNKWBL,2024-07-03 00:00:00,2024-07-03 00:00:00,2024-10-11 17:00:00
719757,4,,R4_S1A1,R4S1A1,R4S11,R4S11,2024-10-02 00:00:00,2024-10-02 00:00:00,2024-10-10 13:32:00
714955,4,,6360_H,6360H,6385A,6385A,2024-10-02 00:00:00,2024-10-02 00:00:00,2024-10-04 12:25:00
702593,4,,16030_C,16030C,14060G,14060G,2024-06-05 00:00:00,2024-06-05 00:00:00,2024-09-30 20:10:00
702594,4,,16035_B,16035B,14061G,14061G,2024-06-05 00:00:00,2024-06-05 00:00:00,2024-09-30 20:10:00
664629,4,,PT3H,PT3H,PHOKT03,PHOKT03,2024-07-12 17:01:00,2024-07-12 17:01:00,
664623,4,,PT1H,PT1H,PHOKT01,PHOKT01,2024-07-12 17:01:00,2024-07-12 17:01:00,
664629,4,,PT3H,PT3H,PHOKT03,PHOKT03,2024-06-07 21:48:00,2024-06-07 21:48:00,2024-07-12 17:00:00
664623,4,,PT1H,PT1H,PHOKT01,PHOKT01,2024-06-07 21:48:00,2024-06-07 21:48:00,2024-07-12 17:00:00
654388,4,,14040_I,14040I,14045B,14045B,2023-10-04 00:00:00,2023-10-04 00:00:00,2024-07-11 11:00:00
664626,4,,PT2H,PT2H,PHOKT02,PHOKT02,2024-06-07 21:48:00,2024-06-07 21:48:00,2024-06-07 21:49:00
664629,4,,PT3H,PT3H,PHOKT03,PHOKT03,2024-03-20 17:01:00,2024-03-20 17:01:00,2024-06-07 17:00:00
664626,4,,PT2H,PT2H,PHOKT02,PHOKT02,2024-03-20 17:01:00,2024-03-20 17:01:00,2024-06-07 17:00:00
664623,4,,PT1H,PT1H,PHOKT01,PHOKT01,2024-03-20 17:01:00,2024-03-20 17:01:00,2024-06-07 17:00:00
698927,4,,GIRVTP_TIERR1,GIRVTPTIERR1,GIRVSWTIERR1,GIRVSWTIERR1,2024-05-01 00:01:00,2024-05-01 00:01:00,2024-05-01 17:01:00
681223,4,,D5_S1A1,D5S1A1,D5S11,D5S11,2024-04-03 00:00:00,2024-04-03 00:00:00,2024-05-02 13:38:00
664623,4,,PT1H,PT1H,PHOKT01,PHOKT01,2023-12-01 00:00:00,2023-12-01 00:00:00,2024-03-20 17:00:00
664626,4,,PT2H,PT2H,PHOKT02,PHOKT02,2023-12-01 00:00:00,2023-12-01 00:00:00,2024-03-20 17:00:00
664629,4,,PT3H,PT3H,PHOKT03,PHOKT03,2023-12-01 00:00:00,2023-12-01 00:00:00,2024-03-20 17:00:00
657636,4,,1705_A,1705A,1805A,1805A,2023-10-25 00:00:00,2023-10-25 00:00:00,2023-12-13 16:36:00
676420,4,,T021,T021,RAILROADTR4,RAILROADRRD5TR4,2023-12-01 08:33:00,2023-12-01 08:33:00,2023-12-01 15:44:00
676419,4,,T012,T012,RAILROADTR3,RAILROADRRD5TR3,2023-12-01 08:33:00,2023-12-01 08:33:00,2023-12-01 15:44:00
676421,4,,T022,T022,RAILROADTR5,RAILROADRRD5TR5,2023-12-01 08:33:00,2023-12-01 08:33:00,2023-12-01 15:44:00
676418,4,,T011,T011,RAILROADTR2,RAILROADRRD5TR2,2023-12-01 08:33:00,2023-12-01 08:33:00,2023-12-01 15:44:00
626863,4,,MRH1,MRH1,EXPSWMR1H,EXPSWMR1H,2023-05-03 00:00:00,2023-05-03 00:00:00,2023-11-30 16:50:00
647463,4,,XF1L,XF1L,BROOKHOLXF3L,BROOKHOL1691H,2023-06-30 18:01:00,2023-06-30 18:01:00,2023-06-30 18:02:00
647462,4,,XF1H,XF1H,BROOKHOLXF3H,BROOKHOL11381H,2023-06-30 18:01:00,2023-06-30 18:01:00,2023-06-30 18:02:00
647462,4,,XF1H,XF1H,BROOKHOLXF3H,BROOKHOL11381H,2023-06-22 05:30:00,2023-06-22 05:30:00,2023-06-30 18:00:00
647463,4,,XF1L,XF1L,BROOKHOLXF3L,BROOKHOL1691H,2023-06-22 05:30:00,2023-06-22 05:30:00,2023-06-30 18:00:00
626863,4,,MRH1,MRH1,EXPSWMR1H,EXPSWMR1H,2023-05-03 00:00:00,2023-05-03 00:00:00,2023-06-30 20:00:00
647462,4,,XF1H,XF1H,BROOKHOLXF3H,BROOKHOL11381H,2023-06-21 00:00:00,2023-06-21 00:00:00,2023-06-22 05:29:00
647463,4,,XF1L,XF1L,BROOKHOLXF3L,BROOKHOL1691H,2023-06-21 00:00:00,2023-06-21 00:00:00,2023-06-22 05:29:00
619802,4,,HLJDAN01A,HLJDAN01A,DANHLJ01A,DANHLJ01,2023-03-16 17:01:00,2023-03-16 17:01:00,2023-03-22 17:00:00
613864,4,,LOC_HK_NODE1,LOCHKNODE1,LOCHKGIS1,LOCHKGIS,2023-02-01 00:00:00,2023-02-01 00:00:00,2023-03-17 11:00:00
619802,4,,HLJDAN01A,HLJDAN01A,DANHLJ01A,DANHLJ01,2023-02-01 00:00:00,2023-02-01 00:00:00,2023-03-16 17:00:00
531749,4,,ATHEY_ELLENB11,ATHEYELLENB11,ATHEYGOMEZT11,ATHEYGOMEZT1,2022-10-20 20:01:00,2022-10-20 20:01:00,2023-03-02 16:00:00
599380,4,,69_LWT_BKY1,69LWTBKY1,69LWHBKY1,69LWHBKY,2022-11-02 00:00:00,2022-11-02 00:00:00,2022-12-21 17:24:00
598591,4,,RDW_HK_NODE1,RDWHKNODE1,RDWHKGIS1,RDWHKGIS,2022-11-02 00:00:00,2022-11-02 00:00:00,2022-12-20 13:10:00
598590,4,,BB_HK_NODE1,BBHKNODE1,BBHKGIS1,BBHKGIS,2022-11-02 00:00:00,2022-11-02 00:00:00,2022-12-20 13:10:00
531749,4,,ATHEY_ELLENB11,ATHEYELLENB11,ATHEYGOMEZT11,ATHEYGOMEZT1,2021-11-03 00:00:00,2021-11-03 00:00:00,2022-10-20 20:00:00
568409,4,,I_DUPS_RESNIK22,IDUPSRESNIK22,IDUPSRESNIK33,IDUPSRESNIK3,2022-10-18 19:01:00,2022-10-18 19:01:00,2022-10-18 20:59:00
568409,4,,I_DUPS_RESNIK22,IDUPSRESNIK22,IDUPSRESNIK33,IDUPSRESNIK3,2022-05-04 00:00:00,2022-05-04 00:00:00,2022-10-18 19:00:00
583209,4,,XFH1,XFH1,WHITEPTXF2H,WHITEPT34511H,2022-10-05 00:00:00,2022-10-05 00:00:00,2022-10-05 00:01:00
583210,4,,XFL1,XFL1,WHITEPTXF2L,WHITEPT13811H,2022-10-05 00:00:00,2022-10-05 00:00:00,2022-10-05 00:01:00
577862,4,,T2,T2,FALFURT1,FALFURT1,2022-07-01 00:00:00,2022-07-01 00:00:00,2022-09-12 08:00:00
555249,4,,T1,T1,HILONEBHILO,HILONEBHILO,2022-02-02 00:00:00,2022-02-02 00:00:00,2022-05-20 07:56:00
566537,4,,567_Z,567Z,567C,567C,2022-05-04 00:00:00,2022-05-04 00:00:00,2022-05-06 14:53:00
445748,4,,6132_B,6132B,6129B,6129B,2021-05-05 17:06:00,2021-05-05 17:06:00,2022-05-05 17:00:00
552333,4,,CIS_BSS1,CISBSS1,CKT31371,CKT31371,2022-03-01 09:56:00,2022-03-01 09:56:00,2022-04-15 17:00:00
537561,4,,T1,T1,QUEENBAROAD,QUEENBAROAD,2022-02-25 17:01:00,2022-02-25 17:01:00,2022-03-03 13:58:00
537561,4,,T1,T1,QUEENBAROAD,QUEENBAROAD,2022-02-14 17:01:00,2022-02-14 17:01:00,2022-02-25 17:00:00
552333,4,,CIS_BSS1,CISBSS1,CKT31371,CKT31371,2022-01-05 00:00:00,2022-01-05 00:00:00,2022-02-28 17:00:00
537561,4,,T1,T1,QUEENBAROAD,QUEENBAROAD,2021-12-01 00:00:00,2021-12-01 00:00:00,2022-02-14 17:00:00
432599,4,,432T4411,432T4411,723T7641,723T764,2021-04-22 08:00:00,2021-04-22 08:00:00,2021-12-30 10:30:00
533373,4,,CTL2,CTL2,MCCREECT2L,MCCREECT2L,2021-12-01 00:01:00,2021-12-01 00:01:00,2021-12-10 13:39:00
514075,4,,ELLENB_FTSW11,ELLENBFTSW11,FTSWGOMEZT11,FTSWGOMEZT1,2021-06-09 00:00:00,2021-06-09 00:00:00,2021-12-01 16:00:00
508684,4,,NAT1,NAT1,GYPGYP1,GYPGYP12,2021-06-08 00:00:00,2021-06-08 00:00:00,2021-09-28 10:36:00
498194,4,,ENCPHR911,ENCPHR911,ENCPHR91A,ENCPHR91A,2021-04-21 00:00:00,2021-04-21 00:00:00,2021-05-12 11:16:00
498193,4,,ED_ENC911,EDENC911,EDENC91A,EDENC91A,2021-04-21 00:00:00,2021-04-21 00:00:00,2021-05-12 11:16:00
445748,4,,6132_B,6132B,6129B,6129B,2020-08-05 00:00:00,2020-08-05 00:00:00,2021-05-05 17:05:00
432599,4,,432T4411,432T4411,723T7641,723T764,2020-11-02 08:36:00,2020-11-02 08:36:00,2021-04-21 10:30:00
498336,4,,HK_WL_651,HKWL651,HKWL65A,HKWL65A,2021-04-01 00:00:00,2021-04-01 00:00:00,2021-04-01 00:01:00
458244,4,,885_A,885A,890H,890H,2020-10-21 00:00:00,2020-10-21 00:00:00,2021-02-05 17:17:00
458245,4,,895_A,895A,885A,885A,2020-10-21 00:00:00,2020-10-21 00:00:00,2021-02-05 17:17:00
424103,4,,6495_J,6495J,6402A,6402A,2020-12-22 21:34:00,2020-12-22 21:34:00,2021-01-21 13:34:00
465131,4,,M_69_F12,M69F12,M69F11,M69F11,2021-01-18 16:01:00,2021-01-18 16:01:00,2021-01-19 18:30:00
465131,4,,M_69_F12,M69F12,M69F11,M69F11,2020-11-04 00:00:00,2020-11-04 00:00:00,2021-01-18 16:00:00
467378,4,,ANSON1_TLINE1,ANSON1TLINE1,ANSONPHNTM1A1,ANSONPHNTM1A,2020-10-07 00:00:00,2020-10-07 00:00:00,2020-12-08 12:34:00
424103,4,,6495_J,6495J,6402A,6402A,2020-02-12 00:00:00,2020-02-12 00:00:00,2020-12-22 18:00:00
437166,4,,890_J,890J,885C,885C,2020-05-06 00:00:00,2020-05-06 00:00:00,2020-12-09 13:32:00
3316,4,,PATN_RC_TALTY1,PATNRCTALTY1,RSHILRCTALTY1,RSHILRCTALTY1,2020-12-07 09:00:00,2020-12-07 09:00:00,2020-12-16 10:23:00
467788,4,,6620_Z,6620Z,6620D,6620D,2020-12-02 00:00:00,2020-12-02 00:00:00,2020-12-15 15:00:00
432599,4,,432T4411,432T4411,723T7641,723T764,2020-04-21 10:43:00,2020-04-21 10:43:00,2020-10-31 00:00:00
453514,4,,NEVILLTP_GRSWD1,NEVILLTPGRSWD1,GIRVINGRSWD1,GIRVINGRSWD,2020-08-05 00:01:00,2020-08-05 00:01:00,2020-09-23 11:24:00
426680,4,,NEVILL_NEVILTP1,NEVILLNEVILTP1,GIRVINNEVIL1,GIRVINNEVIL,2020-06-03 00:01:00,2020-06-03 00:01:00,2020-09-23 11:24:00
442273,4,,SKYLINEAUTO1,SKYLINEAUTO1,SKYLINEMR1,SKYLINEMR1H,2020-06-17 00:00:00,2020-06-17 00:00:00,2020-06-30 12:52:00
441993,4,,AUTO-1102-2,AUTO11022,WLD138LDXF,WLD138LDXF,2020-05-06 00:00:00,2020-05-06 00:00:00,
432758,4,,451T4511,451T4511,451T7191,451T7191,2020-03-04 16:00:00,2020-03-04 16:00:00,2020-04-15 12:13:00
422922,4,,6535_F,6535F,6530B,6530B,2020-03-18 00:00:00,2020-03-18 00:00:00,2020-03-18 00:01:00
432599,4,,432T4411,432T4411,723T7641,723T764,2020-02-28 10:17:00,2020-02-28 10:17:00,2020-02-28 11:23:00
432599,4,,432T4411,432T4411,723T7641,723T764,2020-02-26 00:00:00,2020-02-26 00:00:00,2020-02-28 10:15:00
347844,4,,SU_XF_VEALMOOR34507TR1_ST,SUXFVEALMOOR34507TR1ST,VEALMOOR7TR1,VEALMOORVLMTR1H,2019-12-19 15:01:00,2019-12-19 15:01:00,2020-02-21 18:30:00
347844,4,,SU_XF_VEALMOOR34507TR1_ST,SUXFVEALMOOR34507TR1ST,VEALMOOR7TR1,VEALMOORVLMTR1H,2019-05-15 12:01:00,2019-05-15 12:01:00,2019-12-19 15:00:00
405328,4,,6149_F,6149F,6245A,6245A,2019-08-14 00:00:00,2019-08-14 00:00:00,2019-12-12 18:00:00
412584,4,,KINGTAP_QUEEN1,KINGTAPQUEEN1,KINGSWQUEEN1,KINGSWQUEEN1,2019-09-05 00:01:00,2019-09-05 00:01:00,2019-11-26 11:30:00
404343,4,,1520_H,1520H,1525A,1525A,2019-08-07 00:00:00,2019-08-07 00:00:00,2019-11-26 11:42:00
413808,4,,6142_H,6142H,5142B,5142B,2019-11-06 00:00:00,2019-11-06 00:00:00,2019-11-06 00:01:00
373506,4,,138_BLT_FAL1,138BLTFAL1,138BLTFLK1,138BLTFLK1,2018-12-05 00:00:00,2018-12-05 00:00:00,2019-10-03 14:25:00
399344,4,,IHS2 STATCOMM TRF,IHS2STATCOMMTRF,IH20IHS2,IH20IHS2HISIDE,2019-08-06 11:44:00,2019-08-06 11:44:00,2019-08-23 16:04:00
399343,4,,IHS1 STATCOMM TRF,IHS1STATCOMMTRF,IH20IHS1,IH20IHS1HISIDE,2019-08-06 11:44:00,2019-08-06 11:44:00,2019-08-23 16:04:00
399343,4,,IHS1 STATCOMM TRF,IHS1STATCOMMTRF,IH20IHS1,IH20IHS1HISIDE,2019-06-26 00:00:00,2019-06-26 00:00:00,2019-08-05 19:00:00
399344,4,,IHS2 STATCOMM TRF,IHS2STATCOMMTRF,IH20IHS2,IH20IHS2HISIDE,2019-06-26 00:00:00,2019-06-26 00:00:00,2019-08-05 19:00:00
408413,4,,6511_F,6511F,6590A,6590A,2019-06-12 00:00:00,2019-06-12 00:00:00,2019-06-12 00:01:00
353596,4,,QN-WS_RCWS,QNWSRCWS,MGQNRCQN,MGQNRC,2018-06-01 00:01:00,2018-06-01 00:01:00,2019-05-31 17:00:00
379937,4,,AT1T,AT1T,ALTAIRAT2T,ALTAIRAT2TH,2019-03-06 00:00:00,2019-03-06 00:00:00,2019-05-30 12:00:00
347844,4,,SU_XF_VEALMOOR34507TR1_ST,SUXFVEALMOOR34507TR1ST,VEALMOOR7TR1,VEALMOORVLMTR1H,2019-05-06 17:00:00,2019-05-06 17:00:00,2019-05-15 12:00:00
380481,4,,THRP_FRDTAP1,THRPFRDTAP1,THRPFRD1,THRPFRD1,2019-03-27 00:00:00,2019-03-27 00:00:00,2019-05-09 09:01:00
345422,4,,389T3891,389T3891,398T3891,398T3891,2018-06-01 00:00:00,2018-06-01 00:00:00,2018-06-05 12:29:00
94590,4,,907T214631,907T214631,TUNACRSIRIUS1,TUNACRSIRIUS1,2016-05-11 16:01:00,2016-05-11 16:01:00,2016-05-20 13:31:00
329182,4,,MR2H,MR2H,TCOSWAX1H,TCOSWAXFMR1HH,2017-05-31 16:40:00,2017-05-31 16:40:00,2017-06-20 18:00:00
329307,4,,MR2L,MR2L,TCOSWAX1L,TCOSWAXFMR1LH,2017-05-31 16:40:00,2017-05-31 16:40:00,2017-06-20 18:00:00
364643,4,,202T2641,202T2641,202T7541,202T7541,2018-10-10 00:00:00,2018-10-10 00:00:00,2018-11-02 12:26:00
320953,4,,PS1,PS1,NSHARPEPS3,NSHARPE138PS3B,2016-12-01 00:00:00,2016-12-01 00:00:00,2017-09-28 11:30:00
317479,9,,PS0,PS0,6520G,6520G,2017-02-28 08:18:00,2017-02-28 08:18:00,2017-03-28 23:59:00
155529,4,,PS2,PS2,780E,780E,2015-10-14 00:00:00,2015-10-14 00:00:00,2016-01-06 17:31:00
358310,4,,G138_8B2,G1388B2,G1388B1,G1388B1,2018-06-01 00:00:00,2018-06-01 00:00:00,2018-12-17 11:53:00
319007,4,,Power Transformer AT6H,POWERTRANSFORMERAT6H,DOWAT6H,DOWAT6HH,2016-11-09 00:00:00,,
319008,4,,Power Transformer AT6,POWERTRANSFORMERAT6,DOWAT6,DOWAT6H,2016-11-09 00:00:00,,
323259,4,,MTP-2,MTP2,SANTACRUMPT2,SANTACRUMPT2,2017-04-05 00:00:00,2017-04-05 00:00:00,2017-06-30 18:10:00
58390,4,,A1,A1,LOBOA3,LOBO3345138H,2016-03-01 00:00:00,2016-03-01 00:00:00,2017-02-28 16:56:00
113629,9,,1804,1804,MDOAT2,MDOAT2H,2016-11-20 16:01:00,2016-11-20 16:01:00,2016-12-30 17:00:00
113629,9,,1804,1804,MDOAT2,MDOAT2H,2016-12-30 17:01:00,2016-12-30 17:01:00,2017-01-10 23:59:00
97782,4,,J101,J101,633T6331,633T6331,2015-04-22 00:00:00,2015-04-22 00:00:00,2015-04-24 17:00:00
238285,4,,ELECTRAW_TLINE1,ELECTRAWTLINE1,DIGBYTLINE1,DIGBYTLINE1,2016-10-03 17:01:00,2016-10-03 17:01:00,2016-10-04 14:15:00
183643,4,,JS04,JS04,24T1381,24T1381,2016-01-19 17:00:00,2016-01-19 17:00:00,2016-02-10 07:20:00
16629,4,,REAC_R3,REACR3,ESMERAFRIEND11,ESMERAFRIEND11,2015-10-16 17:01:00,2015-10-16 17:01:00,2015-11-20 17:00:00
317479,9,,PS0,PS0,6520G,6520G,2017-02-02 08:00:00,2017-02-02 07:30:00,2017-02-24 17:00:00
329307,4,,MR2L,MR2L,TCOSWAX1L,TCOSWAXFMR1LH,2017-05-17 00:00:00,2017-05-17 00:00:00,2017-05-31 16:39:00
366035,4,,STL_T1,STLT1,STELLAT1,STELLAT1,2018-09-06 00:00:00,2018-09-06 00:00:00,2018-09-28 16:00:00
347844,4,,SU_XF_VEALMOOR34507TR1_ST,SUXFVEALMOOR34507TR1ST,VEALMOOR7TR1,VEALMOORVLMTR1H,2018-06-01 00:00:00,2018-06-01 00:00:00,2018-06-02 08:20:00
58390,4,,A1,A1,LOBOA3,LOBO3345138H,2017-02-28 17:01:00,2017-02-28 16:57:00,2017-07-03 11:24:00
185126,9,,DELETE,DELETE,DERMOTTTLINE1,DERMOTTTLINE1,2017-02-07 23:58:00,2017-02-07 23:58:00,2017-02-07 23:59:00
317479,4,,PS0,PS0,6520G,6520G,2016-10-05 00:00:00,2016-10-05 00:00:00,2017-02-02 07:31:00
358589,4,,PLM7TR2,PLM7TR2,PALMITO7TR2,PALMITO7TR2H,2018-11-02 08:01:00,2018-11-02 08:01:00,2018-11-02 20:00:00
334189,4,,TCN7TR2,TCN7TR2,TULECNYN7TR2,TULECNYN345,2018-01-15 00:01:00,2018-01-15 00:01:00,2018-03-09 13:57:00
113629,9,,1804,1804,MDOAT2,MDOAT2H,2016-11-10 13:45:00,2016-11-10 13:45:00,2016-11-11 06:59:00
273822,4,,GSU-AET902,GSUAET902,AEECA902,AEECA902,2016-08-15 00:01:00,2016-08-15 00:01:00,2016-08-29 23:59:00
273970,4,,GSU-AET903,GSUAET903,AEECA903,AEECA903,2016-08-15 00:01:00,2016-08-15 00:01:00,2016-08-29 23:59:00
121320,9,,J330X,J330X,CAMWINDTL1,CAMWINDTL1,2015-03-31 17:01:00,2015-03-31 17:01:00,2015-05-18 11:59:00
327203,4,,DOCTPA021,DOCTPA021,DOCTAP021,DOCTAP021,2017-03-08 12:39:00,2017-03-08 12:39:00,2017-03-21 17:00:00
183643,4,,JS04,JS04,24T1381,24T1381,2016-02-25 13:00:00,2016-02-25 13:00:00,2016-05-05 00:01:00
16629,4,,REAC_R3,REACR3,ESMERAFRIEND11,ESMERAFRIEND11,2015-11-20 17:01:00,2015-11-20 17:01:00,2015-12-01 16:24:00
11498,4,,Power Transformer MPT,POWERTRANSFORMERMPT,TYLRWINDMPT,TYLRWINDMPT,2016-09-01 00:00:00,,
335097,4,,BBREEZE_BRU_T1,BBREEZEBRUT1,BBREEZET1,BBREEZET1,2017-09-06 00:00:00,2017-09-06 00:00:00,2017-10-06 16:00:00
335098,4,,BBREEZE_BRU_T2,BBREEZEBRUT2,BBREEZET2,BBREEZET2,2017-09-06 00:00:00,2017-09-06 00:00:00,2017-10-06 16:00:00
76988,4,,Power Transformer,POWERTRANSFORMER,TWINBUAT2H,TWINBUAT2HH,2016-08-24 00:00:00,,
360927,4,,WICKETT 138/69KV AUTO TNP,WICKETT13869KVAUTOTNP,WICKETTWAT1,WICKETTWKTWAT1HI,2018-06-13 00:00:00,2018-06-13 00:00:00,2018-07-13 21:39:00
323379,4,,6150_V,6150V,1535B,1535B,2016-12-14 00:00:00,2016-12-14 00:00:00,2016-12-14 00:01:00
335098,4,,BBREEZE_BRU_T2,BBREEZEBRUT2,BBREEZET2,BBREEZET2,2017-10-06 16:01:00,2017-10-06 16:01:00,2017-10-19 15:00:00
335097,4,,BBREEZE_BRU_T1,BBREEZEBRUT1,BBREEZET1,BBREEZET1,2017-10-06 16:01:00,2017-10-06 16:01:00,2017-10-19 15:00:00
185333,4,,PS27,PS27,138SDSEPS1,138SDSEPS1,2016-11-01 00:00:00,2016-11-01 00:00:00,2016-11-29 17:38:00
183643,4,,JS04,JS04,24T1381,24T1381,2015-11-18 00:00:00,2015-11-18 00:00:00,2015-11-18 00:01:00
16629,4,,REAC_R3,REACR3,ESMERAFRIEND11,ESMERAFRIEND11,2015-10-07 00:00:00,2015-10-07 00:00:00,2015-10-16 17:00:00
89299,4,,SST1,SST1,SSPURTWOS3T1,SSPURTWOS3T1,2015-04-01 00:00:00,2015-04-01 00:00:00,2015-04-21 11:22:00
89306,4,,SST2,SST2,SSPURTWOS3T2,SSPURTWOS3T2,2015-04-01 00:00:00,2015-04-01 00:00:00,2015-04-21 11:22:00
359136,4,,565_N,565N,567F,567F,2018-05-02 00:00:00,2018-05-02 00:00:00,2018-05-02 00:01:00
325253,4,,138_69A1L,13869A1L,LARDSTATLSTM,LARDSTATLSTM,2017-04-19 00:00:00,2017-04-19 00:00:00,2017-07-27 08:30:00
238285,4,,ELECTRAW_TLINE1,ELECTRAWTLINE1,DIGBYTLINE1,DIGBYTLINE1,2016-09-01 00:00:00,2016-09-01 00:00:00,2016-10-03 17:00:00
198761,9,,4062,4062,ESMERAWOLFBE11,ESMERAWOLFBE11,2016-06-18 18:01:00,2016-06-18 18:04:00,2016-10-04 23:59:00
334189,4,,TCN7TR2,TCN7TR2,TULECNYN7TR2,TULECNYN345,2017-11-01 00:00:00,2017-11-01 00:00:00,2017-11-13 12:02:00
358589,4,,PLM7TR2,PLM7TR2,PALMITO7TR2,PALMITO7TR2H,2018-05-16 00:00:00,2018-05-16 00:00:00,2018-10-31 19:00:00
113629,9,,1804,1804,MDOAT2,MDOAT2H,2016-11-11 18:01:00,2016-11-11 18:01:00,2016-11-20 06:59:00
352312,4,,G138_172,G138172,G138171,G138171,2018-05-08 19:01:00,2018-05-08 19:01:00,2018-05-14 16:44:00
330408,4,,Power Transformer,POWERTRANSFORMER,MASOCTAT3,MASOCTAT3H,2017-09-06 00:00:00,2017-09-06 00:00:00,2017-10-24 18:00:00
94590,4,,907T214631,907T214631,TUNACRSIRIUS1,TUNACRSIRIUS1,2016-03-16 00:00:00,2016-03-16 00:00:00,2016-05-11 16:00:00
113628,9,,CB_1814,CB1814,MDOAT2H,MDOAT2HH,2016-11-10 13:50:00,2016-11-10 13:50:00,2016-12-16 12:57:00
175279,4,,GAUSS_PANADT11,GAUSSPANADT11,GAUSSSMOKYH11,GAUSSSMOKYH11,2016-08-10 00:00:00,,
113628,9,,CB_1814,CB1814,MDOAT2H,MDOAT2HH,2016-12-30 13:51:00,2016-12-30 13:51:00,2017-01-10 23:59:00
327202,4,,DOCTPB021,DOCTPB021,DOCTAP361,DOCTAP361,2017-03-08 00:01:00,2017-03-08 00:01:00,2017-03-08 16:55:00
327201,4,,BSTBST021,BSTBST021,DOCDOC361,DOCDOC361,2017-03-08 00:01:00,2017-03-08 00:01:00,2017-03-08 16:55:00
330408,4,,Power Transformer,POWERTRANSFORMER,MASOCTAT3,MASOCTAT3H,2017-10-24 18:01:00,2017-10-24 18:01:00,2017-10-25 18:00:00
352312,4,,G138_172,G138172,G138171,G138171,2018-04-18 00:00:00,2018-04-18 00:00:00,2018-05-08 19:00:00
274394,4,,EHA-XF-0001,EHAXF0001,AEEC0003,AEEC0003,2016-08-15 00:01:00,2016-08-15 00:01:00,2016-08-30 23:59:00
333517,4,,ROCKSP_ROPEC1,ROCKSPROPEC1,ROCKSPROCKSP11,ROCKSPROCKSP11,2017-08-09 00:00:00,,
274394,4,,EHA-XF-0001,EHAXF0001,AEEC0003,AEEC0003,2016-08-31 00:00:00,2016-08-31 00:00:00,2016-08-31 11:46:00
198761,9,,4062,4062,ESMERAWOLFBE11,ESMERAWOLFBE11,2016-06-14 13:19:00,2016-06-14 13:19:00,2016-06-18 18:00:00
196470,9,,W311,W311,WAKEWET2,WAKEWET2H,2015-04-22 00:00:00,2015-04-22 00:00:00,2015-10-13 23:59:00
330408,4,,Power Transformer,POWERTRANSFORMER,MASOCTAT3,MASOCTAT3H,2017-10-25 18:01:00,2017-10-25 18:01:00,2017-10-26 08:41:00
366035,4,,STL_T1,STLT1,STELLAT1,STELLAT1,2018-09-28 16:01:00,2018-09-28 16:01:00,2018-10-12 17:51:00
325580,4,,DSW_21051,DSW21051,CHENIEHECKER21,CHENIEHECKER21,2017-05-24 00:00:00,,
325569,4,,CB_21050,CB21050,CHENIEHECKER11,CHENIEHECKER11,2017-05-24 00:00:00,,
334189,4,,TCN7TR2,TCN7TR2,TULECNYN7TR2,TULECNYN345,2017-11-13 12:03:00,2017-11-13 12:03:00,2018-01-15 00:00:00
89299,4,,SST1,SST1,SSPURTWOS3T1,SSPURTWOS3T1,2015-06-27 00:00:00,2015-06-27 00:00:00,2015-07-28 10:44:00
89306,4,,SST2,SST2,SSPURTWOS3T2,SSPURTWOS3T2,2015-06-27 00:00:00,2015-06-27 00:00:00,2015-07-28 10:44:00
124041,4,,Power Transformer T2,POWERTRANSFORMERT2,SALTFORKT2,SALTFORKT2H,2016-09-01 00:00:00,,
123345,4,,Power Transformer T1,POWERTRANSFORMERT1,SALTFORKT1,SALTFORKT1H,2016-09-01 00:00:00,,
347844,4,,SU_XF_VEALMOOR34507TR1_ST,SUXFVEALMOOR34507TR1ST,VEALMOOR7TR1,VEALMOORVLMTR1H,2018-06-02 08:27:00,2018-06-02 08:27:00,2018-06-05 08:30:00
207211,9,,OLD1303_SW,OLD1303SW,700E,700E,2015-10-02 16:01:00,2015-10-02 15:23:00,2015-11-24 23:59:00
364660,4,,6575_I,6575I,6575A,6575A,2018-08-01 00:00:00,2018-07-31 23:41:00,2018-07-31 23:42:00
318929,4,,Power Transformer TR2,POWERTRANSFORMERTR2,SIRIUSTR2,SIRIUSTR2,2016-09-01 00:00:00,,
206317,9,,3042,3042,ABERNAWHITRVR1,ABERNAWHITRVR1,2015-01-27 23:58:00,2015-01-27 23:57:00,2015-01-27 23:59:00
347844,4,,SU_XF_VEALMOOR34507TR1_ST,SUXFVEALMOOR34507TR1ST,VEALMOOR7TR1,VEALMOORVLMTR1H,2018-06-05 08:31:00,2018-06-05 08:31:00,2018-12-31 19:00:00
27933,4,,Power Transformer AT1H,POWERTRANSFORMERAT1H,JORAT1H,JORAT1HH,2016-10-05 00:00:00,,
347844,4,,SU_XF_VEALMOOR34507TR1_ST,SUXFVEALMOOR34507TR1ST,VEALMOOR7TR1,VEALMOORVLMTR1H,2019-01-02 13:41:00,2019-01-02 13:41:00,
316941,4,,Power Transformer BLST,POWERTRANSFORMERBLST,BOOTLEGBLST,BOOTLEGBLST,2016-09-01 00:00:00,,
274394,4,,EHA-XF-0001,EHAXF0001,AEEC0003,AEEC0003,2016-01-06 00:00:00,2016-01-06 00:00:00,2016-08-15 00:00:00
