teid,branch_id,branch_name,op_eqcode,device_type,from_name,to_name,ckt,other_branch_ids_sharing_teid,other_branch_names_sharing_teid
78,60005322,HIL_NWTH,HIL_NWTH_1,Line,HILLTOP8,NRTHWTHFRD,1,60008360,HIL_WTLK1
78,60008360,HIL_WTLK1,HIL_WTLK_1,Line,HILLTOP8,WTHFDLK,1,60005322,HIL_NWTH
123,60006326,NAVO_PNTHR,NAVO_PNTHR_1,Line,PNTHRCREEK,NAVO,1,60009428,PRVNTP_PNTHR1
123,60009428,PRVNTP_PNTHR1,PRVNTP_PNTHR_1,Line,PARVIN_TAP2,PNTHRCREEK,1,60006326,NAVO_PNTHR
267,60005633,KINGNW_KING_T2,KINGNW_KING_T2_1,Line,L_KINGMO8_1Y,KING_NW_1_8,1,60011027,KINGNW_KNGWTAP1
267,60011027,KINGNW_KNGWTAP1,KINGNW_KNGWTAP_1,Line,KING_NW_1_8,KING_NW_8,1,60005633,KINGNW_KING_T2
298,60003281,BETHL_FORE,BETHL_FORE_1,Line,BETHEL,FORRESTON,1,60008875,BETHL_BRDSW1
298,60008875,BETHL_BRDSW1,BETHL_BRDSW_1,Line,BARDWELL_9,BETHEL2,1,60003281,BETHL_FORE
361,60002215,6510_D,6510__D,Line,ODESSA1_8,LIQDAIR_8,1,60011482,6512_A
361,60011482,6512_A,6512__A,Line,ODESSA2_8,LIQAIRTP_8,1,60002215,6510_D
431,60003148,AZTECA_DUKE1,AZTECA_DUKE1_1,Line,AZTECA4,HEC4A,1,60009181,AZTECA_HEC11
431,60009181,AZTECA_HEC11,AZTECA_HEC1_1,Line,AZTECA4A,HEC4A,1,60003148,AZTECA_DUKE1
540,60003102,ASPM_PAIP1,ASPM_PAIP1_1,Line,ASPM4A,PAIP4A,1,60008426,ASPM_PAINTC11
540,60008426,ASPM_PAINTC11,ASPM_PAINTC1_1,Line,ASPM4A,PAINTCRE4A,1,60003102,ASPM_PAIP1
545,60002876,ABRL_WYLE1,ABRL_WYLE1_1,Line,ABRL4A,WYLE4A,1,60009058,REBECC_WYLE11
545,60009058,REBECC_WYLE11,REBECC_WYLE1_1,Line,REBECCA4A,WYLE4A,1,60002876,ABRL_WYLE1
547,60087067,SAPS_SASH11,SAPS_SASH1_1,Line,SAPS4B,SASH4A,1,60008077,SAPOWE_SOUTHL11
547,60008077,SAPOWE_SOUTHL11,SAPOWE_SOUTHL1_1,Line,SAPOWER4B,SOUTHLAN4A,1,60087067,SAPS_SASH11
551,60085555,PAULAN_SARC11,PAULAN_SARC1_1,Line,PAULANN4A,SARC4A,1,60006620,PAULAN_REDCRE11
551,60006620,PAULAN_REDCRE11,PAULAN_REDCRE1_1,Line,REDCREEK4A,PAULANN4A,1,60085555,PAULAN_SARC11
553,60007041,SACH_SASH1,SACH_SASH1_1,Line,SACH4A,SASH4A,1,60008075,SACH_SOUTHL11
553,60008075,SACH_SOUTHL11,SACH_SOUTHL1_1,Line,SOUTHLAN4A,SACH4A,1,60007041,SACH_SASH1
554,60006621,PAULAN_SANO1,PAULAN_SANO1_1,Line,PAULANN4A,SANO4A,1,60008430,PAULAN_SANORT11
554,60008430,PAULAN_SANORT11,PAULAN_SANORT1_1,Line,SANORTH4A,PAULANN4A,1,60006621,PAULAN_SANO1
560,60002879,ABSO_BLUF_C1,ABSO_BLUF_C1_1,Line,ABSO4A,BLF_CRK4C,1,60009065,BLUF_C_SOUTHA11
560,60009065,BLUF_C_SOUTHA11,BLUF_C_SOUTHA1_1,Line,BLF_CRK4A,SOUTHABI4A,1,60002879,ABSO_BLUF_C1
562,60079116,ABEA_ABMS11,ABEA_ABMS1_1,Line,ABEA4A,ABMS4A,1,60009071,ABEAST_MAPLES11
562,60009071,ABEAST_MAPLES11,ABEAST_MAPLES1_1,Line,MAPLESTR4A,ABEAST4A,1,60079116,ABEA_ABMS11
565,60085384,ORNT_SARC11,ORNT_SARC1_1,Line,ORNT4A,SARC4A,1,60006552,ORNT_REDCRE11
565,60006552,ORNT_REDCRE11,ORNT_REDCRE1_1,Line,ORNT4A,REDCREEK4A,1,60085384,ORNT_SARC11
566,60007050,SALD_SANO1,SALD_SANO1_1,Line,SANO4A,SALD4A,1,60008679,LAKEDR_SANORT11
566,60008679,LAKEDR_SANORT11,LAKEDR_SANORT1_1,Line,LAKEDRIV4A,SANORTH4A,1,60007050,SALD_SANO1
570,60003389,BLUFFS_SALD1,BLUFFS_SALD1_1,Line,SALD4A,SABLUFF4,1,60008680,BLUFFS_LAKEDR11
570,60008680,BLUFFS_LAKEDR11,BLUFFS_LAKEDR1_1,Line,SABLUFF4,LAKEDRIV4A,1,60003389,BLUFFS_SALD1
571,60083775,LCRANE_RIOP11,LCRANE_RIOP1_1,Line,,,1,60005772,LCRANE_RIOPEC11
571,60005772,LCRANE_RIOPEC11,LCRANE_RIOPEC1_1,Line,L_LCRANE8_1Y,RIOPECOS4A,1,60083775,LCRANE_RIOP11
591,60080056,BENF_SARC11,BENF_SARC1_1,Line,BENF4A,SARC4A,1,60008068,BENFIC_REDCRE11
591,60008068,BENFIC_REDCRE11,BENFIC_REDCRE1_1,Line,BENFICKL4A,REDCREEK4A,1,60080056,BENF_SARC11
596,60079159,ABMS_ABSO11,ABMS_ABSO1_1,Line,ABSO4A,ABMS4A,1,60009061,MAPLES_SOUTHA11
596,60009061,MAPLES_SOUTHA11,MAPLES_SOUTHA1_1,Line,MAPLESTR4A,SOUTHABI4A,1,60079159,ABMS_ABSO11
600,60005208,HAML_HAMR1,HAML_HAMR1_1,Line,HAMR2A,HAML2A,1,60008045,HAMLIN_HAMR11
600,60008045,HAMLIN_HAMR11,HAMLIN_HAMR1_1,Line,HAMR2A,HAMLIN2A,1,60005208,HAML_HAMR1
628,60002923,AFTO_ROAR1,AFTO_ROAR1_1,Line,ROAR2A,AFTO2A,1,60009021,AFTON_ROARIN11
628,60009021,AFTON_ROARIN11,AFTON_ROARIN1_1,Line,AFTON2A,ROARINGS2A,1,60002923,AFTO_ROAR1
634,60086907,SAND_VERS11,SAND_VERS1_1,Line,,,1,60007077,SANDRO_VERS11
634,60007077,SANDRO_VERS11,SANDRO_VERS1_1,Line,VERS2A,SANDROAD2A,1,60086907,SAND_VERS11
636,60004614,ESTL_TURKEY1,ESTL_TURKEY1_1,Line,ESTL2A,TURK2A,1,60008036,ESTELL_TURKEY11
636,60008036,ESTELL_TURKEY11,ESTELL_TURKEY1_1,Line,TURK2A,ESTELLIN2A,1,60004614,ESTL_TURKEY1
637,60086539,RIOP_SCROSS11,RIOP_SCROSS1_1,Line,,,1,60006952,RIOPEC_SCROSS11
637,60006952,RIOPEC_SCROSS11,RIOPEC_SCROSS1_1,Line,RIOPECOS2A,SCROSSTP2A,1,60086539,RIOP_SCROSS11
638,60086719,SAAN_SAPS11,SAAN_SAPS1_1,Line,SAPS2A,SAAN2A,1,60010224,AVENUE_SAPOWE11
638,60010224,AVENUE_SAPOWE11,AVENUE_SAPOWE1_1,Line,SAPOWER2A,AVENUEN2A,1,60086719,SAAN_SAPS11
641,60003750,CEDH_EDIT1,CEDH_EDIT1_1,Line,EDIT2A,CEDH2A,1,60008064,CEDRHI_EDIT11
641,60008064,CEDRHI_EDIT11,CEDRHI_EDIT1_1,Line,CEDRHILL2A,EDIT2A,1,60003750,CEDH_EDIT1
644,60002883,ABSO_SHARPT1,ABSO_SHARPT1_1_,Line,ABSO4A,SHARPTAP4A,1,60064537,SHARPT_SOUTHA11
644,60064537,SHARPT_SOUTHA11,SHARPT_SOUTHA1_1,Line,SHARPTAP4A,SOUTHABI4A,1,60002883,ABSO_SHARPT1
652,60004847,FTFP_ROBRST1,FTFP_ROBRST1_1,Line,ABRP2A,FTPHPMP2A,1,60008050,PHANPM_ROBRST1
652,60008050,PHANPM_ROBRST1,PHANPM_ROBRST1_1,Line,ROBRSTAP2A,PHANPMPT2A,1,60004847,FTFP_ROBRST1
656,60005573,JUNC_KMJC1,JUNC_KMJC1_1,Line,JUNC2A,KMJCR,1,60009104,JUNCTI_KMJC11
656,60009104,JUNCTI_KMJC11,JUNCTI_KMJC1_1,Line,KMJCR,JUNCTION2A,1,60005573,JUNC_KMJC1
658,60004053,CONCHO_SAEM11,CONCHO_SAEM1_1,Line,CONCHO2A,SAEM2A,1,60086790,SACO_SAEM11
658,60086790,SACO_SAEM11,SACO_SAEM1_1,Line,SACO2A,SAEM2A,1,60004053,CONCHO_SAEM11
690,60079791,ATTA_VALE11,ATTA_VALE1_1,Line,TALPATL2,VALE2A,1,60007465,TALPAA_VALE11
690,60007465,TALPAA_VALE11,TALPAA_VALE1_1,Line,VALE2A,TALPATL2A,1,60079791,ATTA_VALE11
696,60002999,ALMC_VALT1,ALMC_VALT1_1,Line,VALT2A,ALMC2A,1,60009638,ALMC_VALENT11
696,60009638,ALMC_VALENT11,ALMC_VALENT1_1,Line,VALENTIN2A,ALMC2A,1,60002999,ALMC_VALT1
697,60002865,ABOV_ABPG1,ABOV_ABPG1_1,Line,ABOV2A,ABPG2A,1,60009070,ABPOWE_OVERST11
697,60009070,ABPOWE_OVERST11,ABPOWE_OVERST1_1,Line,OVERSTRE2A,ABPOWERS2A,1,60002865,ABOV_ABPG1
698,60003010,ALPI_PAIS1,ALPI_PAIS1_1,Line,ALPI2A,PAIS2A,1,60008692,ALPINE_PAIS11
698,60008692,ALPINE_PAIS11,ALPINE_PAIS1_1,Line,ALPINE2A,PAIS2A,1,60003010,ALPI_PAIS1
767,60000056,1055_K,1055__K,Line,KELLER,KELLER2_T8,1,60092053,1075_C
767,60092053,1075_C,1075__C,Line,KELLER2_T8,KELLER2,1,60000056,1055_K
790,60090501,6530_C,6530__C,Line,JACKRABT2_T8,ODESEHV_8,1,60002228,6535_B
790,60002228,6535_B,6535__B,Line,ODESEHV_8,TEXINSTA_8,1,60090501,6530_C
821,60002144,6437_D,6437__D,Line,ENISCKTA_8,ENNISCK_8,1,60007983,6429_D
821,60007983,6429_D,6429__D,Line,ENISCKTA_8,BRAND_8,1,60002144,6437_D
880,60003181,BALG_COLE_I1,BALG_COLE_I1_1,Line,BALG4A,COLE_IVI4A,1,60009098,BALLIN_COLE_I11
880,60009098,BALLIN_COLE_I11,BALLIN_COLE_I1_1,Line,COLE_IVI4A,BALLINGE4A,1,60003181,BALG_COLE_I1
887,60003983,CLYD_CLYM_T1,CLYD_CLYM_T1_1,Line,CLYDMGT2,CLYD2A,1,60009083,CLYDE_CLYM_T11
887,60009083,CLYDE_CLYM_T11,CLYDE_CLYM_T1_1,Line,CLYDE2A,CLYM2A,1,60003983,CLYD_CLYM_T1
888,60082781,HARI_MILE11,HARI_MILE1_1,Line,MILE2A,HARI2A,1,60005221,HARI_MILES11
888,60005221,HARI_MILES11,HARI_MILES1_1,Line,HARI2A,MILES2A,1,60082781,HARI_MILE11
890,60005237,HASKEL_JOSS1,HASKEL_JOSS1_1,Line,HSKL2A,JOSS2A,1,60009019,HASKEL_JOSSEL11
890,60009019,HASKEL_JOSSEL11,HASKEL_JOSSEL1_1,Line,HSKL2A,JOSSELLE2A,1,60005237,HASKEL_JOSS1
1021,60079017,1341T2441,1341T244_1,Line,L_MECRTA8_1Y,HELOTES,1,60009583,K0_MNGR
1021,60009583,K0_MNGR,K0_MNGR_1,Line,RANCHTWN,L_MENGCR8_1Y,1,60079017,1341T2441
1057,60003185,BALG_HUMBLT1,BALG_HUMBLT1_1,Line,BALG2A,BALEXTP2,1,60009095,BALLIN_HUMBLT11
1057,60009095,BALLIN_HUMBLT11,BALLIN_HUMBLT1_1,Line,BALEXTP2A,BALLINGE2A,1,60003185,BALG_HUMBLT1
1062,60003296,BGLK_KEMPER1,BGLK_KEMPER1_1,Line,BGLK2A,KEMPERTP2A,1,60009114,BIGLAK_KEMPER11
1062,60009114,BIGLAK_KEMPER11,BIGLAK_KEMPER1_1,Line,KEMPERTP2A,BIGLAKE2A,1,60003296,BGLK_KEMPER1
1108,60007035,SAAN_SACH1,SAAN_SACH1_1,Line,SACH2A,SAAN2A,1,60010222,AVENUE_SACH11
1108,60010222,AVENUE_SACH11,AVENUE_SACH1_1,Line,SACH2A,AVENUEN2A,1,60007035,SAAN_SACH1
1109,60003728,CCRK_CCRT1,CCRK_CCRT1_1,Line,CCRT2A,CCRK2A,1,60009123,CHERRT_CHERRY11
1109,60009123,CHERRT_CHERRY11,CHERRT_CHERRY1_1,Line,CHERRTAP2A,CHERRYCR2A,1,60003728,CCRK_CCRT1
1111,60002837,ABEA_ABWA1,ABEA_ABWA1_1,Line,ABEA2A,ABWA2A,1,60009610,ABEAST_ABWALN11
1111,60009610,ABEAST_ABWALN11,ABEAST_ABWALN1_1,Line,ABWALNUT2A,ABEAST2A,1,60002837,ABEA_ABWA1
1114,60081183,CROWEL_MCAD11,CROWEL_MCAD1_1,Line,,,1,60004153,CROWEL_MCADTP11
1114,60004153,CROWEL_MCADTP11,CROWEL_MCADTP1_1,Line,MCADAMST2A,CRWL2A,1,60081183,CROWEL_MCAD11
1117,60079443,AIRP_ARPT11,AIRP_ARPT1_1,Line,,,1,60112582,REDGATE_GS2H
1117,60112582,REDGATE_GS2H,REDGATE_GS2H,Transformer,REDGATE_5,RG_GSU2,G2,60079443,AIRP_ARPT11
1118,60002836,ABEA_ABRC1,ABEA_ABRC1_1,Line,ABRC2A,ABEA2A,1,60009040,ABEAST_RAINEY11
1118,60009040,ABEAST_RAINEY11,ABEAST_RAINEY1_1,Line,ABEAST2A,RAINEYCR2A,1,60002836,ABEA_ABRC1
1120,60003184,BALG_HATC1,BALG_HATC1_1,Line,HATC2A,BALG2A,1,60009094,BALLIN_HATC11
1120,60009094,BALLIN_HATC11,BALLIN_HATC1_1,Line,HATC2A,BALLINGE2A,1,60003184,BALG_HATC1
1124,60003729,CCRT_SGSA1,CCRT_SGSA1_1,Line,CCRT2A,SGSA2A,1,60010907,CHERRT_SGSA11
1124,60010907,CHERRT_SGSA11,CHERRT_SGSA1_1,Line,SGSA2A,CHERRTAP2A,1,60003729,CCRT_SGSA1
1127,60006067,MATA_ROAR1,MATA_ROAR1_1,Line,MATA2A,ROAR2A,1,60008040,MATA_ROARIN1
1127,60008040,MATA_ROARIN1,MATA_ROARIN1_1,Line,MATA2A,ROARINGS2A,1,60006067,MATA_ROAR1
1130,60006746,POND_VALT1,POND_VALT1_1,Line,VALT2A,POND2A,1,60009639,POND_VALENT11
1130,60009639,POND_VALENT11,POND_VALENT1_1,Line,VALENTIN2A,POND2A,1,60006746,POND_VALT1
1131,60003022,AMBR_BRONTE11,AMBR_BRONTE1_1,Line,BRONTE2A,AMBR2A,1,60079569,AMBR_BRNT11
1131,60079569,AMBR_BRNT11,AMBR_BRNT1_1,Line,BRNT2A,AMBR2A,1,60003022,AMBR_BRONTE11
1133,60007047,SAJS_SAWA1,SAJS_SAWA1_1,Line,SAJS2A,SAWA2A,1,60008072,JACKSO_SAWA11
1133,60008072,JACKSO_SAWA11,JACKSO_SAWA1_1,Line,SAWA2A,JACKSONS2A,1,60007047,SAJS_SAWA1
1136,60004052,CONCHO_SACH11,CONCHO_SACH1_1,Line,SACH2A,CONCHO2A,1,60086729,SACH_SACO11
1136,60086729,SACH_SACO11,SACH_SACO1_1,Line,SACO2A,SACH2A,1,60004052,CONCHO_SACH11
1141,60084526,MILE_ROWE11,MILE_ROWE1_1,Line,ROWE2A,MILE2A,1,60006194,MILES_ROWE11
1141,60006194,MILES_ROWE11,MILES_ROWE1_1,Line,ROWE2A,MILES2A,1,60084526,MILE_ROWE11
1148,60002853,ABMM_ABOV1,ABMM_ABOV1_1,Line,ABMM2A,ABOV2A,1,60009069,MCMURR_OVERST11
1148,60009069,MCMURR_OVERST11,MCMURR_OVERST1_1,Line,OVERSTRE2A,MCMURRY2A,1,60002853,ABMM_ABOV1
1149,60002827,ABD2_ARNT1,ABD2_ARNT1_1,Line,ABDYES22,ARNT2A,1,60009066,ARNT_DYESS211
1149,60009066,ARNT_DYESS211,ARNT_DYESS21_1,Line,DYESS2AB2A,ARNT2A,1,60002827,ABD2_ARNT1
1166,60005902,LON_HI_OXY_CC1,LON_HI_OXY_CC1_1,Line,LON_HILL4A,OXY_CC4A,1,60008132,EQUIST_LON_HI11
1166,60008132,EQUIST_LON_HI11,EQUIST_LON_HI1_1,Line,LON_HILL4A,EQUISTAR4A,1,60005902,LON_HI_OXY_CC1
1171,60002943,AIRCO4_NCARBI1,AIRCO4_NCARBI1_1,Line,AIRCO44A,NCARBIDE4A,1,60009705,NCARBI_SEADRF11
1171,60009705,NCARBI_SEADRF11,NCARBI_SEADRF1_1,Line,SEADRFTC4A,NCARBIDE4A,1,60002943,AIRCO4_NCARBI1
1175,60006102,MCKENZ_OXY_CC1,MCKENZ_OXY_CC1_1,Line,OXY_CC4A,MCKENZIE4A,1,60008139,EQUIST_MCKENZ11
1175,60008139,EQUIST_MCKENZ11,EQUIST_MCKENZ1_1,Line,EQUISTAR4A,MCKENZIE4A,1,60006102,MCKENZ_OXY_CC1
1240,60002881,ABSO_HARTFR1,ABSO_HARTFR1_1,Line,ABSO2A,HARTFRDT2A,1,60009059,HARTFR_SOUTHA11
1240,60009059,HARTFR_SOUTHA11,HARTFR_SOUTHA1_1,Line,HARTFRDT2A,SOUTHABI2A,1,60002881,ABSO_HARTFR1
1243,60081930,ESPYWE_FTDA11,ESPYWE_FTDA1_1,Line,,,1,60004608,ESPYWE_FORTDA11
1243,60004608,ESPYWE_FORTDA11,ESPYWE_FORTDA1_1,Line,ESPY2A,FORTDAVI2A,1,60081930,ESPYWE_FTDA11
1420,60001722,565_K,565__K,Line,ANNAGCEC_T8,ANNASW_T8,1,60011525,567_E
1420,60011525,567_E,567__E,Line,ANNAGCEC_T8,STONEYPT_P8,1,60001722,565_K
1421,60001723,565_L,565__L,Line,MELSSA_P8,ANNAGCEC_T8,1,60011520,567_G
1421,60011520,567_G,567__G,Line,MELSSA_P8,ANNASE_8,1,60001723,565_L
1527,60003298,BGLK_PHBL_T1,BGLK_PHBL_T1_1,Line,BGLK2B,PHBL_TAP2A,1,60009115,BIGLAK_PHBL_T11
1527,60009115,BIGLAK_PHBL_T11,BIGLAK_PHBL_T1_1,Line,BIGLAKE2B,PHBL_TAP2A,1,60003298,BGLK_PHBL_T1
1532,60006183,MIDW_OZNA1,MIDW_OZNA1_1,Line,MIDW2A,OZNA2A,1,60008082,MIDW_OZONA11
1532,60008082,MIDW_OZONA11,MIDW_OZONA1_1,Line,MIDW2A,OZONA2A,1,60006183,MIDW_OZNA1
1539,60002868,ABPG_OILMIT1,ABPG_OILMIT1_1,Line,ABPG2A,ABOM2A,1,60009075,ABPOWE_OILMIT11
1539,60009075,ABPOWE_OILMIT11,ABPOWE_OILMIT1_1,Line,ABOM2A,ABPOWERS2A,1,60002868,ABPG_OILMIT1
1540,60004850,FTLN_SHEF1,FTLN_SHEF1_1,Line,SHEF2A,FTLN2A,1,60008086,FTLN_SHEFFI11
1540,60008086,FTLN_SHEFFI11,FTLN_SHEFFI1_1,Line,SHEFFIEL2A,FTLN2A,1,60004850,FTLN_SHEF1
1541,60084303,MCAD_PADC11,MCAD_PADC1_1,Line,,,1,60006079,MCADTP_PADC11
1541,60006079,MCADTP_PADC11,MCADTP_PADC1_1,Line,MCADAMST2A,PADC2A,1,60084303,MCAD_PADC11
1574,60086733,SACK_SARC11,SACK_SARC1_1,Line,SACK4A,SARC4A,1,60008067,COKEST_REDCRE11
1574,60008067,COKEST_REDCRE11,COKEST_REDCRE1_1,Line,REDCREEK4A,COKESTRE4A,1,60086733,SACK_SARC11
1577,60002938,AILN_FTPP1,AILN_FTPP1_1,Line,FTPP4A,AILN2A,1,60009042,AILEEN_FTPP11
1577,60009042,AILEEN_FTPP11,AILEEN_FTPP1_1,Line,AILEEN2A,FTPP4A,1,60002938,AILN_FTPP1
1579,60079061,ABCC_ABCR11,ABCC_ABCR1_1,Line,ABCR4A,ABCC4A,1,60009080,CANYON_COUNTR11
1579,60009080,CANYON_COUNTR11,CANYON_COUNTR1_1,Line,CANYONRO4A,COUNTRYC4A,1,60079061,ABCC_ABCR11
1580,60002838,ABEA_AILN1,ABEA_AILN1_1,Line,ABEA4A,AILN2A,1,60009072,ABEAST_AILEEN11
1580,60009072,ABEAST_AILEEN11,ABEAST_AILEEN1_1,Line,ABEAST4A,AILEEN2A,1,60002838,ABEA_AILN1
1581,60079070,ABCR_ABSO11,ABCR_ABSO1_1,Line,ABSO4A,ABCR4A,1,60009062,CANYON_SOUTHA11
1581,60009062,CANYON_SOUTHA11,CANYON_SOUTHA1_1,Line,SOUTHABI4A,CANYONRO4A,1,60079070,ABCR_ABSO11
1583,60080055,BENF_SAPS11,BENF_SAPS1_1,Line,SAPS4A,BENF4A,1,60008076,BENFIC_SAPOWE11
1583,60008076,BENFIC_SAPOWE11,BENFIC_SAPOWE1_1,Line,SAPOWER4B,BENFICKL4A,1,60080055,BENF_SAPS11
1604,60083571,KRANC_LHILL_1A1,KRANC_LHILL_1A_1,Line,,,1,60005634,KINGRN_STRATT11
1604,60005634,KINGRN_STRATT11,KINGRN_STRATT1_1,Line,STRATTON4A,KRGP4A,1,60083571,KRANC_LHILL_1A1
1728,60003806,CHIS_AVND,CHIS_AVND_1,Line,CHISOLM,AVONDALE,1,60012104,CHIS_ROSM1
1728,60012104,CHIS_ROSM1,CHIS_ROSM_1,Line,ROSEMARY,CHISOLM,1,60003806,CHIS_AVND
1742,60003007,ALPI_ALPR1,ALPI_ALPR1_1,Line,ALPR2A,ALPI2A,1,60008690,ALPINE_ALPR11
1742,60008690,ALPINE_ALPR11,ALPINE_ALPR1_1,Line,ALPINE2A,ALPR2A,1,60003007,ALPI_ALPR1
1749,60003808,CHLC_PAUL1,CHLC_PAUL1_1,Line,PAUL2A,CHLC2A,1,60009013,CHILLI_PAUL11
1749,60009013,CHILLI_PAUL11,CHILLI_PAUL1_1,Line,CHILLICO2A,PAUL2A,1,60003808,CHLC_PAUL1
1751,60002857,ABNW_ABON1,ABNW_ABON1_1,Line,ABNW2A,ABON2A,1,60009043,ABNTHW_ONYXRE11
1751,60009043,ABNTHW_ONYXRE11,ABNTHW_ONYXRE1_1,Line,ONYXREA2A,ABNTHWST2A,1,60002857,ABNW_ABON1
1752,60003009,ALPI_MARF1,ALPI_MARF1_1,Line,ALPI2A,MARF2A,1,60009126,ALPINE_MARFA11
1752,60009126,ALPINE_MARFA11,ALPINE_MARFA1_1,Line,ALPINE2A,MARFA2A,1,60003009,ALPI_MARF1
1756,60002872,ABRC_ABWT1,ABRC_ABWT1_1,Line,ABRC2A,ABWT2A,1,60009039,RAINEY_WALNTT11
1756,60009039,RAINEY_WALNTT11,RAINEY_WALNTT1_1,Line,RAINEYCR2A,WALNTTAP2A,1,60002872,ABRC_ABWT1
1757,60003090,AROT_HULD1,AROT_HULD1_1,Line,AROT2A,HULD2A,1,60012700,ARROTT_HULLDA11
1757,60012700,ARROTT_HULLDA11,ARROTT_HULLDA1_1,Line,HULLDALE2A,ARROTT2A,1,60003090,AROT_HULD1
1758,60087068,SAPS_SASO11,SAPS_SASO1_1,Line,SAPS2A,SASL2A,1,60008071,SAPOWE_SASOUT11
1758,60008071,SAPOWE_SASOUT11,SAPOWE_SASOUT1_1,Line,SAPOWER2A,SASOUTH2A,1,60087068,SAPS_SASO11
1759,60002844,ABEC_ABSH1,ABEC_ABSH1_1,Line,ABEC2A,ABSH2A,1,60009054,ELMCRK_SHELTO11
1759,60009054,ELMCRK_SHELTO11,ELMCRK_SHELTO1_1,Line,SHELTONS2A,ELMCRK2A,1,60002844,ABEC_ABSH1
1813,60002866,ABOV_ABSO1,ABOV_ABSO1_1,Line,ABSO2A,ABOV2A,1,60009060,OVERST_SOUTHA11
1813,60009060,OVERST_SOUTHA11,OVERST_SOUTHA1_1,Line,SOUTHABI2A,OVERSTRE2A,1,60002866,ABOV_ABSO1
1816,60003089,AROT_CRIS1,AROT_CRIS1_1,Line,CRIS2A,AROT2A,1,60009108,ARROTT_CRIS11
1816,60009108,ARROTT_CRIS11,ARROTT_CRIS1_1,Line,CRIS2A,ARROTT2A,1,60003089,AROT_CRIS1
1819,60005211,HAMR_RADM1,HAMR_RADM1_1,Line,RADM2A,HAMR2A,1,60008670,HAMR_RADIUM11
1819,60008670,HAMR_RADIUM11,HAMR_RADIUM1_1,Line,HAMR2A,RADIUM2A,1,60005211,HAMR_RADM1
1824,60002828,ABD2_DYESS31,ABD2_DYESS31_1,Line,ABDYES22,DYESS3AB2A,1,60009608,DYESS2_DYESS311
1824,60009608,DYESS2_DYESS311,DYESS2_DYESS31_1,Line,DYESS3AB2A,DYESS2AB2A,1,60002828,ABD2_DYESS31
1833,60003178,BAIR_CLYD1,BAIR_CLYD1_1,Line,CLYD2A,BAIR2A,1,60009085,BAIRD_CLYDE11
1833,60009085,BAIRD_CLYDE11,BAIRD_CLYDE1_1,Line,BAIRD2A,CLYDE2A,1,60003178,BAIR_CLYD1
1838,60003186,BALG_PAINTR1,BALG_PAINTR1_1,Line,BALG2A,PTRK2A,1,60009096,BALLIN_PAINTR11
1838,60009096,BALLIN_PAINTR11,BALLIN_PAINTR1_1,Line,BALLINGE2A,PTRK2A,1,60003186,BALG_PAINTR1
1839,60002846,ABEC_ARNT1,ABEC_ARNT1_1,Line,ABEC2A,ARNT2A,1,60009053,ARNT_ELMCRK11
1839,60009053,ARNT_ELMCRK11,ARNT_ELMCRK1_1,Line,ELMCRK2A,ARNT2A,1,60002846,ABEC_ARNT1
1843,60006582,PAIP_STAMFP1,PAIP_STAMFP1_1,Line,STAMFPMP2A,PAIP2A,1,60008419,PAINTC_STAMFP11
1843,60008419,PAINTC_STAMFP11,PAINTC_STAMFP1_1,Line,PAINTCRE2A,STAMFPMP2A,1,60006582,PAIP_STAMFP1
1844,60086791,SACO_SAJT11,SACO_SAJT1_1,Line,SAJT2A,SACO2A,1,60008416,CONCHO_JACKSN11
1844,60008416,CONCHO_JACKSN11,CONCHO_JACKSN1_1,Line,CONCHO2A,JACKSNTP2A,1,60086791,SACO_SAJT11
1845,60002887,ABVT_ABWT1,ABVT_ABWT1_1,Line,ABVT2A,ABWT2A,1,60009051,VOGELT_WALNTT11
1845,60009051,VOGELT_WALNTT11,VOGELT_WALNTT1_1,Line,VOGELTAP2A,WALNTTAP2A,1,60002887,ABVT_ABWT1
1847,60003753,CEDH_SILT1,CEDH_SILT1_1,Line,CEDH2A,SILVRTP2,1,60008066,CEDRHI_SILT11
1847,60008066,CEDRHI_SILT11,CEDRHI_SILT1_1,Line,SILVRTP2,CEDRHILL2A,1,60003753,CEDH_SILT1
1878,60002854,ABMM_ABSH1,ABMM_ABSH1_1,Line,ABSH2A,ABMM2A,1,60009067,MCMURR_SHELTO11
1878,60009067,MCMURR_SHELTO11,MCMURR_SHELTO1_1,Line,SHELTONS2A,MCMURRY2A,1,60002854,ABMM_ABSH1
1879,60007095,SANO_SAWT1,SANO_SAWT1_1,Line,SANO2A,SAWT2A,1,60008433,SANORT_SAWT11
1879,60008433,SANORT_SAWT11,SANORT_SAWT1_1,Line,SAWT2A,SANORTH2A,1,60007095,SANO_SAWT1
1882,60004157,CRPL_RIST1,CRPL_RIST1_1,Line,CRPL2A,RIST2A,1,60008061,CROSSP_RIST11
1882,60008061,CROSSP_RIST11,CROSSP_RIST1_1,Line,RIST2A,CROSSPLA2A,1,60004157,CRPL_RIST1
1886,60003730,CCRT_VERH1,CCRT_VERH1_1,Line,VERH2A,CCRT2A,1,60009122,CHERRT_VERH11
1886,60009122,CHERRT_VERH11,CHERRT_VERH1_1,Line,CHERRTAP2A,VERH2A,1,60003730,CCRT_VERH1
1890,60002997,ALMC_MARF1,ALMC_MARF1_1,Line,ALMC2A,MARF2A,1,60009128,ALMC_MARFA11
1890,60009128,ALMC_MARFA11,ALMC_MARFA1_1,Line,MARFA2A,ALMC2A,1,60002997,ALMC_MARF1
1894,60005241,HASTXT_JOSS1,HASTXT_JOSS1_1,Line,JOSS2A,HASTXTP2A,1,60009020,HASTXT_JOSSEL11
1894,60009020,HASTXT_JOSSEL11,HASTXT_JOSSEL1_1,Line,HASTXTP2A,JOSSELLE2A,1,60005241,HASTXT_JOSS1
1899,60002874,ABRC_ROBRST1,ABRC_ROBRST1_1,Line,ABRP2A,ABRC2A,1,60009038,RAINEY_ROBRST1
1899,60009038,RAINEY_ROBRST1,RAINEY_ROBRST1_1,Line,ROBRSTAP2A,RAINEYCR2A,1,60002874,ABRC_ROBRST1
1900,60003807,CHLC_CHLC_V1,CHLC_CHLC_V1_1,Line,CHLC_VER2A,CHLC2A,1,60009015,CHILLI_CHLC_V11
1900,60009015,CHILLI_CHLC_V11,CHILLI_CHLC_V1_1,Line,CHLC_VER2A,CHILLICO2A,1,60003807,CHLC_CHLC_V1
1902,60002849,ABED_CLYM_T1,ABED_CLYM_T1_1,Line,ABED2A,CLYDMGT2,1,60009082,CLYM_T_ELMDAL11
1902,60009082,CLYM_T_ELMDAL11,CLYM_T_ELMDAL1_1,Line,ELMDALE2A,CLYM2A,1,60002849,ABED_CLYM_T1
1907,60007109,SASO_SAST1,SASO_SAST1_1,Line,SAST4A,SASO4A,1,60008070,SASOUT_SAST11
1907,60008070,SASOUT_SAST11,SASOUT_SAST1_1,Line,SASOUTH4A,SAST4A,1,60007109,SASO_SAST1
1910,60005210,HAML_PLST1,HAML_PLST1_1,Line,HAML2A,PLST2A,1,60008047,HAMLIN_PLST11
1910,60008047,HAMLIN_PLST11,HAMLIN_PLST1_1,Line,HAMLIN2A,PLST2A,1,60005210,HAML_PLST1
1914,60002825,ABCG_ABSO1,ABCG_ABSO1_1,Line,ABSO2A,ABCG2A,1,60009091,CEDARG_SOUTHA11
1914,60009091,CEDARG_SOUTHA11,CEDARG_SOUTHA1_1,Line,SOUTHABI2B,CEDARGAP2A,1,60002825,ABCG_ABSO1
1915,60003803,CHIL_KIRK1,CHIL_KIRK1_1,Line,CHIL2A,KIRK2A,1,60009010,CHIL_KIRKLA11
1915,60009010,CHIL_KIRKLA11,CHIL_KIRKLA1_1,Line,CHIL2A,KIRKLAND2A,1,60003803,CHIL_KIRK1
1917,60002858,ABNW_ABVT1,ABNW_ABVT1_1,Line,ABNW2A,ABVT2A,1,60009044,ABNTHW_VOGELT11
1917,60009044,ABNTHW_VOGELT11,ABNTHW_VOGELT1_1,Line,ABNTHWST2A,VOGELTAP2A,1,60002858,ABNW_ABVT1
1918,60002848,ABED_ABPG1,ABED_ABPG1_1,Line,ABPG2A,ABED2A,1,60009076,ABPOWE_ELMDAL11
1918,60009076,ABPOWE_ELMDAL11,ABPOWE_ELMDAL1_1,Line,ELMDALE2A,ABPOWERS2A,1,60002848,ABED_ABPG1
1919,60005209,HAML_HAMTXT1,HAML_HAMTXT1_1,Line,HAMTXTP2A,HAML2A,1,60008046,HAMLIN_HAMTXT1
1919,60008046,HAMLIN_HAMTXT1,HAMLIN_HAMTXT1_1,Line,HAMTXTP2A,HAMLIN2A,1,60005209,HAML_HAMTXT1
1920,60007063,SAMF_TANK1,SAMF_TANK1_1,Line,SAMF2A,TANK2A,1,60008436,SAMATH_TANK11
1920,60008436,SAMATH_TANK11,SAMATH_TANK1_1,Line,TANK2A,SAMATHIS2A,1,60007063,SAMF_TANK1
1934,60004058,CONCHO_VRBS11,CONCHO_VRBS1_1,Line,VRBS2A,CONCHO2A,1,60086796,SACO_VRBS11
1934,60086796,SACO_VRBS11,SACO_VRBS1_1,Line,VRBS2A,SACO2A,1,60004058,CONCHO_VRBS11
1936,60007046,SAJS_SAJT1,SAJS_SAJT1_1,Line,SAJT2A,SAJS2A,1,60008418,JACKSN_JACKSO11
1936,60008418,JACKSN_JACKSO11,JACKSN_JACKSO1_1,Line,JACKSNTP2A,JACKSONS2A,1,60007046,SAJS_SAJT1
1944,60004109,CRAN_MCEL1,CRAN_MCEL1_1,Line,MCEL2A,CRAN2A,2,60008092,CRAN_MCELRO11
1944,60008092,CRAN_MCELRO11,CRAN_MCELRO1_1,Line,CRAN2A,MCELROY2A,2,60004109,CRAN_MCEL1
1949,60003636,CALCRK_PAIP1,CALCRK_PAIP1_1,Line,PAIP4A,CALCRKTP4A,1,60008428,CALCRK_PAINTC11
1949,60008428,CALCRK_PAINTC11,CALCRK_PAINTC1_1,Line,CALCRKTP4A,PAINTCRE4A,1,60003636,CALCRK_PAIP1
1955,60003187,BALG_ROWE1,BALG_ROWE1_1,Line,BALG2A,ROWE2A,1,60009097,BALLIN_ROWE11
1955,60009097,BALLIN_ROWE11,BALLIN_ROWE1_1,Line,BALLINGE2A,ROWE2A,1,60003187,BALG_ROWE1
1957,60005056,GIRA_GIRA_T1,GIRA_GIRA_T1_1,Line,GIRA2A,GIRA_TAP2A,1,60009023,GIRARD_GIRA_T11
1957,60009023,GIRARD_GIRA_T11,GIRARD_GIRA_T1_1,Line,GIRA_TAP2A,GIRARD2A,1,60005056,GIRA_GIRA_T1
1962,60007043,SAEM_SANO1,SAEM_SANO1_1,Line,SAEM2A,SANO2A,1,60008432,SAEM_SANORT11
1962,60008432,SAEM_SANORT11,SAEM_SANORT1_1,Line,SANORTH2A,SAEM2A,1,60007043,SAEM_SANO1
1966,60002922,AFTO_ESPU1,AFTO_ESPU1_1,Line,AFTO2A,ESPU2A,1,60009022,AFTON_ESPU11
1966,60009022,AFTON_ESPU11,AFTON_ESPU1_1,Line,AFTON2A,ESPU2A,1,60002922,AFTO_ESPU1
1968,60003108,ATBR_BRONTE11,ATBR_BRONTE1_1,Line,ATBR2A,BRONTE2A,1,60079771,ATBR_BRNT11
1968,60079771,ATBR_BRNT11,ATBR_BRNT1_1,Line,ATBR2A,BRNT2A,1,60003108,ATBR_BRONTE11
1974,60079741,ARPT_WESTYA11,ARPT_WESTYA1_1,Line,,,1,60112581,REDGATE_GS1H
1974,60112581,REDGATE_GS1H,REDGATE_GS1H,Transformer,REDGATE_5,RG_GSU1,G1,60079741,ARPT_WESTYA11
1975,60006562,OZNA_OZNR1,OZNA_OZNR1_1,Line,OZNR2A,OZNA2A,1,60008084,OZNR_OZONA11
1975,60008084,OZNR_OZONA11,OZNR_OZONA1_1,Line,OZONA2A,OZNR2A,1,60006562,OZNA_OZNR1
1976,60000641,1790_F,1790__F,Line,WALNUTSP_8,WHITNEY__8,1,60096903,1792_B
1976,60096903,1792_B,1792__B,Line,WHITNEY__8,POWELLDM_8,1,60000641,1790_F
2013,60111447,PHR_AT2H_H,PHR_AT2H_H,Transformer,P_H_R___B345,P_H_R__A2STR,A2,60006693,PHR_AT2_H_OldTeid
2013,60006693,PHR_AT2_H_OldTeid,PHR_AT2_H_OldTeid,Transformer,P_H_R__POI_8,P_H_R__A2STR,A2,60111447,PHR_AT2H_H
2030,60000388,14040_C,14040__C,Line,CRMWDTAP_8,CRMWDSVN_8,1,60079045,6470_A
2030,60079045,6470_A,6470__A,Line,,,1,60000388,14040_C
2290,60005705,L_MILP_S_MCAL1,L_MILP_S_MCAL1_1,Line,S_MCALLN4A,L_MILPAS4A,1,"60111452, 60006694","PHR_AT2_H, PHR_AT2L_H"
2334,60000587,1700_B,1700__B,Line,ROYSE_B8,BLACKLAND1_8,1,60010894,1703_A
2334,60010894,1703_A,1703__A,Line,ROYSE_B8,BLACKLND_8,1,60000587,1700_B
2422,60002891,ACME_KIRK1,ACME_KIRK1_1,Line,ACME2A,KIRK2A,1,60009014,ACME_KIRKLA1
2422,60009014,ACME_KIRKLA1,ACME_KIRKLA1_1,Line,ACME2A,KIRKLAND2A,1,60002891,ACME_KIRK1
2442,60002835,ABEA_ABPLTT1,ABEA_ABPLTT1_1,Line,ABEA2A,ABPLTTP2A,1,60009073,ABEAST_ABPLTT11
2442,60009073,ABEAST_ABPLTT11,ABEAST_ABPLTT1_1,Line,ABEAST2A,ABPLTTP2A,1,60002835,ABEA_ABPLTT1
2452,60003379,BLUF_C_REDCRE11,BLUF_C_REDCRE1_1,Line,BLF_CRK7A,REDCREEK7A,1,60080273,BLUF_C_SARC11
2452,60080273,BLUF_C_SARC11,BLUF_C_SARC1_1,Line,BLF_CRK7A,SARC7A,1,60003379,BLUF_C_REDCRE11
2531,60002842,ABEC_ABNW_2A,ABEC_ABNW_2A_1,Line,ABNW4A,ABEC4A,1,60009031,ABNTHW_ELMCRK11
2531,60009031,ABNTHW_ELMCRK11,ABNTHW_ELMCRK1_1,Line,ELMCRK4A,ABNTHWST4B,1,60002842,ABEC_ABNW_2A
2849,60089147,SABIN_NEVAD,SABIN_NEVAD_1,Line,NEVADA,SABINECRKTAP,1,60006374,NEVADA_SHELBY
2849,60006374,NEVADA_SHELBY,NEVADA_SHELBY_1,Line,NEVADA,SHELBY1,1,60089147,SABIN_NEVAD
2853,60005924,LOSP_PI2,LOSP_PI2_1,Line,L_LOSTPI1_1Y,LOSTPN34,1,60010952,LOST_PI21
2853,60010952,LOST_PI21,LOST_PI2_1,Line,LOSTPINE5,LOSTPN34,1,60005924,LOSP_PI2
2999,60080823,CITGO__HIWAY_11,CITGO__HIWAY_1_1,Line,,,1,60008719,983T4351
2999,60008719,983T4351,983T435_1,Line,CITGO_NO4A,HIWAY_94A,1,60080823,CITGO__HIWAY_11
3050,60005112,GRAYBC_HARR1,GRAYBC_HARR1_1,Line,GRAYBCKT2A,HARR2A,1,60009016,GRAYBC_HARROL11
3050,60009016,GRAYBC_HARROL11,GRAYBC_HARROL1_1,Line,GRAYBCKT2A,HARROLD2A,1,60005112,GRAYBC_HARR1
3157,60002867,ABPG_ABPLTT1,ABPG_ABPLTT1_1,Line,ABPLTTP2A,ABPG2A,1,60013294,ABPOWE_ABPLTT11
3157,60013294,ABPOWE_ABPLTT11,ABPOWE_ABPLTT1_1,Line,ABPOWERS2A,ABPLTTP2A,1,60002867,ABPG_ABPLTT1
3170,60001066,297T464,297T464_1,Line,BRACKETT4A,HAMILTN4,1,60001573,464T4641
3170,60001573,464T4641,464T464_1,Line,HAMILTON4A,L_PINTCR8_1Y,1,60001066,297T464
3210,60002841,ABEC_ABINDU1,ABEC_ABINDU1_1,Line,ABEC4A,ABIP4A,1,60009056,ABINDU_ELMCRK11
3210,60009056,ABINDU_ELMCRK11,ABINDU_ELMCRK1_1,Line,ELMCRK4A,ABIP4A,1,60002841,ABEC_ABINDU1
3211,60004494,EASTMU_PAIP1,EASTMU_PAIP1_1,Line,EASTMUND4B,PAIP4A,1,60008425,EASTMU_PAINTC11
3211,60008425,EASTMU_PAINTC11,EASTMU_PAINTC1_1,Line,EASTMUND4B,PAINTCRE4A,1,60004494,EASTMU_PAIP1
3212,60002859,ABNW_CALLAH1,ABNW_CALLAH1_1,Line,ABNW4A,CALLAHAN4A,1,60009047,ABNTHW_CALLAH11
3212,60009047,ABNTHW_CALLAH11,ABNTHW_CALLAH1_1,Line,ABNTHWST4A,CALLAHAN4A,1,60002859,ABNW_CALLAH1
3213,60004495,EASTMU_PAIP2,EASTMU_PAIP2_1,Line,EASTMUND4A,PAIP4B,1,60008424,EASTMU_PAINTC21
3213,60008424,EASTMU_PAINTC21,EASTMU_PAINTC2_1,Line,PAINTCRE4B,EASTMUND4A,1,60004495,EASTMU_PAIP2
3214,60002845,ABEC_ABTT1,ABEC_ABTT1_1,Line,ABEC4A,ABTT4A,1,60009055,ELMCRK_TWILIG11
3214,60009055,ELMCRK_TWILIG11,ELMCRK_TWILIG1_1,Line,ELMCRK4A,TWILIGHT4A,1,60002845,ABEC_ABTT1
3244,60005230,HARR_WAGGON1,HARR_WAGGON1_1,Line,HARR2A,WAGGONER2A,1,60009017,HARROL_WAGGON11
3244,60009017,HARROL_WAGGON11,HARROL_WAGGON1_1,Line,HARROLD2A,WAGGONER2A,1,60005230,HARR_WAGGON1
3264,60000858,21T310,21T310_1,Line,L_SASASW9_1Y,L_TERRY_9_1Y,1,60008103,SANSAS_TERRY1
3264,60008103,SANSAS_TERRY1,SANSAS_TERRY_1,Line,L_SASASW9_1Y,TERRY_9,1,60000858,21T310
3278,60002826,ABCG_ROBT1,ABCG_ROBT1_1,Line,ROBT2A,ABCG2A,1,60009089,CEDARG_ROBT11
3278,60009089,CEDARG_ROBT11,CEDARG_ROBT1_1,Line,ROBT2A,CEDARGAP2A,1,60002826,ABCG_ROBT1
3287,60000060,10578T552,10578T552_1,Line,MCCAMY4,L_DESKY28_1Y,1,60001692,552T5521
3287,60001692,552T5521,552T552_1,Line,MCCAMY4,L_TIPPET8_1Y,1,60000060,10578T552
3300,60007008,RT_VL_47,RT_VL_47_A,Line,RETREV__69X,VLASCO__69A,47,60008173,138_DEL_DWC1
3300,60008173,138_DEL_DWC1,138_DEL_DWC_1,Line,TNDELAWRC_1,TNDELAWR__1,1,60007008,RT_VL_47
3312,60000634,177T470,177T470_1,Line,L_BUTMAN8_1Y,L_MCELTA8_1Y,1,60001581,470T4701
3312,60001581,470T4701,470T470_1,Line,L_MCELMU8_1Y,L_BUTMAN8_1Y,1,60000634,177T470
3316,60006616,PATN_RC_TALTY,PATN_RC_TALTY_1,Line,PATN_RC,TALTY_RC,2,60012171,RSHIL_RC_TALTY1
3316,60012171,RSHIL_RC_TALTY1,RSHIL_RC_TALTY_1,Line,ROSHILRC,TALTY_RC,2,60006616,PATN_RC_TALTY
3331,60002886,ABVO_ABVT1,ABVO_ABVT1_1,Line,ABVT2A,ABVO2A,1,60009050,VOGELS_VOGELT11
3331,60009050,VOGELS_VOGELT11,VOGELS_VOGELT1_1,Line,VOGELSTR2A,VOGELTAP2A,1,60002886,ABVO_ABVT1
3348,60002873,ABRC_FTPP1,ABRC_FTPP1_1,Line,FTPP4A,ABRC4A,1,60009041,FTPP_RAINEY11
3348,60009041,FTPP_RAINEY11,FTPP_RAINEY1_1,Line,RAINEYCR4A,FTPP4A,1,60002873,ABRC_FTPP1
3411,60003014,ALTU_PER,ALTU_PER_1,Line,ALTUDA2A,PRSMNGAP2A,1,60008100,310T3841
3411,60008100,310T3841,310T384_1,Line,L_PERSGA9_1Y,L_ALTUDA9_1Y,1,60003014,ALTU_PER
3424,60005574,JUNC_MENPHT1,JUNC_MENPHT1_1,Line,JUNC2A,MENPHTP2,1,60009103,JUNCTI_MENPHT11
3424,60009103,JUNCTI_MENPHT11,JUNCTI_MENPHT1_1,Line,JUNCTION2A,MENPHTP2A,1,60005574,JUNC_MENPHT1
3430,60003070,APO_FIRW,APO_FIRW_1,Line,APOLLO,FIREWHEEL,1,60007939,LOOK_APO1
3430,60007939,LOOK_APO1,LOOK_APO_1,Line,APOLLO,LOOKOUT,1,60003070,APO_FIRW
3494,60003249,BEEVIL_CHAS_T1,BEEVIL_CHAS_T1_1,Line,BEEVILLE2A,CHAS_TAP2A,1,60008118,BEEVIL_ERALIO1
3494,60008118,BEEVIL_ERALIO1,BEEVIL_ERALIO1_1,Line,BEEVILLE2A,ERALIO2A,1,60003249,BEEVIL_CHAS_T1
3564,60003207,BARNHR_BGLK1,BARNHR_BGLK1_1,Line,BARNHRT2A,BGLK2A,1,60009112,BARNHR_BIGLAK11
3564,60009112,BARNHR_BIGLAK11,BARNHR_BIGLAK1_1,Line,BARNHRT2A,BIGLAKE2A,1,60003207,BARNHR_BGLK1
3565,60001056,289T2441,289T244_1,Line,L_CICO__8_1Y,L_MENGCR8_1Y,1,60079036,265T2441
3565,60079036,265T2441,265T244_1,Line,L_MECRTA8_1Y,L_CICO__8_1Y,1,60001056,289T2441
3666,60001158,321T170,321T170_1,Line,L_ROTOTA8_1Y,L_ROUNTO8_1Y,1,60009689,321T6671
3666,60009689,321T6671,321T667_1,Line,L_ROTOTA8_1Y,L_ROUNTO8_2Y,1,60001158,321T170
3688,60080822,CITGOW_WEIL_T11,CITGOW_WEIL_T1_1,Line,,,1,60003787,CHAMPL_WEIL_T11
3688,60003787,CHAMPL_WEIL_T11,CHAMPL_WEIL_T1_1,Line,WEIL_TRC4A,CHAMPLIN4A,1,60080822,CITGOW_WEIL_T11
3792,60006325,NAVO_KRGRV,NAVO_KRGRV_1,Line,NAVO,KRUGRVL1_8,1,60009529,OKPNTS_KRGRV1
3792,60009529,OKPNTS_KRGRV1,OKPNTS_KRGRV_1,Line,KRUGRVL1_8,OKPNTSS1,1,60006325,NAVO_KRGRV
3809,60001257,343T315,343T315_1,Line,L_TRPOTA8_1Y,L_CEDAVA8_1Y,1,60008112,623T6231
3809,60008112,623T6231,623T623_1,Line,P_TRADPO8_1_,P_CEDAVA8_1_,1,60001257,343T315
3824,60006985,ROBT_TUSC1,ROBT_TUSC1_1,Line,ROBT2A,TUSC2A,1,60009090,ROBT_TUSCOL11
3824,60009090,ROBT_TUSCOL11,ROBT_TUSCOL1_1,Line,TUSCOLA2A,ROBT2A,1,60006985,ROBT_TUSC1
3886,60002869,ABPLTT_ABSH1,ABPLTT_ABSH1_1,Line,ABSH2A,ABPLTTP2A,1,60009068,ABPLTT_SHELTO11
3886,60009068,ABPLTT_SHELTO11,ABPLTT_SHELTO1_1,Line,ABPLTTP2A,SHELTONS2A,1,60002869,ABPLTT_ABSH1
3889,60003791,CHAS_T_SKIDMO1,CHAS_T_SKIDMO1_1,Line,SKIDMORE2A,CHAS_TAP2A,1,60008129,ERALIO_SKIDMO11
3889,60008129,ERALIO_SKIDMO11,ERALIO_SKIDMO1_1,Line,SKIDMORE2A,ERALIO2A,1,60003791,CHAS_T_SKIDMO1
3966,60081214,CRTCHFLD_RPR1,CRTCHFLD_RPR_1,Line,,,1,60007284,SNDYSS_CRCHFLD1
3966,60007284,SNDYSS_CRCHFLD1,SNDYSS_CRCHFLD_1,Line,CRTCHFLD,SANDYSW,1,60081214,CRTCHFLD_RPR1
3980,60086636,ROS-WYN1,ROS-WYN_1,Line,,,1,60012654,14080_A
3980,60012654,14080_A,14080__A,Line,LAMESA_8,BUZZDRAW_8,1,60086636,ROS-WYN1
3987,60002888,ABWA_ABWT1,ABWA_ABWT1_1,Line,ABWT2A,ABWA2A,1,60009052,ABWALN_WALNTT11
3987,60009052,ABWALN_WALNTT11,ABWALN_WALNTT1_1,Line,ABWALNUT2A,WALNTTAP2A,1,60002888,ABWA_ABWT1
4047,60007260,SLTCRK_SCRYSW,SLTCRK_SCRYSW_1,Line,SCURRYSWCH,SALTCREEK,1,60010128,SCKSS_SCRYSW1
4047,60010128,SCKSS_SCRYSW1,SCKSS_SCRYSW_1,Line,SCURRYSWCH,SLTCRKSW,1,60007260,SLTCRK_SCRYSW
4048,60007265,SMR_LKKE,SMR_LKKE_1,Line,SEYMOUR,LAKEKEMPSW,1,60009431,SMR_MABEL1
4048,60009431,SMR_MABEL1,SMR_MABEL_1,Line,SEYMOUR,MABELLE,1,60007265,SMR_LKKE
4053,60002862,ABNW_MULBER1,ABNW_MULBER1_1,Line,ABNW4A,MULBERRY4D,1,60009048,ABNTHW_MULBER11
4053,60009048,ABNTHW_MULBER11,ABNTHW_MULBER1_1,Line,MULBERRY4D,ABNTHWST4A,1,60002862,ABNW_MULBER1
4082,60001124,314T2831,314T283_1,Line,QUANEXSB9,QUANEXSW9,1,60079039,314T2851
4082,60079039,314T2851,314T285_1,Line,L_QUANEX9_1Y,L_QUANSW9_1Y,1,60001124,314T2831
4111,60004703,FDR_OZN,FDR_OZN_1,Line,FDRAN2A,OZNA2A,1,60008083,FRIEND_OZONA11
4111,60008083,FRIEND_OZONA11,FRIEND_OZONA1_1,Line,FDRAN2A,OZONA2A,1,60004703,FDR_OZN
4171,60088432,WEIDER_SKY1,WEIDER_SKY_1,Line,L_WEIDER8_1Y,SKYLIN4_8,1,60007793,WEIDR_TRI_CNTY1
4171,60007793,WEIDR_TRI_CNTY1,WEIDR_TRI_CNTY_1,Line,TRI_CNTY,L_WEIDER8_1Y,1,60088432,WEIDER_SKY1
4180,60002861,ABNW_FTPP_1A,ABNW_FTPP_1A_1,Line,ABRC4A,ABNW4A,1,60009030,ABNTHW_RAINEY11
4180,60009030,ABNTHW_RAINEY11,ABNTHW_RAINEY1_1,Line,RAINEYCR4A,ABNTHWST4B,1,60002861,ABNW_FTPP_1A
4186,60003546,BUKB_THRM1,BUKB_THRM1_1,Line,THRM2A,BUKB2A,1,60008671,BUSHKN_THRM1
4186,60008671,BUSHKN_THRM1,BUSHKN_THRM1_1,Line,THRM2A,BUSHKNOB2A,1,60003546,BUKB_THRM1
4191,60082687,GRE_PAR1,GRE_PAR_1,Line,L_PARKWA8_1Y,GREEN_MT,1,60006610,PAR_TRI_CNTY1
4191,60006610,PAR_TRI_CNTY1,PAR_TRI_CNTY_1,Line,TRI_CNTY,L_PARKWA8_1Y,1,60082687,GRE_PAR1
4275,60002180,6475_C,6475__C,Line,ODESEHV_8,ODESSA2_8,1,60011477,6512_B
4275,60011477,6512_B,6512__B,Line,ODESEHV_8,LIQAIRTP_8,1,60002180,6475_C
4310,60007693,VAL_MUEN,VAL_MUEN_1,Line,VALLEYVIEW,MUENSTER,1,60008362,MYRA_VAL1
4310,60008362,MYRA_VAL1,MYRA_VAL_1,Line,MYRA,VALLEYVIEW,1,60007693,VAL_MUEN
4315,60088853,TOMCAT_WILDCAT,TOMCAT_WILDCAT_1,Line,TOMCAT,WILDCAT,1,60007773,WCT_WCTSW
4315,60007773,WCT_WCTSW,WCT_WCTSW_1,Line,WLDCATTAP,WILDCAT,1,60088853,TOMCAT_WILDCAT
4359,60087069,SAPS_SAST11,SAPS_SAST1_1,Line,SAPS4B,SAST4A,1,60007099,SAPOWE_SAST11
4359,60007099,SAPOWE_SAST11,SAPOWE_SAST1_1,Line,SAPOWER4B,SAST4A,1,60087069,SAPS_SAST11
4361,60006277,MUNDAY_MUNDAY1,MUNDAY_MUNDAY1_1,Line,MUNDAY,MUNDAYST2A,1,60008364,MAUDST_MUNDYR11
4361,60008364,MAUDST_MUNDYR11,MAUDST_MUNDYR1_1,Line,MUNDAY,MAUDST2A,1,60006277,MUNDAY_MUNDAY1
4426,60001205,333T449,333T449_1,Line,INDN4A,RIOPECOS4A,1,60001557,449T4491
4426,60001557,449T4491,449T449_1,Line,RIOPECOS4A,L_TUNACR8_1Y,1,60001205,333T449
4444,60002875,ABRL_ABTT1,ABRL_ABTT1_1,Line,ABTT4A,ABRL4A,1,60009057,REBECC_TWILIG11
4444,60009057,REBECC_TWILIG11,REBECC_TWILIG1_1,Line,TWILIGHT4A,REBECCA4A,1,60002875,ABRL_ABTT1
4466,60007901,WTSN_JWT,WTSN_JWT_1,Line,WATSONCHPL,JEWETTA_8,1,60010831,SKPR_JWT1
4466,60010831,SKPR_JWT1,SKPR_JWT_1,Line,JEWETTA_8,SKIPPER,1,60007901,WTSN_JWT
4484,60003792,CHASEF_CHAS_T1,CHASEF_CHAS_T1_1,Line,CHASEFLD2A,CHAS_TAP2A,1,60008147,CHASEF_ERALIO11
4484,60008147,CHASEF_ERALIO11,CHASEF_ERALIO1_1,Line,CHASEFLD2A,ERALIO2A,1,60003792,CHASEF_CHAS_T1
4497,60005639,KINGSW_KING_T2,KINGSW_KING_T2_1,Line,L_KINGMO8_1Y,KING_SW_2_8,1,60011026,KINGSW_KNGWTAP1
4497,60011026,KINGSW_KNGWTAP1,KINGSW_KNGWTAP_1,Line,KING_NW_8,KING_SW_2_8,1,60005639,KINGSW_KING_T2
4554,60002967,ALBANY_BUKB1,ALBANY_BUKB1_1,Line,BUKB2A,ALBANY2A,1,60008672,ALBANY_BUSHKN11
4554,60008672,ALBANY_BUSHKN11,ALBANY_BUSHKN1_1,Line,BUSHKNOB2A,ALBANY2A,1,60002967,ALBANY_BUKB1
4600,60001206,3340_A,3340__A,Line,DENDR_W8,LKMT2T_8,1,60011917,3340_E
4600,60011917,3340_E,3340__E,Line,LKMT2T_8,REGRW2_8,1,60001206,3340_A
4620,60088692,WJ_BEN1,WJ_BEN_1,Line,,,1,60007943,WYNN_BEN1
4620,60007943,WYNN_BEN1,WYNN_BEN_1,Line,BENDAVIS_8,WYNNJOYCE,1,60088692,WJ_BEN1
4650,60002941,AIR_NDE,AIR_NDE_1,Line,JMCRSTL138,N_DENT_8,1,60009437,MSBCH_N_DENT1
4650,60009437,MSBCH_N_DENT1,MSBCH_N_DENT_1,Line,N_DENT_8,MASCHBRANCH,1,60002941,AIR_NDE
4698,60001053,286T6081,286T608_1,Line,L_SWIFTE8_1Y,L_BASTCI8_2Y,1,60079037,286T3671
4698,60079037,286T3671,286T367_1,Line,L_CAMPSW8_1Y,L_BASTCI8_2Y,1,60001053,286T6081
4736,60003183,BALG_FTCHAD1,BALG_FTCHAD1_1,Line,CHAD4A,BALG4A,1,60009088,BALLIN_FTCHAD1
4736,60009088,BALLIN_FTCHAD1,BALLIN_FTCHAD1_1,Line,CHAD4A,BALLINGE4A,1,60003183,BALG_FTCHAD1
4737,60001083,3049,3049_1,Line,PALMHURSTSB8,NEDIN4A,1,60009593,NEDNBRG_WEDNBG1
4737,60009593,NEDNBRG_WEDNBG1,NEDNBRG_WEDNBG_1,Line,NEDIN4A,WEDINBURGSB8,2,60001083,3049
4755,60000959,23T310,23T310_1,Line,L_TERRY_9_1Y,L_RICHSP9_1Y,1,60008104,RICHSP_TERRY1
4755,60008104,RICHSP_TERRY1,RICHSP_TERRY_1,Line,RICHSPG_9,TERRY_9,1,60000959,23T310
4786,60002843,ABEC_ABNW2,ABEC_ABNW2_1,Line,ABNW2B,ABEC2A,1,60009045,ABNTHW_ELMCRK21
4786,60009045,ABNTHW_ELMCRK21,ABNTHW_ELMCRK2_1,Line,ELMCRK2A,ABNTHWST2B,1,60002843,ABEC_ABNW2
4787,60079040,389T5181,389T518_1,Line,L_HI46WE8_1Y,L_ANTLER8_1Y,1,60001877,610T6101
4787,60001877,610T6101,610T610_1,Line,L_ANTLER8_1Y,L_HIGH468_1Y,1,60079040,389T5181
4796,60002945,AIRLIN_B_DAVI1,AIRLIN_B_DAVI1_1,Line,B_DAVIS4A,AIRLINE4A,1,60009746,AIRLIN_B_DAVI21
4796,60009746,AIRLIN_B_DAVI21,AIRLIN_B_DAVI2_1,Line,B_DAVIS4A,AIRLINE4A,2,60002945,AIRLIN_B_DAVI1
4876,60003065,ANSN_RADM1,ANSN_RADM1_1,Line,ANSN2A,RADM2A,1,60008669,ANSN_RADIUM11
4876,60008669,ANSN_RADIUM11,ANSN_RADIUM1_1,Line,ANSN2A,RADIUM2A,1,60003065,ANSN_RADM1
4970,60004274,DER_PEAR,DER_PEAR_1,Line,DERBYSUB9,PEARSALLSW9,1,60008791,HCKSW_AXFMR1HH
4970,60008791,HCKSW_AXFMR1HH,HCKSW_AXFMR1HH,Transformer,HICKS_SW1_5,HCKSW1_1,1,60004274,DER_PEAR
4982,60000387,14040_B,14040__B,Line,SPRABERY_8,CRMWDTAP_8,1,60079046,6470_B
4982,60079046,6470_B,6470__B,Line,,,1,60000387,14040_B
4990,60006454,OAK_TEMP,OAK_TEMP_1,Line,OAKLAND,GPLTEMP,1,60008882,SHT_OAKL
4990,60008882,SHT_OAKL,SHT_OAKL_1,Line,OAKLAND,SHILOHTP,1,60006454,OAK_TEMP
5025,60006778,PRT_TEMP,PRT_TEMP_1,Line,PRAXAIRT,GPLTEMP,1,60008884,SHT_PRAT1
5025,60008884,SHT_PRAT1,SHT_PRAT_1,Line,SHILOHTP,PRAXAIRT,1,60006778,PRT_TEMP
5046,60080187,BILHAT86A,BILHAT86_A,Line,BARHIL__138A,HACHER__138X,59,60003344,BILHAT59A
5046,60003344,BILHAT59A,BILHAT59_A,Line,BARHIL_X59B8,HACHER_X59B8,59,60080187,BILHAT86A
5066,60079033,180002_D1,180002_D_1,Line,,,1,60011472,COOPERCK_BRKR1
5066,60011472,COOPERCK_BRKR1,COOPERCK_BRKR_1,Line,BRINKER138,COOPERCK,1,60079033,180002_D1
5107,60005416,HRN_DANS,HRN_DANS_1,Line,HEARNE8,BRYN_DSBY138,1,60011855,GOOD_DAN1
5107,60011855,GOOD_DAN1,GOOD_DAN_1,Line,BRYN_DSBY138,GOODLAND,1,60005416,HRN_DANS
5137,60003011,ALPR_ALTU,ALPR_ALTU_1,Line,ALPR2A,ALTUDA2A,1,60008099,301T3841
5137,60008099,301T3841,301T384_1,Line,ALPR2A,L_ALTUDA9_1Y,1,60003011,ALPR_ALTU
5171,60001549,441T441,441T441_1,Line,UPTON_8,CRANEAST_8,1,60012333,724T7231
5171,60012333,724T7231,724T723_1,Line,L_UPTON_8_1Y,L_CRANEA8_1Y,1,60001549,441T441
5172,60003109,ATBR_MILES11,ATBR_MILES1_1,Line,ATBR2A,MILES2A,1,60079772,ATBR_MILE11
5172,60079772,ATBR_MILE11,ATBR_MILE1_1,Line,ATBR2A,MILE2A,1,60003109,ATBR_MILES11
5196,60003179,BAIR_PUTN1,BAIR_PUTN1_1,Line,BAIR2A,PUTN2A,1,60009086,BAIRD_PUTN11
5196,60009086,BAIRD_PUTN11,BAIRD_PUTN1_1,Line,PUTN2A,BAIRD2A,1,60003179,BAIR_PUTN1
5239,60002948,AIRLIN_WOOLRI1,AIRLIN_WOOLRI1_1,Line,AIRLINE4A,WOOLRIDG4A,1,60009754,AIRLIN_WOOLRI31
5239,60009754,AIRLIN_WOOLRI31,AIRLIN_WOOLRI3_1,Line,WOOLRIDG4A,AIRLINE4A,3,60002948,AIRLIN_WOOLRI1
5274,60001547,43T365,43T365_1,Line,L_FLATRO8_1Y,L_PALEPE8_1Y,1,60012172,43T7421
5274,60012172,43T7421,43T742_1,Line,P_FLATRO8_1_,P_PALEPE8_1_,1,60001547,43T365
5311,60007048,SAJT_SASO1,SAJT_SASO1_1,Line,SAJT2A,SASL2A,1,60008417,JACKSN_SASOUT11
5311,60008417,JACKSN_SASOUT11,JACKSN_SASOUT1_1,Line,SASOUTH2A,JACKSNTP2A,1,60007048,SAJT_SASO1
5313,60004448,DUKE_NEDIN2,DUKE_NEDIN2_1,Line,NEDIN4A,HEC4A,2,"60108220, 60009169","HEC_NEDIN2, HEC_NEDIN21"
5337,60000164,1163T163,1163T163_1,Line,L_MCNEIL8_1Y,L_HOLATA8_1Y,1,60008703,921T1631
5337,60008703,921T1631,921T163_1,Line,L_MCNEIL8_1Y,L_HOWALA8_1Y,1,60000164,1163T163
5383,60000342,138_NAL_MDO,138_NAL_MDO_1,Line,TNNALVIN__1,MEADOW__138A,1,60008743,138_NAL_CM11
5383,60008743,138_NAL_CM11,138_NAL_CM1_1,Line,TNNALVIN__1,MEADOW_B138A,1,60000342,138_NAL_MDO
5387,60005852,LIVOK_BRK8,LIVOK_BRK8_1,Line,BROCK,LIVEOAK,1,60008358,WSTLOP_BRK81
5387,60008358,WSTLOP_BRK81,WSTLOP_BRK8_1,Line,BROCK,WSTLOOP,1,60005852,LIVOK_BRK8
5404,60006851,RA_RTW66,RA_RTW66_A,Line,RAYFRD668020,RTHWOD__138A,66,60008486,RA_RTW22A
5404,60008486,RA_RTW22A,RA_RTW22_A,Line,RTHWOD__A138,RAYFRD_S22_8,22,60006851,RA_RTW66
5413,60005892,LOBO_SANMGS1,LOBO_SANMGS1_1,Line,MIGUEL5,LOBO7A,1,60010211,LOBO_FOWLRTN
5413,60010211,LOBO_FOWLRTN,LOBO_FOWLRTN_1,Line,FOWLERTONSW5,LOBO7A,1,60005892,LOBO_SANMGS1
9627,60079019,1387T2751,1387T275_1,Line,L_ROCKIS8_1Y,L_GLIDDE8_1Y,1,60008108,619T6191
9627,60008108,619T6191,619T619_1,Line,L_GLIDDE8_1Y,ROCKISLANSB8,1,60079019,1387T2751
10394,60001105,308T2751,308T275_1,Line,SHERIDANSB8,ROCKISLANSB8,1,60079016,1308T2751
10394,60079016,1308T2751,1308T275_1,Line,L_SHERID8_1Y,L_ROCKIS8_1Y,1,60001105,308T2751
11930,60082815,HAS_HASSE28,HAS_HASSE28,Transformer,,,2,"60037263, 60005235, 60011034","HAS_HAS2_L, HAS_HASSE29, HAS_HAS2"
11930,60011034,HAS_HAS2,HAS_HAS2,Transformer,HASSE8,HASSE,2,"60082815, 60037263, 60005235","HAS_HASSE28, HAS_HAS2_L, HAS_HASSE29"
20172,60005849,LIPAN_FOX,LIPAN_FOX_1,Line,FOX8,LIPAN_8,1,60009421,VULCAN_FOX1
20172,60009421,VULCAN_FOX1,VULCAN_FOX_1,Line,FOX8,VULCAN,1,60005849,LIPAN_FOX
21011,60080223,BLFDAL_WRGHT81,BLFDAL_WRGHT8_1,Line,,,1,60003368,BLFDAL_WRGHT1
21011,60003368,BLFDAL_WRGHT1,BLFDAL_WRGHT_1,Line,WRIGHT,BLUFFDALE,1,60080223,BLFDAL_WRGHT81
26899,60002982,ALIBTS_RAILHD1,ALIBTS_RAILHD_1,Line,ALIBATES,RAILHEAD,2,60079489,ALIBATE_GRAY_21
26899,60079489,ALIBATE_GRAY_21,ALIBATE_GRAY_2_1,Line,,,2,60002982,ALIBTS_RAILHD1
31053,60111728,PNPI_XT2,PNPI_XT2,Transformer,PNPI_GT2,PNPI_8,XF,60006737,PNPI_PNPIXT2H
31053,60006737,PNPI_PNPIXT2H,PNPI_PNPIXT2H,Transformer,WAP_GT2,PNPI_8,XF,60111728,PNPI_XT2
34522,60081641,DOW031,DOW03_1,Line,DOW_G37_G35,DOWGEN_6_8,SG,60004371,DOW03A1
34522,60004371,DOW03A1,DOW03A_1,Line,DOWGEN_13_8,DOWGEN_6_8,SG,60081641,DOW031
34525,60081642,DOW35-11,DOW35-1_1,Line,DOW_84_82_83,DOWGEN_6_8,35,60004375,DOW441
34525,60004375,DOW441,DOW44_1,Line,DOWGEN_16_8,DOW_G96_ST95,35,60081642,DOW35-11
34536,60081643,DOW44-11,DOW44-1_1,Line,DOW_G96_ST95,DOWGEN_5_8,SG,60004370,DOW02B1
34536,60004370,DOW02B1,DOW02B_1,Line,DOWGEN_16_8,DOWGEN_5_8,SG,60081643,DOW44-11
34537,60081644,DOW44-21,DOW44-2_1,Line,DOW_G96_ST95,DOWGEN_12_8,SG,60004372,DOW03B1
34537,60004372,DOW03B1,DOW03B_1,Line,DOWGEN_13_8,DOW_G37_G35,SG,60081644,DOW44-21
34538,60081645,DOW88-11,DOW88-1_1,Line,DOWGEN_13_8,DOWGEN_5_8,SG,60004386,DOW881
34538,60004386,DOW881,DOW88_1,Line,DOWGEN_3_8,DOWGEN_15_8,SG,60081645,DOW88-11
35416,60001872,6100_J,6100__J,Line,AMOCO3BA_T8,ARENATAP_8,1,60001874,6101_B
35416,60001874,6101_B,6101__B,Line,WINKSS_8,CHEYENTA_8,1,60001872,6100_J
36678,60000993,249T442,249T442_1,Line,ARCOCTAP_8,L_PLEAFA8_1Y,1,60009271,644T6441
36678,60009271,644T6441,644T644_1,Line,L_ARCO__8_1Y,L_PLEAFA8_1Y,1,60000993,249T442
41969,60003986,CLYM_WTU_DE1,CLYM_WTU_DE1_1,Line,DENTONT2,CLYDMAG2,1,60009084,CLYDEM_WTU_DE11
41969,60009084,CLYDEM_WTU_DE11,CLYDEM_WTU_DE1_1,Line,DENTONT2,CLYDEMAG2A,1,60003986,CLYM_WTU_DE1
42487,60002840,ABEA_PUTN1,ABEA_PUTN1_1,Line,ABEA4A,PUTN4A,1,60009609,ABEAST_PUTN11
42487,60009609,ABEAST_PUTN11,ABEAST_PUTN1_1,Line,PUTN4C,ABEAST4A,1,60002840,ABEA_PUTN1
43609,60083286,JCKCNTY2_UNIT4_XFMR,JCKCNTY2_UNIT4_XFMR,Transformer,,,1,60110618,JCKCNTY2_U4XF
43609,60110618,JCKCNTY2_U4XF,JCKCNTY2_U4XF,Transformer,JCKCNTY5,JCKCNTY2_CT4,1,60083286,JCKCNTY2_UNIT4_XFMR
43703,60083285,JCKCNTY2_STG2_XFMR,JCKCNTY2_STG2_XFMR,Transformer,,,1,60110617,JCKCNTY2_G2XF
43703,60110617,JCKCNTY2_G2XF,JCKCNTY2_G2XF,Transformer,JCKCNTY5,JCKCNTY2_ST2,1,60083285,JCKCNTY2_STG2_XFMR
59944,60004846,FTFP_FTPHPM1,FTFP_FTPHPM1_1,Line,FTPHPMP2A,FTFP2A,1,60008051,FTPHPU_PHANPM11
59944,60008051,FTPHPU_PHANPM11,FTPHPU_PHANPM1_1,Line,FTPHPUMP2A,PHANPMPT2A,1,60004846,FTFP_FTPHPM1
65774,60087653,STV_NORF81,STV_NORF8_1,Line,,,1,60007400,STV_NORF1
65774,60007400,STV_NORF1,STV_NORF_1,Line,NORFORK,STEPHENVIL8,1,60087653,STV_NORF81
67781,60080222,BLFDAL_TLRTAP81,BLFDAL_TLRTAP8_1,Line,,,1,60003367,BLFDAL_TLRTAP1
67781,60003367,BLFDAL_TLRTAP1,BLFDAL_TLRTAP_1,Line,TOLARTAP,BLUFFDALE,1,60080222,BLFDAL_TLRTAP81
68156,60003602,CACTUS_SHEF1,CACTUS_SHEF1_1,Line,SHEF2A,CACTUS2A,1,60008087,CACTUS_SHEFFI11
68156,60008087,CACTUS_SHEFFI11,CACTUS_SHEFFI1_1,Line,SHEFFIEL2A,CACTUS2A,1,60003602,CACTUS_SHEF1
68564,60087886,TLRTAP_TOLR81,TLRTAP_TOLR8_1,Line,,,1,60007569,TLRTAP_TOLR1
68564,60007569,TLRTAP_TOLR1,TLRTAP_TOLR_1,Line,TOLARTAP,TNTOLAR___1,1,60087886,TLRTAP_TOLR81
69127,60110856,SCES_G001,SCES_G001,Transformer,SANDYCRK_5,SCES_UNIT1,01,60087189,SCES_1GTBXF001
69127,60087189,SCES_1GTBXF001,SCES_1GTBXF001,Transformer,,,01,60110856,SCES_G001
69912,60085114,NOR_WRIG81,NOR_WRIG8_1,Line,,,1,60006398,NOR_WRIG1
69912,60006398,NOR_WRIG1,NOR_WRIG_1,Line,WRIGHT,NORFORK,1,60085114,NOR_WRIG81
74946,60003419,BNTMIS16A,BNTMIS16_A,Line,MINING16TP_9,BENTON16TP_9,16,60084575,MINMIS16A
74946,60084575,MINMIS16A,MINMIS16_A,Line,MINING_RAD16,MINING__69X,SR,60003419,BNTMIS16A
81961,60089991,13010_A,13010__A,Line,WISHBONE_P8,BUFFALO,1,60008228,BUFFALO_SLSRAN
81961,60008228,BUFFALO_SLSRAN,BUFFALO_SLSRAN_1,Line,SLSRANCH,BUFFALO,1,60089991,13010_A
97351,60007189,SHI_TEMP,SHI_TEMP_1,Line,GPLTEMP,SHILOH9,1,60008886,SHT_SHIL1
97351,60008886,SHT_SHIL1,SHT_SHIL_1,Line,SHILOHTP,SHILOH9,1,60007189,SHI_TEMP
99469,60080352,BRI_COTRD1,BRI_COTRD_1,Line,,,1,60005816,LFTN_COTRD1
99469,60005816,LFTN_COTRD1,LFTN_COTRD_1,Line,LOFTIN,CWDRDSW1_9,1,60080352,BRI_COTRD1
102869,60048230,MASOCT_AT2L,MASOCT_AT2L,Transformer,L_MASOCT8_1Y,L_MASOCT9_1Y,3,"60084276, 60111676, 60006057","MASOCT_AT2_L, MASOCT_AT2H, MASOCT_AT2_H"
114569,60000340,138_LIGON_PAT1,138_LIGON_PAT_1,Line,KEO_3_8,KEO_2_8,S2,60088816,X31
114569,60088816,X31,X3_1,Line,,,S2,60000340,138_LIGON_PAT1
123711,60001538,431_OldTeid,431__A_OldTeid,Line,BELL_E_5,SAND_TXU_5,1,60098080,431_A
123711,60098080,431_A,431__A,Line,SAND_TXU_5,BELL_E_5,2,60001538,431_OldTeid
131445,60080644,CCTPAT_NOVICT11,CCTPAT_NOVICT1_1,Line,CCTPATL2,NOVC2A,1,60006418,NOVICT_TALPAA11
131445,60006418,NOVICT_TALPAA11,NOVICT_TALPAA1_1,Line,NOVC2A,TALPATL2A,1,60080644,CCTPAT_NOVICT11
191599,60061570,ROMNEY128,ROMNEY1_28,Line,,,,60006994,ROMNEY1
191599,60006994,ROMNEY1,ROMNEY1_4Q3128,Line,ROMNEY1_W,ROMNEY1_E,SC,60061570,ROMNEY128
200491,60061571,ROMNEY209,ROMNEY2_09,Line,,,,60006995,ROMNEY2
200491,60006995,ROMNEY2,ROMNEY2_4Q3109,Line,ROMNEY2_W,ROMNEY2_E,SC,60061571,ROMNEY209
211408,60002834,ABEA_ABPG1,ABEA_ABPG1_1,Line,ABEA2B,ABPG2A,1,60009074,ABEAST_ABPOWE11
211408,60009074,ABEAST_ABPOWE11,ABEAST_ABPOWE1_1,Line,ABEAST2B,ABPOWERS2A,1,60002834,ABEA_ABPG1
218594,60042831,KOPPERL123,KOPPERL1_23,Line,,,,60005687,KOPPERL1
218594,60005687,KOPPERL1,KOPPERL1_5Q3123,Line,KOPPRL1W,KOPPRL1E,SC,60042831,KOPPERL123
219180,60042832,KOPPERL207,KOPPERL2_07,Line,,,,60005688,KOPPERL2
219180,60005688,KOPPERL2,KOPPERL2_5Q3107,Line,KOPPRL2W,KOPPRL2E,SC,60042832,KOPPERL207
257884,60100827,DEVINE_LYTLE211,DEVINE_LYTLE21_1,Line,DEVINE2A,LYTLE2A,1,60004283,DEVINE_LYTLE21_OldTeid
257884,60004283,DEVINE_LYTLE21_OldTeid,DEVINE_LYTLE21_1_OldTeid,Line,DEVINE2A,LYTLE22A,1,60100827,DEVINE_LYTLE211
278957,60110725,TNSKA_FMR1,TNSKA_FMR1,Transformer,TENASKA_8,TNSKA_GT1,1,60087924,TNSKA_UXFMR1
278957,60087924,TNSKA_UXFMR1,TNSKA_UXFMR1,Transformer,,,1,60110725,TNSKA_FMR1
278959,60088561,WHTTAIL_WHTL_T1,WHTTAIL_WHTL_T1,Transformer,,,1,60112263,WHTTAIL_WHTL
278959,60112263,WHTTAIL_WHTL,WHTTAIL_WHTL,Transformer,WHTTAIL_WR1,WHTTAIL_1_8,1,60088561,WHTTAIL_WHTL_T1
278965,60083533,KMCHI_1CT201,KMCHI_1CT201,Transformer,,,1,60112259,KMCHI_FMR1
278965,60112259,KMCHI_FMR1,KMCHI_FMR1,Transformer,KMCHI_1CT201,KMCHI_1_5,1,60083533,KMCHI_1CT201
278970,60006580,PAIP_138_69_2,PAIP_138_69_2,Transformer,,,1,60008533,PAINTCRE_138_69_2
278970,60008533,PAINTCRE_138_69_2,PAINTCRE_138_69_2,Transformer,PAINTCRE2A,PAINTCRE4A,1,60006580,PAIP_138_69_2
278983,60081453,DCSES_UCXFMR1,DCSES_UCXFMR1,Transformer,,,2,60110752,DCSES_FMR1
278983,60110752,DCSES_FMR1,DCSES_FMR1,Transformer,DECRDOVA_8,DCSES_CT10,T3,60081453,DCSES_UCXFMR1
279008,60003080,ARANSAS_138_69A1,ARANSAS_138_69A1,Transformer,,,1,60111090,ARANSASP_138_69A1
279008,60111090,ARANSASP_138_69A1,ARANSASP_138_69A1,Transformer,ARANSASP2A,ARANSASP4A,1,60003080,ARANSAS_138_69A1
279020,60085756,PEARSAL2_AET903,PEARSAL2_AET903,Transformer,,,1,60111620,PEARSAL2_T903
279020,60111620,PEARSAL2_T903,PEARSAL2_T903,Transformer,PEARSALLSCB8,PEARSA_ENG13,1,60085756,PEARSAL2_AET903
279023,60084397,MDANP_UCXFMR1_H,MDANP_UCXFMR1_H,Transformer,,,1,60110766,MDANP_FMR1
279023,60110766,MDANP_FMR1,MDANP_FMR1,Transformer,MDLTHELP_S5,MDANP_CT1,1,60084397,MDANP_UCXFMR1_H
279038,60082814,HAS_HASSE18,HAS_HASSE18,Transformer,,,1,"60037262, 60110605, 60005234","HAS_HAS1_L, HAS_HAS1, HAS_HASSE19"
279038,60110605,HAS_HAS1,HAS_HAS1,Transformer,HASSE8,HASSE,1,"60082814, 60037262, 60005234","HAS_HASSE18, HAS_HAS1_L, HAS_HASSE19"
279046,60005797,LENSW_AXFMR2,LENSW_AXFMR2,Transformer,,,1,"60044288, 60009299","LENSW_AXFMR2H, LENSW_AXFMR2L"
279049,60007726,VISTRON_NB-9302B,VISTRON_NB-9302B,Transformer,VISTRON4A,VISTRON_TG1,2,60011065,VISTRON_T2
279049,60011065,VISTRON_T2,VISTRON_T2,Transformer,VISTRON4B,VISTRON_TG1,2,60007726,VISTRON_NB-9302B
279055,60082530,GBY_GBYXT7C,GBY_GBYXT7C,Transformer,49130_STAR,GRNBYU__138F,G1,60111610,GBY_XT7C
279055,60111610,GBY_XT7C,GBY_XT7C,Transformer,49130_STAR,GENGBY7_08_8,G1,60082530,GBY_GBYXT7C
279056,60082532,GBY_GBYXT8F,GBY_GBYXT8F,Transformer,49117_STAR,GRNBYU__138F,G1,60111611,GBY_XT8F
279056,60111611,GBY_XT8F,GBY_XT8F,Transformer,49117_STAR,GENGBY7_08_8,G1,60082532,GBY_GBYXT8F
279060,60082531,GBY_GBYXT8C,GBY_GBYXT8C,Transformer,49118_STAR,GRNBYU__138F,G1,60111609,GBY_XT8C
279060,60111609,GBY_XT8C,GBY_XT8C,Transformer,49118_STAR,GENGBY7_08_8,G1,60082531,GBY_GBYXT8C
279079,60110820,SCSES_FMR2,SCSES_FMR2,Transformer,STRYKER_8,SCSES_UNIT2,2,60087203,SCSES_UXFMR2
279079,60087203,SCSES_UXFMR2,SCSES_UXFMR2,Transformer,,,2,60110820,SCSES_FMR2
279126,60082128,FLCNS_UXFMR1,FLCNS_UXFMR1,Transformer,,,1,60110680,FLCNS_FMR1
279126,60110680,FLCNS_FMR1,FLCNS_FMR1,Transformer,FSCOGEN_8,FLCNS_UNIT1,1,60082128,FLCNS_UXFMR1
279131,60085318,OECCS_CT11,OECCS_CT11,Transformer,,,1,60112101,OECCS_1TFA
279131,60112101,OECCS_1TFA,OECCS_1TFA,Transformer,OECCS_CT11,OECCS_1_5,1,60085318,OECCS_CT11
279165,60111440,SC_AT1H_H,SC_AT1H_H,Transformer,S_CHAN__B138,S_CHAN_A1STR,A1,60007115,SC_AT1_H_OldTeid
279165,60007115,SC_AT1_H_OldTeid,SC_AT1_H_OldTeid,Transformer,S_CHAN___B69,S_CHAN_A1STR,A1,60111440,SC_AT1H_H
279172,60083960,LNCRK2_UXFMR_T2,LNCRK2_UXFMR_T2,Transformer,,,1,60083961,LNCRK2_UXFMR_T2_L
279172,60083961,LNCRK2_UXFMR_T2_L,LNCRK2_UXFMR_T2_L,Transformer,,,1,60083960,LNCRK2_UXFMR_T2
279173,60003301,BGLK_XFMR_E1,BGLK_XFMR_E1,Transformer,,,1,"60017412, 60110994","BIGLAKE_XFMR_E1_H, BIGLAKE_XFMR_E1_L"
279187,60004110,CRAN_XFMR1,CRAN_XFMR1,Transformer,CRAN2A,WTUCRAN4,1,"60025851, 60111000","CRAN_XFMR1_H, CRAN_XFMR1_L"
279192,60082420,FTR_UXFMR1,FTR_UXFMR1,Transformer,,,G1,60112055,FTR_FMR1
279192,60112055,FTR_FMR1,FTR_FMR1,Transformer,FTR_FTR_G1,FTR_1_5,G1,60082420,FTR_UXFMR1
279193,60082421,FTR_UXFMR2,FTR_UXFMR2,Transformer,,,G1,60112057,FTR_FMR2
279193,60112057,FTR_FMR2,FTR_FMR2,Transformer,FTR_FTR_G2,FTR_1_5,G1,60082421,FTR_UXFMR2
279196,60082422,FTR_UXFMR3,FTR_UXFMR3,Transformer,,,G1,60112056,FTR_FMR3
279196,60112056,FTR_FMR3,FTR_FMR3,Transformer,FTR_FTR_G3,FTR_1_5,G1,60082422,FTR_UXFMR3
279200,60110607,MIL_FMR1,MIL_FMR1,Transformer,RWMILLER,MIL_MILLERG1,1,60084568,MIL_UNIT1_XFMR
279200,60084568,MIL_UNIT1_XFMR,MIL_UNIT1_XFMR,Transformer,,,1,60110607,MIL_FMR1
279204,60085351,OLINGR_GSUXFMR1,OLINGR_GSUXFMR1,Transformer,,,1,60011377,OLINGR_AMR1
279204,60011377,OLINGR_AMR1,OLINGR_AMR1,Transformer,OLINGER_9,OLIN_OLING_1,1,60085351,OLINGR_GSUXFMR1
279205,60111524,JN_AT3H_H,JN_AT3H_H,Transformer,JENETA__B345,JENETA_A3STR,A3,60005544,JN_AT3_H_OldTeid
279205,60005544,JN_AT3_H_OldTeid,JN_AT3_H_OldTeid,Transformer,JENETA__B138,JENETA_A3STR,A3,60111524,JN_AT3H_H
279210,60081120,CPSES_UXFMR1A,CPSES_UXFMR1A,Transformer,,,1,60110756,CPSES_MR1A
279210,60110756,CPSES_MR1A,CPSES_MR1A,Transformer,COMCHPKW_5,CPSES_UNIT1,1,60081120,CPSES_UXFMR1A
279215,60084393,MCSES_UXFMR6,MCSES_UXFMR6,Transformer,,,6,60111251,MCSES_FMR6
279215,60111251,MCSES_FMR6,MCSES_FMR6,Transformer,MTCK_6T8,MCSES_UNIT6,6,60084393,MCSES_UXFMR6
279228,60087655,STV_XFMR1,STV_XFMR1,Transformer,,,1,"60067690, 60007401","STV_XFMR18, STV_XFMR19"
279253,60083130,HWF_HWF-T1,HWF_HWF-T1,Transformer,,,1,60111199,HWF_MR1
279253,60111199,HWF_MR1,HWF_MR1,Transformer,COKFIELD1_5,HWF_HWFG1,1,60083130,HWF_HWF-T1
279309,60082992,HLSES_UXFMR3,HLSES_UXFMR3,Transformer,,,1,60110770,HLSES_FMR3
279309,60110770,HLSES_FMR3,HLSES_FMR3,Transformer,HANDLEYC_8,HLSES_UNIT3,1,60082992,HLSES_UXFMR3
279313,60110613,TEN_1STG,TEN_1STG,Transformer,JNSNCNTY8,TEN_STG,1,60087785,TEN_1STG-XF-1
279313,60087785,TEN_1STG-XF-1,TEN_1STG-XF-1,Transformer,,,1,60110613,TEN_1STG
279316,60110642,STEAM_FMR2,STEAM_FMR2,Transformer,STEAM_D,STEA_STEAM_2,2,60087577,STEAM_GSUXFMR2
279316,60087577,STEAM_GSUXFMR2,STEAM_GSUXFMR2,Transformer,,,2,60110642,STEAM_FMR2
279367,60056216,PENA_FMR1,PENA_FMR1,Transformer,PENA_1_5,PENA_UNIT1,1,60085868,PENA_PENASCALXFMR1
279367,60085868,PENA_PENASCALXFMR1,PENA_PENASCALXFMR1,Transformer,,,1,60056216,PENA_FMR1
279375,60003188,BALG_XFMR1,BALG_XFMR1,Transformer,BALG2A,BALG4A,1,60009311,BALLINGE_XFMR1
279375,60009311,BALLINGE_XFMR1,BALLINGE_XFMR1,Transformer,BALLINGE2A,BALLINGE4A,1,60003188,BALG_XFMR1
279385,60112759,SWEETWN5_XF5,SWEETWN5_XF5,Transformer,SWEETWN_WND5,SWEETWN5_5,1,60007427,SWEETWN4_5
279385,60007427,SWEETWN4_5,SWEETWN4_5,Transformer,SWEETWN_WND5,SWEETWN4_2_5,1,60112759,SWEETWN5_XF5
279397,60002855,ABNW_138_69T1,ABNW_138_69T1,Transformer,ABNW2A,ABNW4A,1,60110975,ABNTHWST_138_69T1
279397,60110975,ABNTHWST_138_69T1,ABNTHWST_138_69T1,Transformer,ABNTHWST2A,ABNTHWST4B,1,60002855,ABNW_138_69T1
279403,60110639,SPNCER_FMR4,SPNCER_FMR4,Transformer,SPNCRGEN69,SPNC_SPNCE_4,1,60087475,SPNCER_GSUXFMR4
279403,60087475,SPNCER_GSUXFMR4,SPNCER_GSUXFMR4,Transformer,,,1,60110639,SPNCER_FMR4
279408,60081402,DANSBY_GSUXFMR3,DANSBY_GSUXFMR3,Transformer,,,1,60111383,DANSBY_T3_H
279408,60111383,DANSBY_T3_H,DANSBY_T3_H,Transformer,BRYN_DSBY69,DAN_DANSBYG3,1,60081402,DANSBY_GSUXFMR3
279411,60110792,NORSW_AXFMR1H_H,NORSW_AXFMR1H_H,Transformer,NORWD_1T5,NORSW1_1,1,60006401,NORSW_AXFMR1H
279411,60006401,NORSW_AXFMR1H,NORSW_AXFMR1H,Transformer,,,1,60110792,NORSW_AXFMR1H_H
279429,60002877,ABSO_138_69T1,ABSO_138_69T1,Transformer,ABSO4A,ABSO2A,1,"60066397, 60110980","SOUTHABI_138_69T1_H, SOUTHABI_138_69T1_L"
279432,60087812,TGW_T2,TGW_T2,Transformer,,,1,60112571,TGW_TR2
279432,60112571,TGW_TR2,TGW_TR2,Transformer,TGW_T2,TGW_1_5,1,60087812,TGW_T2
279433,60087811,TGW_T1,TGW_T1,Transformer,,,1,60112572,TGW_TR1
279433,60112572,TGW_TR1,TGW_TR1,Transformer,TGW_T1,TGW_1_5,1,60087811,TGW_T1
279439,60080319,BOSQUESW_GSUXFMR1,BOSQUESW_GSUXFMR1,Transformer,,,1,60110600,BOSQUESW_FMR1
279439,60110600,BOSQUESW_FMR1,BOSQUESW_FMR1,Transformer,BOSQUESW5,BOSQ_BSQSU_1,1,60080319,BOSQUESW_GSUXFMR1
279440,60082141,FLTCK_UNIT_1,FLTCK_UNIT_1,Transformer,,,1,60110723,FLTCK_T1
279440,60110723,FLTCK_T1,FLTCK_T1,Transformer,SLSTR1PP_8,FLTCK_SSI,1,60082141,FLTCK_UNIT_1
279460,60083887,LHSES_UXFMR1,LHSES_UXFMR1,Transformer,,,1,60110789,LHSES_FMR1
279460,60110789,LHSES_FMR1,LHSES_FMR1,Transformer,LKHB_1T8,LHSES_UNIT1,1,60083887,LHSES_UXFMR1
279469,60088357,WAP_WAPMT1_,WAP_WAPMT1_,Transformer,W_A_P___138A,WAP_WAP_G1,G1,60111613,WAP_MT1
279469,60111613,WAP_MT1,WAP_MT1,Transformer,GENWAP1_01_8,WAP_WAP_G1,G1,60088357,WAP_WAPMT1_
279474,60083886,LH2SES_UXFMR2,LH2SES_UXFMR2,Transformer,,,2,60111249,LHSES_FMR2
279474,60111249,LHSES_FMR2,LHSES_FMR2,Transformer,LKHB_2T8,LH2SES_UNIT2,2,60083886,LH2SES_UXFMR2
279484,60084131,LPCCS_UXFMR1,LPCCS_UXFMR1,Transformer,,,1,60112252,LPCCS_FMR1
279484,60112252,LPCCS_FMR1,LPCCS_FMR1,Transformer,LPCCS_UNIT1,LPCCS_1_5,1,60084131,LPCCS_UXFMR1
279501,60003701,CBY_AT3_H_OldTeid,CBY_AT3_H_OldTeid,Transformer,CEDARP_B138B,CEDARP_A3STR,A3,60094322,CBY_AT3H_H
279501,60094322,CBY_AT3H_H,CBY_AT3H_H,Transformer,CEDARP_B345A,CEDARP_A3STR,A3,60003701,CBY_AT3_H_OldTeid
279503,60083875,LGE_138_13_1,LGE_138_13_1,Transformer,,,1,60112552,LGE_13_1
279503,60112552,LGE_13_1,LGE_13_1,Transformer,LGE_LGE_STG,LGE4A,1,60083875,LGE_138_13_1
279509,60006529,OLMOSW_AT1,OLMOSW_AT1,Transformer,L_OLMOSW8_1Y,L_OLMOSW9_1Y,1,"60054559, 60111050","OLMOSW_AT1L, OLMOSW_AT1H"
279521,60083580,KUNITZ_TWPP_KUN,KUNITZ_TWPP_KUN,Transformer,,,1,60112097,KUNITZ_TWPPKUN
279521,60112097,KUNITZ_TWPPKUN,KUNITZ_TWPPKUN,Transformer,L_KUNITZ8_1Y,KUN_WIND_LGE,1,60083580,KUNITZ_TWPP_KUN
279550,60007649,TWINBU_T1H,TWINBU_T1H,Transformer,L_TWINBU1_1,L_TWINBU5_1Y,1,60008846,TWINBU_AT1H
279550,60008846,TWINBU_AT1H,TWINBU_AT1H,Transformer,L_TWINBU5_1Y,L_TWINBU_1Z,1,60007649,TWINBU_T1H
279552,60007650,TWINBU_T1L,TWINBU_T1L,Transformer,L_TWINBU8_1Y,L_TWINBU1_1,1,60008847,TWINBU_AT1L
279552,60008847,TWINBU_AT1L,TWINBU_AT1L,Transformer,L_TWINBU8_1Y,L_TWINBU_1Z,1,60007650,TWINBU_T1L
279578,60002847,ABEC_XFMR1,ABEC_XFMR1,Transformer,ABEC4A,ABEC2A,1,60009307,ELMCRK_XFMR1
279578,60009307,ELMCRK_XFMR1,ELMCRK_XFMR1,Transformer,ELMCRK2A,ELMCRK4A,1,60002847,ABEC_XFMR1
279589,60082699,GRSES_UXFMR1,GRSES_UXFMR1,Transformer,,,1,60110708,GRSES_FMR1
279589,60110708,GRSES_FMR1,GRSES_FMR1,Transformer,GRHAMSES1_8,GRSES_UNIT1,1,60082699,GRSES_UXFMR1
279591,60083971,LNCRK_XFMR_T1,LNCRK_XFMR_T1,Transformer,,,1,60112412,LNCRK_T1
279591,60112412,LNCRK_T1,LNCRK_T1,Transformer,LNCRK_G83,LNCRK_1_5,1,60083971,LNCRK_XFMR_T1
279601,60110974,RADIUM_138_69T1,RADIUM_138_69T1,Transformer,RADIUMMT_8,RADIUM2A,1,60006853,RADM_138_69T1
279601,60006853,RADM_138_69T1,RADM_138_69T1,Transformer,RADM2A,RADIUMMT_8,1,60110974,RADIUM_138_69T1
279602,60087138,SARC_T1H,SARC_T1H,Transformer,SARC7A,SRC1DUM,1,60006901,REDCREEK_T1H
279602,60006901,REDCREEK_T1H,REDCREEK_T1H,Transformer,SRC1DUM,REDCREEK7A,1,60087138,SARC_T1H
279604,60087139,SARC_T1L,SARC_T1L,Transformer,SRC1DUM,SARC4A,1,60006902,REDCREEK_T1L
279604,60006902,REDCREEK_T1L,REDCREEK_T1L,Transformer,SRC1DUM,REDCREEK4A,1,60087139,SARC_T1L
279608,60007094,SANO_138_69T1,SANO_138_69T1,Transformer,SANO4A,SANO2A,1,"60063098, 60009971","SANORTH_138_69T1_H, SANORTH_138_69T1_L"
279609,60087030,SAPS_138_69T1,SAPS_138_69T1,Transformer,SAPS2A,SAPS4B,1,60007101,SAPOWER_138_69T1
279609,60007101,SAPOWER_138_69T1,SAPOWER_138_69T1,Transformer,SAPOWER2A,SAPOWER4B,1,60087030,SAPS_138_69T1
279646,60008823,MOUNTO_AT1L,MOUNTO_AT1L,Transformer,L_MOUNTO8_1Y,P_MOUNTO9_1_,1,"60051005, 60006251","MOUNTO_AT1H, MOUNTO_41AT1"
279671,60019167,BRAZ_WND_MR1,BRAZ_WND_MR1,Transformer,BRAZ_WN_WND1,BRAZ_WND_2_8,1,60080345,BRAZ_WND_UXFMR1
279671,60080345,BRAZ_WND_UXFMR1,BRAZ_WND_UXFMR1,Transformer,BRAZ_WN_WND1,BRAZ_WND_1_8,1,60019167,BRAZ_WND_MR1
279672,60002832,ABEA_138_69_T1,ABEA_138_69_T1,Transformer,ABEA4A,ABEA2A,1,"60110981, 60115039, 60115040","ABEAST_138_69_T1, ABEAST_138_69_T1_H, ABEAST_138_69_T1_L"
279672,60110981,ABEAST_138_69_T1,ABEAST_138_69_T1,Transformer,ABEAST4A,ABEAST2A,1,"60002832, 60115039, 60115040","ABEA_138_69_T1, ABEAST_138_69_T1_H, ABEAST_138_69_T1_L"
279696,60110953,SANMIGL_UT1,SANMIGL_UT1,Transformer,MIGUEL5,SAN_SANMIGG1,1,60086933,SANMIGL_DP_MT_1
279696,60086933,SANMIGL_DP_MT_1,SANMIGL_DP_MT_1,Transformer,,,1,60110953,SANMIGL_UT1
279714,60008824,DEVIHI_AT3L,DEVIHI_AT3L,Transformer,P_DEVIHI9_1_,P_DEVIHI8_1_,1,"60028108, 60004282","DEVIHI_AT3H, DEVIHI_66AT3"
279729,60080685,CELANEBI_XF_1_138,CELANEBI_XF_1_138,Transformer,,,1,60112555,CELANEBI_XFM1
279729,60112555,CELANEBI_XFM1,CELANEBI_XFM1,Transformer,CEL_CELANEG1,CELANEBI_1_8,1,60080685,CELANEBI_XF_1_138
279744,60088706,WND_GSUXFMR1,WND_GSUXFMR1,Transformer,,,1,60110599,WND_FMR1
279744,60110599,WND_FMR1,WND_FMR1,Transformer,WHITNEYDM,WND_1,1,60088706,WND_GSUXFMR1
279749,60083810,LEG_LEGMT2_,LEG_LEGMT2_,Transformer,,,1,60111608,LEG_MT2
279749,60111608,LEG_MT2,LEG_MT2,Transformer,GENLEG2_02_5,LEG_LEG_G2,1,60083810,LEG_LEGMT2_
279750,60083809,LEG_LEGMT1_,LEG_LEGMT1_,Transformer,,,1,60111607,LEG_MT1
279750,60111607,LEG_MT1,LEG_MT1,Transformer,GENLEG1_01_5,LEG_LEG_G1,1,60083809,LEG_LEGMT1_
279759,60004290,DIB_XF_2_138,DIB_XF_2_138,Transformer,DIB_DIB_G2,DS_BAT__138A,G1,60111417,DIB_MT3H
279759,60111417,DIB_MT3H,DIB_MT3H,Transformer,DIABOX_POI_8,DIB_DIB_G2,G1,60004290,DIB_XF_2_138
279765,60084109,LOSTPI_GSUTC,LOSTPI_GSUTC,Transformer,LOS_LOSTPST1,L_LOSTPI1_1Y,3,60046013,LOSTPI_GSUC
279765,60046013,LOSTPI_GSUC,LOSTPI_GSUC,Transformer,LOSTPINE5,LOS_LOSTPST1,3,60084109,LOSTPI_GSUTC
279767,60084107,LOSTPI_GSUTA,LOSTPI_GSUTA,Transformer,LOS_LOSTPGT1,L_LOSTPI1_1Y,1,60046011,LOSTPI_GSUA
279767,60046011,LOSTPI_GSUA,LOSTPI_GSUA,Transformer,LOS_LOSTPGT1,LOSTPINE5,1,60084107,LOSTPI_GSUTA
279768,60084108,LOSTPI_GSUTB,LOSTPI_GSUTB,Transformer,LOS_LOSTPGT2,L_LOSTPI1_1Y,2,60046012,LOSTPI_GSUB
279768,60046012,LOSTPI_GSUB,LOSTPI_GSUB,Transformer,LOSTPINE5,LOS_LOSTPGT2,2,60084108,LOSTPI_GSUTB
279793,60081999,EXN_T5901_L,EXN_T5901_L,Transformer,EXXON___138A,EXN_3_9,A1,"60031297, 60004639, 60111419","EXN_5901_L, EXN_T5901, EXN_5901"
279795,60082000,EXN_T5902_L,EXN_T5902_L,Transformer,EXXON___138A,EXN_3_9,A2,"60031298, 60004640, 60111418","EXN_5902_L, EXN_T5902, EXN_5902"
279796,60082001,EXN_T5903_L,EXN_T5903_L,Transformer,EXXON___138A,EXN_3_9,A3,"60031299, 60004641, 60111420","EXN_5903_L, EXN_T5903, EXN_5903"
279806,60085757,PEARSAL2_AET904,PEARSAL2_AET904,Transformer,,,1,60111618,PEARSAL2_T904
279806,60111618,PEARSAL2_T904,PEARSAL2_T904,Transformer,PEARSALLSCB8,PEARSA_ENG19,1,60085757,PEARSAL2_AET904
279811,60085654,PB2SES_UCXFMR2,PB2SES_UCXFMR2,Transformer,,,1,60111297,PB2SES_FMR2
279811,60111297,PB2SES_FMR2,PB2SES_FMR2,Transformer,PBGENBUS_B,PB2SES_CT2,1,60085654,PB2SES_UCXFMR2
279846,60004346,DOW_AT1_H_OldTeid,DOW_AT1_H_OldTeid,Transformer,DOW____B138A,DOW____A1STR,A1,60111462,DOW_AT1H_H
279846,60111462,DOW_AT1H_H,DOW_AT1H_H,Transformer,DOW____POI_5,DOW____A1STR,A1,60004346,DOW_AT1_H_OldTeid
279849,60085328,OGSES_OGAXFRM1_L,OGSES_OGAXFRM1_L,Transformer,,,1,"60054331, 60112059, 60006501","OGSES_FRM1_L, OGSES_FRM1, OGSES_OGAXFRM1"
279860,60110726,TNSKA_FMR3,TNSKA_FMR3,Transformer,TENASKA_8,TNSKA_STG,1,60087926,TNSKA_UXFMR3
279860,60087926,TNSKA_UXFMR3,TNSKA_UXFMR3,Transformer,,,1,60110726,TNSKA_FMR3
279862,60088362,WAP_WAPMT6_,WAP_WAPMT6_,Transformer,WAP_WAP_G6,W_A_P___345A,G1,60111604,WAP_MT6
279862,60111604,WAP_MT6,WAP_MT6,Transformer,GENWAP6_06_5,WAP_WAP_G6,G1,60088362,WAP_WAPMT6_
279864,60084394,MCSES_UXFMR7,MCSES_UXFMR7,Transformer,,,7,60111252,MCSES_FMR7
279864,60111252,MCSES_FMR7,MCSES_FMR7,Transformer,MTCK_7T8,MCSES_UNIT7,7,60084394,MCSES_UXFMR7
279865,60084401,MDANP_UCXFMR5_H,MDANP_UCXFMR5_H,Transformer,,,5,60110763,MDANP_FMR5
279865,60110763,MDANP_FMR5,MDANP_FMR5,Transformer,MDLTHELP_5,MDANP_CT5,5,60084401,MDANP_UCXFMR5_H
279872,60088360,WAP_WAPMT4_,WAP_WAPMT4_,Transformer,W_A_P___138A,WAP_WAP_G4,G1,60111615,WAP_MT4
279872,60111615,WAP_MT4,WAP_MT4,Transformer,GENWAP4_04_8,WAP_WAP_G4,G1,60088360,WAP_WAPMT4_
279875,60083963,LNCRK2_XFMR_T2,LNCRK2_XFMR_T2,Transformer,,,2,60112413,LNCRK2_T21
279875,60112413,LNCRK2_T21,LNCRK2_T21,Transformer,LNCRK2_G872,LNCRK2_1_8,2,60083963,LNCRK2_XFMR_T2
279876,60084395,MCSES_UXFMR8,MCSES_UXFMR8,Transformer,,,8,60111253,MCSES_FMR8
279876,60111253,MCSES_FMR8,MCSES_FMR8,Transformer,MTCK_8T8,MCSES_UNIT8,8,60084395,MCSES_UXFMR8
279880,60069410,THW_MT3,THW_MT3,Transformer,THW_THWST_3,GENTHW3X03_8,G1,60087852,THW_THWMT3_
279880,60087852,THW_THWMT3_,THW_THWMT3_,Transformer,THW_THWST_3,T_H_W___138E,G1,60069410,THW_MT3
279894,60087859,THW_THWXT5D,THW_THWXT5D,Transformer,T_H_W___345B,49174_STAR,G1,60111599,THW_XT5D
279894,60111599,THW_XT5D,THW_XT5D,Transformer,49174_STAR,GENTHW5X05_5,G1,60087859,THW_THWXT5D
279895,60087860,THW_THWXT5G,THW_THWXT5G,Transformer,T_H_W___345B,49173_STAR,G1,60111601,THW_XT5G
279895,60111601,THW_XT5G,THW_XT5G,Transformer,49173_STAR,GENTHW5X05_5,G1,60087860,THW_THWXT5G
279899,60081601,DIB_XT3,DIB_XT3,Transformer,DIB_DIB_G4,DS_BAT__138A,G1,60111416,DIB_MT4H
279899,60111416,DIB_MT4H,DIB_MT4H,Transformer,DIABOX_POI_8,DIB_DIB_G4,G1,60081601,DIB_XT3
279906,60083537,KMCHI_2ST,KMCHI_2ST,Transformer,,,1,60112258,KMCHI_FMR6
279906,60112258,KMCHI_FMR6,KMCHI_FMR6,Transformer,KMCHI_2ST,KMCHI_1_5,1,60083537,KMCHI_2ST
279912,60082130,FLCNS_UXFMR3,FLCNS_UXFMR3,Transformer,,,5,60110679,FLCNS_FMR3
279912,60110679,FLCNS_FMR3,FLCNS_FMR3,Transformer,FSCOGEN_8,FLCNS_UNIT3,5,60082130,FLCNS_UXFMR3
279914,60083535,KMCHI_2CT101,KMCHI_2CT101,Transformer,,,1,60112260,KMCHI_FMR5
279914,60112260,KMCHI_FMR5,KMCHI_FMR5,Transformer,KMCHI_2CT101,KMCHI_1_5,1,60083535,KMCHI_2CT101
279918,60065062,SILASRAY_SGT9,SILASRAY_SGT9,Transformer,SILA_SILAS_9,PWRPLT69,9,60087329,SILASRAY_GSU-9
279918,60087329,SILASRAY_GSU-9,SILASRAY_GSU-9,Transformer,,,9,60065062,SILASRAY_SGT9
279921,60082127,FLCNS_AXFMR2,FLCNS_AXFMR2,Transformer,,,4,"60032369, 60004726, 60010363","FLCNS_AMR2_L, FLCNS_AXFMR2_L, FLCNS_AMR2"
279943,60083536,KMCHI_2CT201,KMCHI_2CT201,Transformer,,,1,60112257,KMCHI_FMR4
279943,60112257,KMCHI_FMR4,KMCHI_FMR4,Transformer,KMCHI_2CT201,KMCHI_1_5,1,60083536,KMCHI_2CT201
279948,60082238,FORMOSA_TR2XH,FORMOSA_TR2XH,Transformer,FOR_FORMOSG8,FORMOSA4A,5,60010590,FORMOSA_TR2X
279948,60010590,FORMOSA_TR2X,FORMOSA_TR2X,Transformer,FOR_FORMOSG8,FORMOSA_TR2,X2,60082238,FORMOSA_TR2XH
279953,60080516,B_DAVIS_142_18_3,B_DAVIS_142_18_3,Transformer,,,1,60112542,B_DAVIS_18-3
279953,60112542,B_DAVIS_18-3,B_DAVIS_18-3,Transformer,B_D_B_DAVIG3,B_DAVIS_3_9,1,60080516,B_DAVIS_142_18_3
279954,60080517,B_DAVIS_142_18_4,B_DAVIS_142_18_4,Transformer,,,2,60112543,B_DAVIS_18-4
279954,60112543,B_DAVIS_18-4,B_DAVIS_18-4,Transformer,B_D_B_DAVIG4,B_DAVIS_4_9,2,60080517,B_DAVIS_142_18_4
279955,60080515,B_DAVIS_138_24_1,B_DAVIS_138_24_1,Transformer,,,4,60112540,B_DAVIS_24-1
279955,60112540,B_DAVIS_24-1,B_DAVIS_24-1,Transformer,B_D_B_DAVIG1,B_DAVIS_1_8,4,60080515,B_DAVIS_138_24_1
279956,60080514,B_DAVIS_138_22_2,B_DAVIS_138_22_2,Transformer,,,3,60112541,B_DAVIS_22-2
279956,60112541,B_DAVIS_22-2,B_DAVIS_22-2,Transformer,B_D_B_DAVIG2,B_DAVIS_2_8,3,60080514,B_DAVIS_138_22_2
280004,60111450,PHR_AT4H_H,PHR_AT4H_H,Transformer,P_H_R___B345,P_H_R__A4STR,A4,60006699,PHR_AT4_H_OldTeid
280004,60006699,PHR_AT4_H_OldTeid,PHR_AT4_H_OldTeid,Transformer,P_H_R___B138,P_H_R__A4STR,A4,60111450,PHR_AT4H_H
280019,60111422,GBY_AT1H_H,GBY_AT1H_H,Transformer,GRNBYU__B345,GRNBYU_A1STR,A1,60004971,GBY_AT1_H_OldTeid
280019,60004971,GBY_AT1_H_OldTeid,GBY_AT1_H_OldTeid,Transformer,GRNBYU_POI8A,GRNBYU_A1STR,A1,60111422,GBY_AT1H_H
280028,60110611,MIL_FMR5,MIL_FMR5,Transformer,RWMILLER,MIL_MILLERG5,5,60084572,MIL_UNIT5_XFMR
280028,60084572,MIL_UNIT5_XFMR,MIL_UNIT5_XFMR,Transformer,,,5,60110611,MIL_FMR5
280038,60110609,MIL_FMR2,MIL_FMR2,Transformer,RWMILLER,MIL_MILLERG2,2,60084569,MIL_UNIT2_XFMR
280038,60084569,MIL_UNIT2_XFMR,MIL_UNIT2_XFMR,Transformer,,,2,60110609,MIL_FMR2
280041,60085322,OECCS_ST1,OECCS_ST1,Transformer,,,5,60112099,OECCS_1TFC
280041,60112099,OECCS_1TFC,OECCS_1TFC,Transformer,OECCS_UNIT1,OECCS_1_5,5,60085322,OECCS_ST1
280043,60080322,BOSQUESW_GSUXFMR4,BOSQUESW_GSUXFMR4,Transformer,,,4,60110604,BOSQUESW_FMR4
280043,60110604,BOSQUESW_FMR4,BOSQUESW_FMR4,Transformer,BOSQUESW8,BOSQ_BSQSU_4,4,60080322,BOSQUESW_GSUXFMR4
280051,60087854,THW_THWXT3A,THW_THWXT3A,Transformer,49151_STAR,T_H_W___138E,G1,60111596,THW_XT3A
280051,60111596,THW_XT3A,THW_XT3A,Transformer,49151_STAR,GENTHW3X03_8,G1,60087854,THW_THWXT3A
280052,60084402,MDANP_UCXFMR6_H,MDANP_UCXFMR6_H,Transformer,,,6,60110764,MDANP_FMR6
280052,60110764,MDANP_FMR6,MDANP_FMR6,Transformer,MDLTHELP_5,MDANP_CT6,6,60084402,MDANP_UCXFMR6_H
280054,60085320,OECCS_CT21,OECCS_CT21,Transformer,,,3,60112102,OECCS_2TFA
280054,60112102,OECCS_2TFA,OECCS_2TFA,Transformer,OECCS_CT21,OECCS_2_5,3,60085320,OECCS_CT21
280055,60019168,BRAZ_WND_MR2,BRAZ_WND_MR2,Transformer,BRAZ_WND_1_8,BRAZ_WN_WND2,2,60080346,BRAZ_WND_UXFMR2
280055,60080346,BRAZ_WND_UXFMR2,BRAZ_WND_UXFMR2,Transformer,BRAZ_WN_WND2,BRAZ_WND_2_8,2,60019168,BRAZ_WND_MR2
280056,60111712,LARDVFT_VFT_S_H,LARDVFT_VFT_S_H,Transformer,LARDVFT0B,LARDVFT4C,3,60005742,LARDVFT_VFT_S
280056,60005742,LARDVFT_VFT_S,LARDVFT_VFT_S,Transformer,LARDVFT4B,LARDVFT0B,3,60111712,LARDVFT_VFT_S_H
280057,60069411,THW_MT4,THW_MT4,Transformer,GENTHW4X04_8,THW_THWST_4,G1,60087853,THW_THWMT4_
280057,60087853,THW_THWMT4_,THW_THWMT4_,Transformer,THW_THWST_4,T_H_W___138E,G1,60069411,THW_MT4
280062,60085656,PB2SES_UCXFMR4,PB2SES_UCXFMR4,Transformer,,,5,60111298,PB2SES_FMR4
280062,60111298,PB2SES_FMR4,PB2SES_FMR4,Transformer,PBGENBUS_B,PB2SES_CT4,5,60085656,PB2SES_UCXFMR4
280065,60080630,CBY_CBYMT1_,CBY_CBYMT1_,Transformer,CBY_CBY_G1,CEDARP__138C,G1,60111593,CBY_MT1
280065,60111593,CBY_MT1,CBY_MT1,Transformer,GENCBY1_01_8,CBY_CBY_G1,G1,60080630,CBY_CBYMT1_
280066,60003692,CBY_AT1_H,CBY_AT1_H,Transformer,CEDARP_B138A,CEDARP_A1STR,A1,60003693,CBY_AT1L_H
280066,60003693,CBY_AT1L_H,CBY_AT1L_H,Transformer,CEDARP_B138B,CEDARP_A1STR,A1,60003692,CBY_AT1_H
280069,60002878,ABSO_138_69T2,ABSO_138_69T2,Transformer,ABSO4A,ABSO2A,2,"60066398, 60111001","SOUTHABI_138_69T2_H, SOUTHABI_138_69T2_L"
280077,60082993,HLSES_UXFMR4,HLSES_UXFMR4,Transformer,,,2,60110771,HLSES_FMR4
280077,60110771,HLSES_FMR4,HLSES_FMR4,Transformer,HANDLEYD_8,HLSES_UNIT4,2,60082993,HLSES_UXFMR4
280081,60087858,THW_THWXT5A,THW_THWXT5A,Transformer,T_H_W___345B,49149_STAR,G1,60111600,THW_XT5A
280081,60111600,THW_XT5A,THW_XT5A,Transformer,49149_STAR,GENTHW5X05_5,G1,60087858,THW_THWXT5A
280086,60080631,CBY_CBYMT2_,CBY_CBYMT2_,Transformer,CBY_CBY_G2,CEDARP__138B,G1,60111594,CBY_MT2
280086,60111594,CBY_MT2,CBY_MT2,Transformer,GENCBY2_02_8,CBY_CBY_G2,G1,60080631,CBY_CBYMT2_
280089,60080323,BOSQUESW_GSUXFMR5,BOSQUESW_GSUXFMR5,Transformer,,,5,60110602,BOSQUESW_FMR5
280089,60110602,BOSQUESW_FMR5,BOSQUESW_FMR5,Transformer,BOSQUESW5,BOSQ_BSQSU_5,5,60080323,BOSQUESW_GSUXFMR5
280092,60085653,PB2SES_UCXFMR1,PB2SES_UCXFMR1,Transformer,,,3,60010471,PB2SES_FMR1
280092,60010471,PB2SES_FMR1,PB2SES_FMR1,Transformer,PBGENBUS_B,PB2SES_CT1,3,60085653,PB2SES_UCXFMR1
280093,60112787,PYR_T2,PYR_T2,Transformer,PYRON_1_5,PYR_PYRON2,2,60006813,PYR_PYR_T2
280093,60006813,PYR_PYR_T2,PYR_PYR_T2,Transformer,PYR_PYRON1,INDL_1_5,2,60112787,PYR_T2
280100,60084986,NEDIN_UXFMR1,NEDIN_UXFMR1,Transformer,,,4,60112556,NEDIN_FMR1
280100,60112556,NEDIN_FMR1,NEDIN_FMR1,Transformer,NED_NEDIN_G1,NEDIN_1_8,4,60084986,NEDIN_UXFMR1
280101,60082994,HLSES_UXFMR5,HLSES_UXFMR5,Transformer,,,3,60110769,HLSES_FMR5
280101,60110769,HLSES_FMR5,HLSES_FMR5,Transformer,HANDLEYC_8,HLSES_UNIT5,3,60082994,HLSES_UXFMR5
280106,60110608,MIL_FMR4,MIL_FMR4,Transformer,RWMILLER,MIL_MILLERG4,4,60084571,MIL_UNIT4_XFMR
280106,60084571,MIL_UNIT4_XFMR,MIL_UNIT4_XFMR,Transformer,,,4,60110608,MIL_FMR4
280110,60083534,KMCHI_1ST,KMCHI_1ST,Transformer,,,1,60112256,KMCHI_FMR3
280110,60112256,KMCHI_FMR3,KMCHI_FMR3,Transformer,KMCHI_1ST,KMCHI_1_5,1,60083534,KMCHI_1ST
280119,60003302,BGLK_XFMR_W2,BGLK_XFMR_W2,Transformer,,,2,"60017413, 60110995","BIGLAKE_XFMR_W2_H, BIGLAKE_XFMR_W2_L"
280125,60110641,STEAM_FMR3,STEAM_FMR3,Transformer,STEAM_D,STEA_STEAM_3,3,60087578,STEAM_GSUXFMR3
280125,60087578,STEAM_GSUXFMR3,STEAM_GSUXFMR3,Transformer,,,3,60110641,STEAM_FMR3
280128,60002856,ABNW_138_69T2,ABNW_138_69T2,Transformer,ABNW2B,ABNW4A,2,60009306,ABNTHWST_138_69T2
280128,60009306,ABNTHWST_138_69T2,ABNTHWST_138_69T2,Transformer,ABNTHWST2B,ABNTHWST4A,2,60002856,ABNW_138_69T2
280130,60084129,LPCCS_UCXFMR21,LPCCS_UCXFMR21,Transformer,,,1,60010697,LPCCS_MR21
280130,60010697,LPCCS_MR21,LPCCS_MR21,Transformer,LPCCS_CT21,LPCCS_1_5,1,60084129,LPCCS_UCXFMR21
280135,60088364,WAP_WAPMT8_,WAP_WAPMT8_,Transformer,WAP_WAP_G8,W_A_P___345B,G1,60111606,WAP_MT8
280135,60111606,WAP_MT8,WAP_MT8,Transformer,GENWAP8_08_5,WAP_WAP_G8,G1,60088364,WAP_WAPMT8_
280136,60110623,OLINGR_FMR3,OLINGR_FMR3,Transformer,OLINGER,OLIN_OLING_3,1,60085353,OLINGR_GSUXFMR3
280136,60085353,OLINGR_GSUXFMR3,OLINGR_GSUXFMR3,Transformer,,,1,60110623,OLINGR_FMR3
280143,60083532,KMCHI_1CT101,KMCHI_1CT101,Transformer,,,1,60112255,KMCHI_FMR2
280143,60112255,KMCHI_FMR2,KMCHI_FMR2,Transformer,KMCHI_1CT101,KMCHI_1_5,1,60083532,KMCHI_1CT101
280150,60084130,LPCCS_UCXFMR22,LPCCS_UCXFMR22,Transformer,,,1,60010694,LPCCS_MR22
280150,60010694,LPCCS_MR22,LPCCS_MR22,Transformer,LPCCS_CT22,LPCCS_1_5,1,60084130,LPCCS_UCXFMR22
280153,60082129,FLCNS_UXFMR2,FLCNS_UXFMR2,Transformer,,,2,60110678,FLCNS_FMR2
280153,60110678,FLCNS_FMR2,FLCNS_FMR2,Transformer,FSCOGEN_8,FLCNS_UNIT2,2,60082129,FLCNS_UXFMR2
280156,60083877,LGE_138_13_3,LGE_138_13_3,Transformer,,,3,60112551,LGE_13_3
280156,60112551,LGE_13_3,LGE_13_3,Transformer,LGE_LGE_GT2,LGE4A,3,60083877,LGE_138_13_3
280157,60081122,CPSES_UXFMR2A,CPSES_UXFMR2A,Transformer,,,1,60110754,CPSES_MR2A
280157,60110754,CPSES_MR2A,CPSES_MR2A,Transformer,COMCHPKW_5,CPSES_UNIT2,1,60081122,CPSES_UXFMR2A
280158,60087856,THW_THWXT4A,THW_THWXT4A,Transformer,49171_STAR,T_H_W___138E,G1,60111597,THW_XT4A
280158,60111597,THW_XT4A,THW_XT4A,Transformer,49171_STAR,GENTHW4X04_8,G1,60087856,THW_THWXT4A
280159,60005798,LENSW_AXFMR5,LENSW_AXFMR5,Transformer,,,1,"60044289, 60110721","LENSW_AXFMR5L, LENSW_AXFMR5H"
280160,60088363,WAP_WAPMT7_,WAP_WAPMT7_,Transformer,WAP_WAP_G7,W_A_P___345A,G1,60111605,WAP_MT7
280160,60111605,WAP_MT7,WAP_MT7,Transformer,GENWAP7_07_5,WAP_WAP_G7,G1,60088363,WAP_WAPMT7_
280163,60083876,LGE_138_13_2,LGE_138_13_2,Transformer,,,2,60112553,LGE_13_2
280163,60112553,LGE_13_2,LGE_13_2,Transformer,LGE_LGE_GT1,LGE4A,2,60083876,LGE_138_13_2
280174,60088361,WAP_WAPMT5_,WAP_WAPMT5_,Transformer,W_A_P___138A,WAP_WAP_G5,G1,60111616,WAP_MT5
280174,60111616,WAP_MT5,WAP_MT5,Transformer,GENWAP5_05_8,WAP_WAP_G5,G1,60088361,WAP_WAPMT5_
280182,60087857,THW_THWXT4D,THW_THWXT4D,Transformer,49172_STAR,T_H_W___138E,G1,60111598,THW_XT4D
280182,60111598,THW_XT4D,THW_XT4D,Transformer,49172_STAR,GENTHW4X04_8,G1,60087857,THW_THWXT4D
280195,60082423,FTR_UXFMR4,FTR_UXFMR4,Transformer,,,G1,60112058,FTR_FMR4
280195,60112058,FTR_FMR4,FTR_FMR4,Transformer,FTR_FTR_G4,FTR_1_5,G1,60082423,FTR_UXFMR4
280198,60079775,ATKINS_XFMRGT7,ATKINS_XFMRGT7,Transformer,,,5,60111379,ATKINS_RGT7
280198,60111379,ATKINS_RGT7,ATKINS_RGT7,Transformer,BRYN_ATK69,ATK_ATKINSG7,5,60079775,ATKINS_XFMRGT7
280213,60084988,NEDIN_UXFMR3,NEDIN_UXFMR3,Transformer,,,6,60112558,NEDIN_FMR3
280213,60112558,NEDIN_FMR3,NEDIN_FMR3,Transformer,NED_NEDIN_G3,NEDIN_3_8,6,60084988,NEDIN_UXFMR3
280215,60081121,CPSES_UXFMR1B,CPSES_UXFMR1B,Transformer,,,2,60110755,CPSES_MR1B
280215,60110755,CPSES_MR1B,CPSES_MR1B,Transformer,COMCHPKW_5,CPSES_UNIT1,2,60081121,CPSES_UXFMR1B
280218,60085323,OECCS_ST2,OECCS_ST2,Transformer,,,6,60112103,OECCS_2TFC
280218,60112103,OECCS_2TFC,OECCS_2TFC,Transformer,OECCS_UNIT2,OECCS_2_5,6,60085323,OECCS_ST2
280226,60002833,ABEA_138_69_T2,ABEA_138_69_T2,Transformer,ABEA4A,ABEA2B,2,"60110982, 60115041, 60115042","ABEAST_138_69_T2, ABEAST_138_69_T2_H, ABEAST_138_69_T2_L"
280231,60082126,FLCNS_AXFMR1,FLCNS_AXFMR1,Transformer,,,3,"60032368, 60004725, 60010362","FLCNS_AMR1_L, FLCNS_AXFMR1_L, FLCNS_AMR1"
280233,60081600,DIB_XF_1_138,DIB_XF_1_138,Transformer,DIB_DIB_G1,DS_BAT__138A,G1,60111415,DIB_MT1H
280233,60111415,DIB_MT1H,DIB_MT1H,Transformer,DIABOX_POI_8,DIB_DIB_G1,G1,60081600,DIB_XF_1_138
280238,60085319,OECCS_CT12,OECCS_CT12,Transformer,,,2,60112100,OECCS_1TFB
280238,60112100,OECCS_1TFB,OECCS_1TFB,Transformer,OECCS_CT12,OECCS_1_5,2,60085319,OECCS_CT12
280242,60080987,COLETO_138_24_1,COLETO_138_24_1,Transformer,,,3,60112544,COLETO_FMR1
280242,60112544,COLETO_FMR1,COLETO_FMR1,Transformer,COL_COLETOG1,COLETO_1_8,3,60080987,COLETO_138_24_1
280251,60080320,BOSQUESW_GSUXFMR2,BOSQUESW_GSUXFMR2,Transformer,,,2,60110601,BOSQUESW_FMR2
280251,60110601,BOSQUESW_FMR2,BOSQUESW_FMR2,Transformer,BOSQUESW5,BOSQ_BSQSU_2,2,60080320,BOSQUESW_GSUXFMR2
280253,60084127,LPCCS_UCXFMR11,LPCCS_UCXFMR11,Transformer,,,1,60010696,LPCCS_MR11
280253,60010696,LPCCS_MR11,LPCCS_MR11,Transformer,LPCCS_CT11,LPCCS_1_5,1,60084127,LPCCS_UCXFMR11
280254,60084398,MDANP_UCXFMR2_H,MDANP_UCXFMR2_H,Transformer,,,2,60110765,MDANP_FMR2
280254,60110765,MDANP_FMR2,MDANP_FMR2,Transformer,MDLTHELP_S5,MDANP_CT2,2,60084398,MDANP_UCXFMR2_H
280256,60081123,CPSES_UXFMR2B,CPSES_UXFMR2B,Transformer,,,2,60110753,CPSES_MR2B
280256,60110753,CPSES_MR2B,CPSES_MR2B,Transformer,COMCHPKW_5,CPSES_UNIT2,2,60081123,CPSES_UXFMR2B
280262,60081599,DIB_MT1,DIB_MT1,Transformer,DIB_DIB_G3,DS_BAT__138A,G1,60111414,DIB_MT2H
280262,60111414,DIB_MT2H,DIB_MT2H,Transformer,DIABOX_POI_8,DIB_DIB_G3,G1,60081599,DIB_MT1
280266,60112133,PC_SOUTH_P3T2,PC_SOUTH_P3T2,Transformer,PC_SOUTH_2_5,PC_PANTHER32,3,60006643,PC_SOUTH_PC3_T2
280266,60006643,PC_SOUTH_PC3_T2,PC_SOUTH_PC3_T2,Transformer,PC__PANTHER3,PC_SOUTH_2_5,3,60112133,PC_SOUTH_P3T2
280267,60088358,WAP_WAPMT2_,WAP_WAPMT2_,Transformer,W_A_P___138A,WAP_WAP_G2,G1,60111614,WAP_MT2
280267,60111614,WAP_MT2,WAP_MT2,Transformer,GENWAP2_02_8,WAP_WAP_G2,G1,60088358,WAP_WAPMT2_
280269,60087855,THW_THWXT3F,THW_THWXT3F,Transformer,49139_STAR,T_H_W___138E,G1,60111595,THW_XT3F
280269,60111595,THW_XT3F,THW_XT3F,Transformer,49139_STAR,GENTHW3X03_8,G1,60087855,THW_THWXT3F
280280,60085321,OECCS_CT22,OECCS_CT22,Transformer,,,4,60112104,OECCS_2TFB
280280,60112104,OECCS_2TFB,OECCS_2TFB,Transformer,OECCS_CT22,OECCS_2_5,4,60085321,OECCS_CT22
280282,60110638,SPNCER_FMR5,SPNCER_FMR5,Transformer,SPNCRGEN69,SPNC_SPNCE_5,1,60087476,SPNCER_GSUXFMR5
280282,60087476,SPNCER_GSUXFMR5,SPNCER_GSUXFMR5,Transformer,,,1,60110638,SPNCER_FMR5
280283,60084400,MDANP_UCXFMR4_H,MDANP_UCXFMR4_H,Transformer,,,4,60110768,MDANP_FMR4
280283,60110768,MDANP_FMR4,MDANP_FMR4,Transformer,MDLTHELP_N5,MDANP_CT4,4,60084400,MDANP_UCXFMR4_H
280291,60088359,WAP_WAPMT3_,WAP_WAPMT3_,Transformer,W_A_P___138A,WAP_WAP_G3,G1,60111612,WAP_MT3
280291,60111612,WAP_MT3,WAP_MT3,Transformer,GENWAP3_03_8,WAP_WAP_G3,G1,60088359,WAP_WAPMT3_
280293,60110727,TNSKA_FMR2,TNSKA_FMR2,Transformer,TENASKA_8,TNSKA_GT2,1,60087925,TNSKA_UXFMR2
280293,60087925,TNSKA_UXFMR2,TNSKA_UXFMR2,Transformer,,,1,60110727,TNSKA_FMR2
280295,60082700,GRSES_UXFMR2,GRSES_UXFMR2,Transformer,,,1,60110707,GRSES_FMR2
280295,60110707,GRSES_FMR2,GRSES_FMR2,Transformer,GRHAMSES1_5,GRSES_UNIT2,1,60082700,GRSES_UXFMR2
280304,60081456,DCSES_UCXFMR4,DCSES_UCXFMR4,Transformer,,,5,60110751,DCSES_FMR4
280304,60110751,DCSES_FMR4,DCSES_FMR4,Transformer,DECRDOVA_8,DCSES_CT40,T2,60081456,DCSES_UCXFMR4
280315,60084132,LPCCS_UXFMR2,LPCCS_UXFMR2,Transformer,,,1,60112253,LPCCS_FMR2
280315,60112253,LPCCS_FMR2,LPCCS_FMR2,Transformer,LPCCS_UNIT2,LPCCS_1_5,1,60084132,LPCCS_UXFMR2
280335,60086449,RIOP_138_69_1,RIOP_138_69_1,Transformer,,,2,"60060758, 60009979","RIOPECOS_138_69_1_H, RIOPECOS_138_69_1_L"
280338,60088365,WAP_WAPXT1_,WAP_WAPXT1_,Transformer,W_A_P___138A,WAP_WAPGT_1,B1,60111617,WAP_XT1
280338,60111617,WAP_XT1,WAP_XT1,Transformer,GENWAPGT01_8,WAP_WAPGT_1,B1,60088365,WAP_WAPXT1_
280339,60085655,PB2SES_UCXFMR3,PB2SES_UCXFMR3,Transformer,,,4,60010470,PB2SES_FMR3
280339,60010470,PB2SES_FMR3,PB2SES_FMR3,Transformer,PBGENBUS_B,PB2SES_CT3,4,60085655,PB2SES_UCXFMR3
280342,60087141,SARC_T2L,SARC_T2L,Transformer,SRC2DUM,SARC4A,2,60006905,REDCREEK_T2L
280342,60006905,REDCREEK_T2L,REDCREEK_T2L,Transformer,REDCREEK4A,SRC2DUM,2,60087141,SARC_T2L
280344,60081454,DCSES_UCXFMR2,DCSES_UCXFMR2,Transformer,,,3,60110749,DCSES_FMR2
280344,60110749,DCSES_FMR2,DCSES_FMR2,Transformer,DECRDOVA_8,DCSES_CT20,T1,60081454,DCSES_UCXFMR2
280359,60110610,MIL_FMR3,MIL_FMR3,Transformer,RWMILLER,MIL_MILLERG3,3,60084570,MIL_UNIT3_XFMR
280359,60084570,MIL_UNIT3_XFMR,MIL_UNIT3_XFMR,Transformer,,,3,60110610,MIL_FMR3
280362,60080321,BOSQUESW_GSUXFMR3,BOSQUESW_GSUXFMR3,Transformer,,,3,60110603,BOSQUESW_FMR3
280362,60110603,BOSQUESW_FMR3,BOSQUESW_FMR3,Transformer,BOSQUESW8,BOSQ_BSQSU_3,3,60080321,BOSQUESW_GSUXFMR3
280364,60085657,PB2SES_UCXFMR5,PB2SES_UCXFMR5,Transformer,,,2,60111296,PB2SES_FMR5
280364,60111296,PB2SES_FMR5,PB2SES_FMR5,Transformer,PBGENBUS_B,PB2SES_CT5,2,60085657,PB2SES_UCXFMR5
280371,60087140,SARC_T2H,SARC_T2H,Transformer,SARC7A,SRC2DUM,2,60006904,REDCREEK_T2H
280371,60006904,REDCREEK_T2H,REDCREEK_T2H,Transformer,REDCREEK7A,SRC2DUM,2,60087140,SARC_T2H
280378,60110614,TEN_1GTB,TEN_1GTB,Transformer,JNSNCNTY8,TEN_CT1,2,60087784,TEN_1GTB-XF-1
280378,60087784,TEN_1GTB-XF-1,TEN_1GTB-XF-1,Transformer,,,2,60110614,TEN_1GTB
280385,60056217,PENA_FMR2,PENA_FMR2,Transformer,PENA_1_5,PENA_UNIT2,2,60085869,PENA_PENASCALXFMR2
280385,60085869,PENA_PENASCALXFMR2,PENA_PENASCALXFMR2,Transformer,,,2,60056217,PENA_FMR2
280394,60111709,LARDVFT_VFT_N_H,LARDVFT_VFT_N_H,Transformer,LARDC,LARDVFT4A,2,60005741,LARDVFT_VFT_N
280394,60005741,LARDVFT_VFT_N,LARDVFT_VFT_N,Transformer,LARDC,LARDOVFT,2,60111709,LARDVFT_VFT_N_H
280398,60083962,LNCRK2_XFMR_T1,LNCRK2_XFMR_T1,Transformer,,,3,60112414,LNCRK2_T11
280398,60112414,LNCRK2_T11,LNCRK2_T11,Transformer,LNCRK2_G871,LNCRK2_1_8,3,60083962,LNCRK2_XFMR_T1
280405,60110625,OLINGR_FMR2,OLINGR_FMR2,Transformer,OLINGER,OLIN_OLING_2,1,60085352,OLINGR_GSUXFMR2
280405,60085352,OLINGR_GSUXFMR2,OLINGR_GSUXFMR2,Transformer,,,1,60110625,OLINGR_FMR2
280406,60084128,LPCCS_UCXFMR12,LPCCS_UCXFMR12,Transformer,,,1,60112254,LPCCS_MR12
280406,60112254,LPCCS_MR12,LPCCS_MR12,Transformer,LPCCS_CT12,LPCCS_1_5,1,60084128,LPCCS_UCXFMR12
280410,60065061,SILASRAY_SGT6,SILASRAY_SGT6,Transformer,PWRPLT69,SILA_SILAS_6,6,60087328,SILASRAY_GSU-6
280410,60087328,SILASRAY_GSU-6,SILASRAY_GSU-6,Transformer,,,6,60065061,SILASRAY_SGT6
280413,60084987,NEDIN_UXFMR2,NEDIN_UXFMR2,Transformer,,,5,60112557,NEDIN_FMR2
280413,60112557,NEDIN_FMR2,NEDIN_FMR2,Transformer,NED_NEDIN_G2,NEDIN_2_8,5,60084987,NEDIN_UXFMR2
280414,60005719,LA_PALMA_138_69A1,LA_PALMA_138_69A1,Transformer,LAPALMA2A,LA_PALMA4A,1,"60043690, 60111081","LA_PALMA_138_69A1_H, LA_PALMA_138_69A1_L"
280419,60084399,MDANP_UCXFMR3_H,MDANP_UCXFMR3_H,Transformer,,,3,60110767,MDANP_FMR3
280419,60110767,MDANP_FMR3,MDANP_FMR3,Transformer,MDLTHELP_N5,MDANP_CT3,3,60084399,MDANP_UCXFMR3_H
280423,60081455,DCSES_UCXFMR3,DCSES_UCXFMR3,Transformer,,,4,60110750,DCSES_FMR3
280423,60110750,DCSES_FMR3,DCSES_FMR3,Transformer,DECRDOVA_8,DCSES_CT30,T4,60081455,DCSES_UCXFMR3
280427,60007483,TC_3EAP-TFM0010B,TC_3EAP-TFM0010B,Transformer,TECO____138A,TC_TCHP1,02,60008300,TC_010B_H
280427,60008300,TC_010B_H,TC_010B_H,Transformer,TC_TCHP1,TECO___POI_8,02,60007483,TC_3EAP-TFM0010B
280429,60080155,BGLK_LOAD,BGLK_LOAD,Transformer,,,PS,"60017411, 60003299, 60110996","BIGLAKE_LOAD, BGLK_SOURCE, BIGLAKE_SOURCE"
280429,60003299,BGLK_SOURCE,BGLK_SOURCE,Transformer,,,PS,"60017411, 60080155, 60110996","BIGLAKE_LOAD, BGLK_LOAD, BIGLAKE_SOURCE"
280442,60007482,TC_3EAP-TFM0010A,TC_3EAP-TFM0010A,Transformer,TECO____138A,TC_TCHP1,01,60008299,TC_010A_H
280442,60008299,TC_010A_H,TC_010A_H,Transformer,TC_TCHP1,TECO___POI_8,01,60007482,TC_3EAP-TFM0010A
280446,60110640,STEAM_FMR4,STEAM_FMR4,Transformer,STEAM_D,STE_ENGINE_1,4,60087579,STEAM_GSUXFMR4
280446,60087579,STEAM_GSUXFMR4,STEAM_GSUXFMR4,Transformer,,,4,60110640,STEAM_FMR4
281644,60005977,LY_TAP03,LY_TAP03_1,Line,LYONDL038000,LYONDL_RAD03,SR,60009242,LY1_TAP031
281644,60009242,LY1_TAP031,LY1_TAP03_1,Line,LYONDL03T1_8,LYONDL03TPA8,03,60005977,LY_TAP03
281690,60007550,THWTAP95,THWTAP95_1,Line,T_H_W95_8265,T_H_W2_RAD95,SR,60012774,THWTPB811
281690,60012774,THWTPB811,THWTPB81_1,Line,T_H_W__T95_8,T_H_W_95TP_8,95,60007550,THWTAP95
281785,60003172,BA_TAP81,BA_TAP81_1,Line,BAMMEL__138A,VET_JES_81,81,60008202,JESJES811
281785,60008202,JESJES811,JESJES81_1,Line,JESTER81TP_8,VETRAN81TP_8,81,60003172,BA_TAP81
281790,60003518,BSTTAP02,BSTTAP02_1,Line,BOOSTR__8010,BOOSTR_RAD02,SR,60011631,BSTTAP361
281790,60011631,BSTTAP361,BSTTAP36_1,Line,BOOSTR_X36T8,BOOSTR36TP_8,36,60003518,BSTTAP02
299458,60004140,CRMW1T_CRMWD11,CRMW1T_CRMWD11_1,Line,CRM1TP2A,CRMWD12A,1,60009614,CRM1T_ENLKTP1
299458,60009614,CRM1T_ENLKTP1,CRM1T_ENLKTP_1,Line,ENLKTP_9,CRM1TP2A,1,60004140,CRMW1T_CRMWD11
300717,60087253,SENATEWD_T1_H,SENATEWD_T1_H,Transformer,,,11,60112418,SENATEWD_T1
300717,60112418,SENATEWD_T1,SENATEWD_T1,Transformer,FG_SENATE_G1,SENATEWN_3,11,60087253,SENATEWD_T1_H
304842,60003180,BAKRFLD_BIGHIL,BAKRFLD_BIGHIL_1,Line,L_BAKESW5_1Y,L_BIGHIL5_1Y,1,60009274,SCHNDR_BIGHIL1
304842,60009274,SCHNDR_BIGHIL1,SCHNDR_BIGHIL_1,Line,L_BIGHIL5_1Y,L_SCHNDR5_1Y,1,60003180,BAKRFLD_BIGHIL
305270,60082816,HATNOR86A,HATNOR86_A,Line,NORTON_138X,HACHER__138X,59,60005245,HATNOR59A
305270,60005245,HATNOR59A,HATNOR59_A,Line,HACHER_X59B8,NORTON_X59B8,59,60082816,HATNOR86A
306541,60083325,JIMTRE_RILEY11,JIMTRE_RILEY1_1,Line,,,1,60005531,JIMTRE_RILEY21
306541,60005531,JIMTRE_RILEY21,JIMTRE_RILEY2_1,Line,RILEY7B,JIMTREEC7A,1,60083325,JIMTRE_RILEY11
307142,60111421,GBY_AT2H_H,GBY_AT2H_H,Transformer,GRNBYU__B345,GRNBYU_A2STR,A2,60004974,GBY_AT2_H_OldTeid
307142,60004974,GBY_AT2_H_OldTeid,GBY_AT2_H_OldTeid,Transformer,GRNBYU__B138,GRNBYU_A2STR,A2,60111421,GBY_AT2H_H
307655,60085101,NORRLN86A,NORRLN86_A,Line,NORTON_138X,RALYND_138X,59,60006400,NORRLN59A
307655,60006400,NORRLN59A,NORRLN59_A,Line,NORTON_X59B8,RALYND_X59B8,59,60085101,NORRLN86A
307837,60006086,MCCAMY_BAKRFLD,MCCAMY_BAKRFLD_1,Line,L_NORTMC5_1Y,L_BAKESW5_1Y,1,60010844,NEVILL_BAKESW1
307837,60010844,NEVILL_BAKESW1,NEVILL_BAKESW_1,Line,L_BAKERS5_1Y,GPL_NEVILLSW,1,60006086,MCCAMY_BAKRFLD
307856,60006085,MCCAMEY_ODESSA,MCCAMEY_ODESSA_1,Line,ODESEHV2_5,L_NORTMC5_1Y,1,60010134,KING_ODESSA1
307856,60010134,KING_ODESSA1,KING_ODESSA_1,Line,GPL_KINGMTSW,ODESEHV2_5,1,60006085,MCCAMEY_ODESSA
308125,60089190,PRONTO_LV3,PRONTO_LV3_1,Line,PRONTO7A,LV3_5,1,60008519,DELSOL_LV31
308125,60008519,DELSOL_LV31,DELSOL_LV31_1,Line,DELSOL7A,LV3_5,1,60089190,PRONTO_LV3
309237,60005420,HSKLTP_PAIP1,HSKLTP_PAIP1_1,Line,PAIP2A,HASKLTP12A,1,60008427,HSKLTP_PAINTC11
309237,60008427,HSKLTP_PAINTC11,HSKLTP_PAINTC1_1,Line,HASKLTP12A,PAINTCRE2A,1,60005420,HSKLTP_PAIP1
316287,60000386,14040_A_OldTeid,14040__A_OldTeid,Line,ETC_REBELT_8,POLECAT1_8,1,60079047,6470_G
316287,60079047,6470_G,6470__G,Line,,,1,60000386,14040_A_OldTeid
317406,60005685,KOCHTAP_VEALM,KOCHTAP_VEALM_1,Line,SU_KOCHTAP,SU_VEALMOOR,1,60012220,15060_B
317406,60012220,15060_B,15060__B,Line,KOCHTAP,SU_VEALMOOR,1,60005685,KOCHTAP_VEALM
337702,60094879,5140_C,5140__C,Line,YANTISRCH_P8,WINKSS_8,3,60008914,6140_A
337702,60008914,6140_A,6140__A,Line,WINKSS_8,LOVING_8,3,60094879,5140_C
353596,60093123,MG-QN_RC,MG-QN_RC_QN,Line,MAGNS_RC,NQUIN_RC,1,60010241,QN-WS_RC
353596,60010241,QN-WS_RC,QN-WS_RC_WS,Line,WLNDSSRC,NQUIN_RC,1,60093123,MG-QN_RC
354809,60111449,PHR_AT3H_H,PHR_AT3H_H,Transformer,P_H_R___B345,P_H_R__A3STR,A3,60006696,PHR_AT3_H_OldTeid
354809,60006696,PHR_AT3_H_OldTeid,PHR_AT3_H_OldTeid,Transformer,P_H_R__POI_8,P_H_R__A3STR,A3,60111449,PHR_AT3H_H
366233,60010012,AIRLINE_XFR2_H,AIRLINE_XFR2_H,Transformer,AIRLINE2C,AIRLINE4A,2,60013648,AIRLINE_XFR2_L
366233,60013648,AIRLINE_XFR2_L,AIRLINE_XFR2_L,Transformer,AIRLINE4A,AIRLINE2A,2,60010012,AIRLINE_XFR2_H
412584,60114958,KINGSW_QUEEN1,KINGSW_QUEEN_1,Line,QUEEN_5,GPL_KINGMTSW,1,60010136,KINGTAP_QUEEN1
412584,60010136,KINGTAP_QUEEN1,KINGTAP_QUEEN_1,Line,QUEEN_5,GPL_KINGMTTP,1,60114958,KINGSW_QUEEN1
413808,60094880,5142_B,5142__B,Line,ORBISONT_8,ASHBY_P8,2,60010286,6142_H
413808,60010286,6142_H,6142__H,Line,ORBISONT_8,BOULDER_8,2,60094880,5142_B
426680,60088855,GIRVIN_NEVIL,GIRVIN_NEVIL_1,Line,GPL_NEVILLSW,GPL_GIRVINSW,1,60010842,NEVILL_NEVILTP
426680,60010842,NEVILL_NEVILTP,NEVILL_NEVILTP_1,Line,GPL_NEVILLSW,GPL_NEVILLTP,1,60088855,GIRVIN_NEVIL
453514,60088857,GIRVIN_GRSWD,GIRVIN_GRSWD_1,Line,GPL_GIRVINSW,GREASEW_5,1,60011177,NEVILLTP_GRSWD
453514,60011177,NEVILLTP_GRSWD,NEVILLTP_GRSWD_1,Line,GPL_NEVILLTP,GREASEW_5,1,60088857,GIRVIN_GRSWD
514075,60104542,FTSW_GOMEZT1,FTSW_GOMEZT1_1,Line,TNELLENBUR1,FTSW4A,1,60011716,ELLENB_FTSW1
514075,60011716,ELLENB_FTSW1,ELLENB_FTSW1_1,Line,FTSW4A,ELLENBUR4A,1,60104542,FTSW_GOMEZT1
531749,60104543,ATHEY_GOMEZT1,ATHEY_GOMEZT1_1,Line,TNELLENBUR1,ATHEY4A,1,60012327,ATHEY_ELLENB1
531749,60012327,ATHEY_ELLENB1,ATHEY_ELLENB1_1,Line,ATHEY4A,ELLENBUR4A,1,60104543,ATHEY_GOMEZT1
598590,60094239,BB_HK_GIS,BB_HK_GIS_1,Line,HK_GIS,BONBRAE138,1,60012571,BB_HK_NODE
598590,60012571,BB_HK_NODE,BB_HK_NODE_1,Line,BONBRAE138,HK_NODE,1,60094239,BB_HK_GIS
598591,60094238,RDW_HK_GIS,RDW_HK_GIS_1,Line,HK_GIS,RDWELLS138,1,60012570,RDW_HK_NODE
598591,60012570,RDW_HK_NODE,RDW_HK_NODE_1,Line,RDWELLS138,HK_NODE,1,60094238,RDW_HK_GIS
613864,60094237,LOC_HK_GIS,LOC_HK_GIS_1,Line,HK_GIS,LOCUST138,1,60012648,LOC_HK_NODE
613864,60012648,LOC_HK_NODE,LOC_HK_NODE_1,Line,LOCUST138,HK_NODE,1,60094237,LOC_HK_GIS
619687,60000050,1055_E,1055__E,Line,SAGINAW1_8,WATAGAN_T8,1,60092051,1075_A
619687,60092051,1075_A,1075__A,Line,ROANKS1_8,PARKVISTA1_8,1,60000050,1055_E
657636,60000592,1705_A,1705__A,Line,ROYSE_A8,ABLSPRG_T8,1,60103529,1805_A
657636,60103529,1805_A,1805__A,Line,TERRLSW_8,ROYSE3_8,1,60000592,1705_A
698927,60091678,GIRVTP_TIERR,GIRVTP_TIERR_1,Line,GPL_GIRVINTP,TRBT_SLR_5,1,60114891,GIRVSW_TIERR1
698927,60114891,GIRVSW_TIERR1,GIRVSW_TIERR_1,Line,GPL_GIRVINSW,TRBT_SLR_5,1,60091678,GIRVTP_TIERR
702594,60091194,16035_B,16035__B,Line,RINGO,HARTRING1_8,2,60104569,14061_G
702594,60104569,14061_G,14061__G,Line,RINGO,HARTRING2_8,2,60091194,16035_B
754624,60097050,1996T4371,1996T437_1,Line,LON_HILL4A,L_SAXET8_1Y,2,60008722,996T4371
754624,60008722,996T4371,996T437_1,Line,LON_HILL4A,L_SAXET_8_2Y,2,60097050,1996T4371
830009,60103508,KG3TAP94,KG3TAP94_1,Line,KING__86T2_8,KING__94TPC8,3,60113292,KG3TAP861
830009,60113292,KG3TAP861,KG3TAP86_1,Line,KING__86TP_8,KING__86T2_8,3,60103508,KG3TAP94
847722,60102614,T4_J41,T4_J4_1,Line,HARMONY,HILLCTY1_8,2,60005502,J4_T41
847722,60005502,J4_T41,J4_T4_1,Line,HILLCTY1_8,HARMONY,1,60102614,T4_J41
858297,60103668,DOCWTR02A,DOCWTR02_A,Line,WTRFWL__B138,SEAWAY36TP_8,02,60113932,SI_WTR02A
858297,60113932,SI_WTR02A,SI_WTR02_A,Line,WTRFWL__B138,SEAWAY02TP_8,02,60103668,DOCWTR02A
