teid,OpEqName,leg_orientation_confirmed,pairing_method,high_side_branch_id,high_side_op_eqcode,low_side_branch_id,low_side_op_eqcode
280444,SNDSW_MR1L,True,no_sibling_found,60007279.0,SNDSW_AXFMR1L-H,,
327869,DERMOTT_T2,True,no_sibling_found,60112803.0,DERMOTT_T2H,,
279634,FORMOSA_TR21,True,same_teid_hl_suffix,60082236.0,FORMOSA_TR21H,60032846.0,FORMOSA_TR21_L
98510,ACSSW_AX1H,True,no_sibling_found,60008254.0,ACSSW_AX1HH,,
316345,PANDA_T1_12AT,False,same_teid_bus_pair_no_suffix,60112421.0,PANDA_T1_12AT,60006598.0,PANDA_T1_12BAT10
375369,MARION_AT3L,True,no_sibling_found,60111029.0,MARION_AT3HL_H,,
279822,LA_PALMA_XF1B,True,no_sibling_found,,,60005722.0,LA_PALMA_345_138L
121955,BNBSW_MR2L,True,no_sibling_found,60111318.0,BNBSW_AXFMR2L_H,,
279826,WIRTZ_GSU2,False,same_teid_bus_pair_no_suffix,60111025.0,WIRTZ_GSU2,60088673.0,WIRTZ_34GSUT2
828947,TIDEHAVE_TR2,True,no_sibling_found,,,60101276.0,TIDEHAVE_TR2_L
43247,JCKCNTY2_U3XF,False,same_teid_bus_pair_no_suffix,60110616.0,JCKCNTY2_U3XF,60005516.0,JCKCNTY2_UNIT3_XFMR
279191,BARL_FMR1,True,same_teid_hl_suffix,60016208.0,BARL_XFMR1_H,60009983.0,BARL_XFMR1_L
280312,AMOCOOIL_GSU3,False,same_teid_bus_pair_no_suffix,60111783.0,AMOCOOIL_GSU3,60079577.0,AMOCOOIL_GSUT3
280313,GIDEON_GSU3,False,same_teid_bus_pair_no_suffix,60111039.0,GIDEON_GSU3,60005042.0,GIDEON_4_GSUT3
441993,W_LD_138_LDXF,True,no_sibling_found,,,60076505.0,W_LD_138_LDXF_L
12853,GUNMTN_T1,True,no_sibling_found,60112146.0,GUNMTN_GMTN_H,,
74129,LHORN_N_T2,True,no_sibling_found,60112285.0,LHORN_N_XFMR-T2_H,,
279293,CMNSW_MR1H,True,no_sibling_found,60003988.0,CMNSW_AXFMR1H,,
354810,PHR_AT3,True,no_sibling_found,60111453.0,PHR_AT3_H,,
842700,TIMPP_SU3H,True,no_sibling_found,60112734.0,TIMPP_SU3H,,
30128,COTTON_T3,False,same_teid_bus_pair_no_suffix,60112567.0,COTTON_T3,60004079.0,COTTON_CW-T3
279218,MCSES_MR1H,True,no_sibling_found,60110793.0,MCSES_AXFMR1H,,
280447,SNDSW_MR1H,True,no_sibling_found,60007278.0,SNDSW_AXFMR1H-H,,
124631,SCOSW_MR2L,True,no_sibling_found,,,60007139.0,SCOSW_AXFMR2L
346164,BERGHE_AT1L,True,no_sibling_found,60011059.0,BERGHE_AT1L_H,,
279816,WHTNY_HT1H,True,no_sibling_found,60007828.0,WHTNY_WHT1H_H,,
41231,DOWGEN_F760,False,same_teid_bus_pair_no_suffix,60111756.0,DOWGEN_XF760,60081647.0,DOWGEN_LDXF760
155001,DCSES_MR1H,True,no_sibling_found,60004238.0,DCSES_AXFMR1H_H,,
279797,EXN_T390,False,same_teid_bus_pair_no_suffix,60111794.0,EXN_T390,60004642.0,EXN_TP390
148323,SHRSW_MR1H,True,no_sibling_found,60007196.0,SHRSW_AXFMR1H_H,,
721623,WTRML_MR2L,True,no_sibling_found,,,60094095.0,WTRML_MR2L
720535,MULBERRY_XF2L,True,no_sibling_found,60110976.0,MULBERRY_2_138_1_H,,
320953,N_SHARPE_PS3,False,same_teid_bus_pair_no_suffix,60111719.0,N_SHARPE_138_PS3_B,60053646.0,N_SHARPE_138_PS3_A
534358,RAB_XT3H,True,no_sibling_found,60111980.0,RAB_XT3H,,
126319,DMTSW_AX1H,True,no_sibling_found,60004322.0,DMTSW_AX1HH,,
90296,KENDAL_AT3L,True,no_sibling_found,60005601.0,KENDAL_AT3L_H,,
280321,GN_S_I_XT2L,True,no_sibling_found,,,60005072.0,GN_S_I_GNIN_T2L
280322,LMESA_FMR2,True,no_sibling_found,,,60110691.0,LMESA_AXFMR2_L
438336,HUTTO_MR2L,True,no_sibling_found,,,60011050.0,HUTTO_AXFMR2L
468071,FORMOSA_TR3H,True,no_sibling_found,60111060.0,FORMOSA_TR3H,,
27504,MDO_AT1L,True,no_sibling_found,60006128.0,MDO_AT1L_H,,
834209,FERIS_MR3H,True,no_sibling_found,60110779.0,FERIS_MR3H,,
280325,HHGT_T2H,True,no_sibling_found,60005294.0,HHGT_T2H,,
698656,OLKSW_MR1H,True,no_sibling_found,60111209.0,OLKSW_MR1H,,
139318,LIGSW_MR2H,True,no_sibling_found,60110761.0,LIGSW_AXFMR2H_H,,
7302,KENDAL_AT5L,True,no_sibling_found,60111027.0,KENDAL_AT5L_H,,
280326,BNDVS_DT1L,True,no_sibling_found,,,60003403.0,BNDVS_GABDT1L
61149,LFKSW_MR1L,True,no_sibling_found,60005813.0,LFKSW_AXFMR1L_H,,
95416,MARION_AT2L,True,no_sibling_found,60111028.0,MARION_AT2L_H,,
280330,MGSES_MR2H,True,no_sibling_found,60006157.0,MGSES_AXFMR2H,,
279336,COLETO_2H,True,no_sibling_found,60111066.0,COLETO_2H,,
659626,CHLD_XF1L,True,no_sibling_found,60110965.0,CHLD_1_69_1_H,,
300717,SENATEWD_T1,True,sibling_teid_null_matched_by_name_only,60087253.0,SENATEWD_T1_H,60007160.0,SENATEWD_T1_L
280331,LCSES_MR2L,True,no_sibling_found,,,60110861.0,LCSES_AXFMR2L
280332,VICTORIA_69A2,True,same_teid_hl_suffix,60072275.0,VICTORIA_138_69A2_H,60009991.0,VICTORIA_138_69A2_L
278963,WEC_XFMR,False,same_teid_bus_pair_no_suffix,60112261.0,WEC_XFMR,60007791.0,WEC_WECXFMR1
665378,TESSW_MR2L,True,no_sibling_found,,,60111312.0,TESSW_MR2L
48830,SRWE1_TR1,True,no_sibling_found,60112138.0,SRWE1_TR1H,,
329307,TCOSW_AX1L,True,no_sibling_found,60110730.0,TCOSW_AXFMR1LH,,
126307,HKBRY_MR3H,True,no_sibling_found,60110785.0,HKBRY_AXFMR3H_H,,
279115,GIBCRK_FM3L,True,no_sibling_found,,,60110647.0,GIBCRK_GCSWT3L
280335,RIOPECOS_69-1,True,same_teid_hl_suffix,60060758.0,RIOPECOS_138_69_1_H,60009979.0,RIOPECOS_138_69_1_L
828814,WCRSW_MR1L,True,no_sibling_found,,,60110887.0,WCRSW_MR1L
279783,YELWJCKT_69T2,True,same_teid_hl_suffix,60076784.0,YELWJCKT_138_69_2_H,60009970.0,YELWJCKT_138_69_2_L
279727,HHGT_T1H,True,no_sibling_found,60005291.0,HHGT_T1H,,
279321,WTRML_MR1L,True,no_sibling_found,,,60007899.0,WTRML_AXFMR1L
368367,STNSW_AX1L,True,no_sibling_found,60111216.0,STNSW_AXFMR1LH,,
84411,MOZART_T1,True,no_sibling_found,60006252.0,MOZART_T1_H,,
280336,DANSBY_T1,True,sibling_teid_null_matched_by_name_and_pair,60111381.0,DANSBY_T1_H,60010477.0,DANSBY_T1_L
125352,NCARBIDE_69A2,True,same_teid_hl_suffix,60006345.0,NCARBIDE_138_69A2_H,60052040.0,NCARBIDE_138_69A2_L
443804,WINCHES_AT2L,True,no_sibling_found,60011061.0,WINCHES_AT2L_H,,
84214,RSNAKE_T1,True,no_sibling_found,60112140.0,RSNAKE_T1_H,,
429039,RVRSW_AX1L,True,no_sibling_found,60011071.0,RVRSW_AX1LH,,
279383,BLUF_CRK_T2_L,True,same_teid_hl_suffix,60009968.0,BLUF_CRK_T2_L_H,60003384.0,BLUF_CRK_T2_L
280340,SWEETWN4_XF4A,False,same_teid_bus_pair_no_suffix,60112758.0,SWEETWN4_XF4A,60007425.0,SWEETWN4_4A
280010,DT_AT1H,True,no_sibling_found,60004435.0,DT_AT1H_H,,
326920,ZEN_AT2H,True,no_sibling_found,60111484.0,ZEN_AT2H_H,,
441596,SLKSW_AX2L,True,no_sibling_found,60011076.0,SLKSW_AX2LH,,
280342,REDCREEK_T2L,True,no_sibling_found,,,60087141.0,SARC_T2L
503224,QRYSW_AX2L,True,no_sibling_found,,,60111184.0,QRYSW_AX2L
279786,WO_AT2,True,no_sibling_found,60007867.0,WO_AT2_H,,
132781,CBFSW_MR1L,True,no_sibling_found,60111201.0,CBFSW_AXFMR1LH,,
327085,JCK_AT1,True,no_sibling_found,60111474.0,JCK_AT1_H,,
279869,OGSES_MPT2,False,same_teid_bus_pair_no_suffix,60112061.0,OGSES_MPT2,60006503.0,OGSES_OGMPT2
326921,ZEN_AT2,True,no_sibling_found,60111489.0,ZEN_AT2_H,,
279380,BLUF_CRK_T2_H,True,no_sibling_found,60010037.0,BLUF_CRK_T2_H_H,,
280345,CAPRIDGE_R3T1,False,same_teid_bus_pair_no_suffix,60112780.0,CAPRIDGE_R3T1,60003658.0,CAPRIDGE_WCR3-T1
313506,CLEASP_AT2L,True,no_sibling_found,60003965.0,CLEASP_AT2L_H,,
503203,QRYSW_AX1L,True,no_sibling_found,,,60111183.0,QRYSW_AX1L
320410,YUCSW_MR1L,True,no_sibling_found,60111172.0,YUCSW_MR1LH,,
279818,WHTNY_MR2H,True,no_sibling_found,60007825.0,WHTNY_AXFMR2H_H,,
408997,SGSA_A2,True,same_teid_hl_suffix,60111002.0,SGSA_138_69_2_H,60064433.0,SGSA_138_69_2_L
279705,SMITHV_AT3,True,same_teid_hl_suffix,60065705.0,SMITHV_AT3H,60111041.0,SMITHV_AT3L
279168,SWEETWN3_XF32,False,same_teid_bus_pair_no_suffix,60112756.0,SWEETWN3_XF32,60087683.0,SWEETWN3_XFMRT1
69336,CEDRHILL_T1,True,same_teid_hl_suffix,60110989.0,CEDRHILL_T1_H,60022549.0,CEDRHILL_T1_L
279472,AK_XT01,True,no_sibling_found,60009371.0,AK_AKXT01_H,,
303990,TB_AT1,True,no_sibling_found,60007475.0,TB_AT1_H,,
279104,MLSES_MR1L,True,no_sibling_found,,,60111270.0,MLSES_AXFMR1L
830026,MAGRUDER_XF1L,True,no_sibling_found,,,60101390.0,MAGRUDER_XF1L
61378,VENSW_MR1H,True,no_sibling_found,60007702.0,VENSW_AXFMR1H_H,,
279481,BI_AT5L,True,no_sibling_found,60003318.0,BI_AT5L_H,,
279310,HLSES_MR1L,True,no_sibling_found,,,60005365.0,HLSES_AXFMR1L
555249,HI_LONEB_HILO,False,same_teid_bus_pair_no_suffix,60112216.0,HI_LONEB_HILO,60012314.0,HI_LONEB_T1
298191,DOWGEN_XF84,False,same_teid_bus_pair_no_suffix,60111761.0,DOWGEN_XF84,60004396.0,DOWGEN_GSUXF84
748681,CATSW_MR1L,True,no_sibling_found,,,60111153.0,CATSW_MR1L
279639,LYTTON_S_AT1H,True,no_sibling_found,60005984.0,LYTTON_S_LY_AT1H,,
748707,CATSW_MR2L,True,no_sibling_found,,,60111152.0,CATSW_MR2L
358995,BTTSW_FMR1,True,same_teid_hl_suffix,60110715.0,BTTSW_AXFMR1_HISIDE,60020146.0,BTTSW_AXFMR1_LOSIDE
279071,TYGND_MR1H,True,no_sibling_found,60007659.0,TYGND_AXFMR1H_H,,
279552,TWINBU_AT1L,True,no_sibling_found,,,60008847.0,TWINBU_AT1L
279426,BNDVS_GABL,True,no_sibling_found,,,60110655.0,BNDVS_GABDT2L
87084,CLEASP_AT1L,True,no_sibling_found,60111051.0,CLEASP_AT1L_H,,
363677,OB_AT2H,True,no_sibling_found,60006464.0,OB_AT2H_H,,
31617,WHCCS_1H,True,no_sibling_found,60110739.0,WHCCS_1H,,
279387,GILLES_AT1,True,same_teid_hl_suffix,60035102.0,GILLES_AT1H,60008811.0,GILLES_AT1L
298190,DOWGEN_XF83,False,same_teid_bus_pair_no_suffix,60111760.0,DOWGEN_XF83,60004395.0,DOWGEN_GSUXF83
352495,THW_AT3,True,no_sibling_found,60007523.0,THW_AT3_H,,
279707,HILLCTRY_MR4L,True,no_sibling_found,60005335.0,HILLCTRY_AXFMR4L-H,,
280440,DOW_AT1,True,no_sibling_found,60111468.0,DOW_AT1_H,,
646856,WHITE_PT_T3H,True,no_sibling_found,60074144.0,WHITE_PT_T3H,,
379937,ALTAIR_AT2T,True,same_teid_hl_suffix,60111695.0,ALTAIR_AT2T_H,60014279.0,ALTAIR_AT2T_L
131895,WLVEE_MR1H,True,no_sibling_found,60110788.0,WLVEE_AXFMR1H_H,,
41080,DOW_A4S,False,same_teid_bus_pair_no_suffix,60111773.0,DOW_A4S,60004353.0,DOW_DOW_A4S
279517,LEG_AT1L,True,no_sibling_found,60005789.0,LEG_AT1L_H,,
410507,BLSUMIT3_T1,True,no_sibling_found,60112326.0,BLSUMIT3_T1_H,,
279814,CALAVERS_24_6,False,same_teid_bus_pair_no_suffix,60080574.0,CALAVERS_345_24_6,60021260.0,CALAVERS_24_6
863988,FRONTERA_XFH2,True,no_sibling_found,60104782.0,FRONTERA_XFH2_H,,
96909,MCNSW_MR1H,True,no_sibling_found,60110693.0,MCNSW_MR1HH,,
280442,TC_010A,True,no_sibling_found,60008299.0,TC_010A_H,,
280357,AUSTRO_AT2L,True,no_sibling_found,,,60111141.0,AUSTRO_AU_AT2L
227602,TRINITY_T1,True,no_sibling_found,60007611.0,TRINITY_T1_H,,
280448,SKYLINE_MR4L,True,no_sibling_found,60007241.0,SKYLINE_AXFMR4L_H,,
60992,LFKSW_MR1H,True,no_sibling_found,60005812.0,LFKSW_AXFMR1H_H,,
42360,QALSW_15H,True,no_sibling_found,60112125.0,QALSW_15H,,
278959,WHTTAIL_WHTL,True,no_sibling_found,,,60112263.0,WHTTAIL_WHTL
123345,SALTFORK_T1,True,no_sibling_found,60112316.0,SALTFORK_T1_H,,
254108,CLAYTNVL_157L,True,no_sibling_found,60111671.0,CLAYTNVL_6T3157L_H,,
279614,SKYLINE_MR2H,True,no_sibling_found,60007234.0,SKYLINE_AXFMR2H,,
534361,RAB_XT4H,True,no_sibling_found,60111981.0,RAB_XT4H,,
73802,LHORN_N_T1,True,no_sibling_found,60112284.0,LHORN_N_XFMR-T1_H,,
279825,WIRTZ_GSU7,False,same_teid_bus_pair_no_suffix,60111024.0,WIRTZ_GSU7,60088691.0,WIRTZ_WIRGSUT1
422439,JCK_AT3H,True,no_sibling_found,60111470.0,JCK_AT3H_H,,
94510,ZEN_AT1H,True,no_sibling_found,60111486.0,ZEN_AT1H_H,,
280363,CS_TRT1,True,sibling_teid_null_matched_by_name_only,60026743.0,CS_TRRT1_H,60111413.0,CS_TRRT1_L
354809,PHR_AT3H,True,no_sibling_found,60111449.0,PHR_AT3H_H,,
76988,TWINBU_AT2H,True,no_sibling_found,60111674.0,TWINBU_AT2H_H,,
751193,MRLSW_MR1H,True,no_sibling_found,60110886.0,MRLSW_MR1H,,
429041,RVRSW_AX2H,True,no_sibling_found,60011073.0,RVRSW_AX2HH,,
279212,MGSES_FMR1,False,same_teid_bus_pair_no_suffix,60110685.0,MGSES_FMR1,60084504.0,MGSES_UCXFMR1
83880,PENA3_FMR3,False,same_teid_bus_pair_no_suffix,60112564.0,PENA3_FMR3,60006675.0,PENA3_PENASCALXFMR3
5897,PKRSW_S1-2,True,no_sibling_found,60110709.0,PKRSW_AXFMR2H,,
718554,EXCSW_MR1L,True,no_sibling_found,,,60111238.0,EXCSW_AXFMR1L
16175,LWSSW_FMR1,False,same_teid_bus_pair_no_suffix,60111387.0,LWSSW_AXFMR12,60047046.0,LWSSW_AXFMR11
438355,SARRD_MR2L,True,no_sibling_found,60110813.0,SARRD_AXFMR2L-H,,
279240,RENSW_MR2H,True,no_sibling_found,60110781.0,RENSW_AXFMR2H,,
279512,LEG_AT2H,True,no_sibling_found,60111499.0,LEG_AT2H_H,,
313556,NORTMC_AT1H,True,no_sibling_found,60006411.0,NORTMC_AT1H_H,,
280365,W_DENT_T1H,True,no_sibling_found,60007741.0,W_DENT_XFT1H,,
833399,ASPM_XF1H,True,no_sibling_found,60103584.0,ASPM_XF1H,,
300172,NADAS_AT1,True,same_teid_hl_suffix,60110935.0,NADAS_AT1H,60051717.0,NADAS_AT1L
61856,ODEHV_MR3H,True,no_sibling_found,60110673.0,ODEHV_AXFMR3H,,
836688,WILSW_MR1L,True,no_sibling_found,,,60114283.0,WILSW_MR1L
681446,TEASW_MR1H,True,no_sibling_found,60090255.0,TEASW_AXFMR1H,,
279434,CNRSW_MR1L,True,no_sibling_found,,,60110800.0,CNRSW_AXFMR1L
280367,CAPRIDGE_R2T1,False,same_teid_bus_pair_no_suffix,60112781.0,CAPRIDGE_R2T1,60003657.0,CAPRIDGE_WCR2-T1
153623,SHRSW_MR2H,True,no_sibling_found,60110762.0,SHRSW_AXFMR2H_H,,
59933,OB_AT1,True,no_sibling_found,60111481.0,OB_AT1_H,,
603131,CONSW_MR1L,True,no_sibling_found,,,60012804.0,CONSW_AXFMR1L
835252,GTRSW_MR1H,True,no_sibling_found,60110775.0,GTRSW_MR1H,,
316342,PANDA_T1_11AT,False,same_teid_bus_pair_no_suffix,60112420.0,PANDA_T1_11AT,60006597.0,PANDA_T1_11BAT10
279587,GRSES_MR1H,True,no_sibling_found,60005131.0,GRSES_AXFMR1H,,
279051,ELMOT_MR2L,True,no_sibling_found,60004569.0,ELMOT_AXFMR2LH,,
280371,REDCREEK_T2H,True,no_sibling_found,60087140.0,SARC_T2H,,
280373,FORMOSA_TR22,True,same_teid_hl_suffix,60082237.0,FORMOSA_TR22H,60032847.0,FORMOSA_TR22_L
280374,AMOCOOIL_GXU1,False,same_teid_bus_pair_no_suffix,60111778.0,AMOCOOIL_GXU1,60079580.0,AMOCOOIL_XT410
315708,PANDA_S_12AT,False,same_teid_bus_pair_no_suffix,60112247.0,PANDA_S_12AT,60006595.0,PANDA_S_12BAT10
257871,LYTLE2_AUT1,True,same_teid_hl_suffix,60111104.0,LYTLE2_138_69_1_H,60047274.0,LYTLE2_138_69_1_L
279501,CBY_AT3H,True,no_sibling_found,60094322.0,CBY_AT3H_H,,
279463,CRLNW_MR1L,True,no_sibling_found,60004131.0,CRLNW_AXFMR1L-H,,
273492,CHOATE_CHOT,True,same_teid_hl_suffix,60003818.0,CHOATE_HIGH,60023299.0,CHOATE_LOW
279801,EXN_T402,False,same_teid_bus_pair_no_suffix,60111790.0,EXN_T402,60004646.0,EXN_TP402
279726,AUSTRO_AT1L,True,no_sibling_found,,,60003133.0,AUSTRO_AU_AT1L
280379,CBEC_25T,False,same_teid_bus_pair_no_suffix,60111855.0,CBEC_25T,60003687.0,CBEC_25T701
280381,CAGNON_MR4L,True,no_sibling_found,60003612.0,CAGNON_AXFMR4L-H,,
460017,SOLSTICE_PST1,True,no_sibling_found,,,60066303.0,SOLSTICE_PST1_L
334577,HICKMAN_T1,True,no_sibling_found,60112151.0,HICKMAN_T1_H,,
417454,RDOSC_FMR1,True,no_sibling_found,60111180.0,RDOSC_AXFMRH,,
280386,SCLPCOGN_PATB,False,same_teid_bus_pair_no_suffix,60087197.0,SCLPCOGN_SCLPATB,60010601.0,SCLPCOGN_PATB
119137,BNBSW_MR2H,True,no_sibling_found,60110741.0,BNBSW_AXFMR2H_H,,
313488,CLEASP_AT2H,True,no_sibling_found,60003964.0,CLEASP_AT2H_H,,
299914,NB_AT1,True,no_sibling_found,60111504.0,NB_AT1_H,,
88076,BI_AT4L,True,no_sibling_found,60003315.0,BI_AT4L_H,,
30267,COTTON_T4,False,same_teid_bus_pair_no_suffix,60112568.0,COTTON_T4,60004080.0,COTTON_CW-T4
207889,FORMOSA_2001,False,same_teid_bus_pair_no_suffix,60111810.0,FORMOSA_2001,60082196.0,FORCFB_TR-2001
280387,GIBCRK_WT1L,True,no_sibling_found,,,60110649.0,GIBCRK_GCSWT1L
280388,SJS_XT2,False,same_teid_bus_pair_no_suffix,60111816.0,SJS_XT2,60087340.0,SJS_SJSXT2_
593151,VALERO_E_138H,True,no_sibling_found,60012615.0,VALERO_E_138H,,
279315,EMSES_MR1L,True,no_sibling_found,,,60004583.0,EMSES_AXFMR1L
277336,OCI_ALM1_MPX,True,no_sibling_found,60006481.0,OCI_ALM1_MPXH,,
603092,CONSW_MR2H,True,no_sibling_found,60111196.0,CONSW_AXFMR2H,,
531829,DUNLAP_AT2,True,no_sibling_found,,,60029127.0,DUNLAP_AT2_L
279717,GLIDDE_AT1,True,same_teid_hl_suffix,60035251.0,GLIDDE_AT1H,60111034.0,GLIDDE_AT1L
6084,DIGBY_T2,True,no_sibling_found,60112297.0,DIGBY_T2H,,
279358,LAREDO_A2-H,True,no_sibling_found,60111078.0,LAREDO_138_69A2H,,
280068,GBY_AT5H,True,no_sibling_found,60012041.0,GBY_AT5H_H,,
5719,PKRSW_S001,True,no_sibling_found,60110710.0,PKRSW_AXFMRH,,
443803,WINCHES_AT2H,True,no_sibling_found,60011801.0,WINCHES_AT2H_H,,
298249,DOWGEN_XF13,False,same_teid_bus_pair_no_suffix,60111754.0,DOWGEN_XF13,60004389.0,DOWGEN_GSUXF13
279596,MCDLD_T1,False,same_teid_bus_pair_no_suffix,60112112.0,MCDLD_T1,60006092.0,MCDLD_FOR_T1
279290,SGVSW_MR2L,True,no_sibling_found,,,60007167.0,SGVSW_AXFMR2L
370247,CRSCN_XF1H,True,no_sibling_found,60110874.0,CRSCN_AXFMR1H_H,,
364058,TAHOKA_T2,True,no_sibling_found,60112164.0,TAHOKA_T2_H,,
280393,THW_AT2H,True,no_sibling_found,60111491.0,THW_AT2H_H,,
279057,TRSES_MR6L,True,no_sibling_found,,,60007624.0,TRSES_AXFMR6L
280394,LARDVFT_VFTN,True,no_sibling_found,60111709.0,LARDVFT_VFT_N_H,,
53948,RUSTHILL_T1,True,same_teid_hl_suffix,60111669.0,RUSTHILL_T1_H,60062065.0,RUSTHILL_T1_L
720715,RCKSW_MR2H,True,no_sibling_found,60111160.0,RCKSW_AXFMR2H,,
279468,RNKSW_MR1H,True,no_sibling_found,60006969.0,RNKSW_AXFMR1H,,
320668,LYTTON_S_AT3L,True,no_sibling_found,,,60111125.0,LYTTON_S_AT3L_L
318769,GILLCR_AT2L,True,no_sibling_found,60111042.0,GILLCR_AT2L_H,,
60976,TMPCR_MR1L,True,no_sibling_found,60110869.0,TMPCR_AXFMR1L_H,,
871626,VERN_XF1L,True,no_sibling_found,,,60113804.0,VERN_XF1L
319008,DOW_AT6,True,no_sibling_found,60111469.0,DOW_AT6_H,,
748680,CATSW_MR1H,True,no_sibling_found,60111150.0,CATSW_MR1H,,
27438,QALSW_13H,True,no_sibling_found,60112123.0,QALSW_13H,,
279078,SCSES_MR1H,True,no_sibling_found,60007144.0,SCSES_AXFMR1H,,
313621,NORTMC_AT2H,True,no_sibling_found,60006414.0,NORTMC_AT2H_H,,
279843,LA_PALMA_XF1A,True,no_sibling_found,60005721.0,LA_PALMA_345_138H,,
280400,LON_HILL_382H,True,no_sibling_found,60010004.0,LON_HILL_345_1382H_H,,
279296,KLNSW_MR1H,True,no_sibling_found,60110870.0,KLNSW_AXFMR1H_H,,
280402,BTE_AT-2,True,no_sibling_found,,,60003526.0,BTE_AT-2_L
60320,ALNSW_MR2L,True,no_sibling_found,60111266.0,ALNSW_AXFMR2L_H,,
274394,AEEC_0003,True,no_sibling_found,,,60013501.0,AEEC_0003_L
626863,EXPSW_MR1H,True,no_sibling_found,60031416.0,EXPSW_MR1H,,
279608,SANORTH_69T1,True,same_teid_hl_suffix,60063098.0,SANORTH_138_69T1_H,60009971.0,SANORTH_138_69T1_L
5760701,FAYETT_AT2L,True,no_sibling_found,60008819.0,FAYETT_AT2L_H,,
319007,DOW_AT6H,True,no_sibling_found,60111463.0,DOW_AT6H_H,,
279220,MCSES_MR1L,True,no_sibling_found,,,60110794.0,MCSES_AXFMR1L
279408,DANSBY_T3,True,sibling_teid_null_matched_by_name_and_pair,60111383.0,DANSBY_T3_H,60010479.0,DANSBY_T3_L
279005,LON_HILL_381L,True,same_teid_hl_suffix,60010054.0,LON_HILL_345_1381L_H,60005909.0,LON_HILL_345_1381L
190009,WHTNY_FMRT,False,same_teid_bus_pair_no_suffix,60074327.0,WHTNY_XFMRT1,60007831.0,WHTNY_XFMRT2
278998,PEARSALL_69_4,True,no_sibling_found,,,60115059.0,PEARSALL_138_69_4_L
279164,WOODWRD1_XF,True,no_sibling_found,60007876.0,WOODWRD1_XF_H,,
280408,CORONA_GSU3,False,same_teid_bus_pair_no_suffix,60111021.0,CORONA_GSU3,60004075.0,CORONA_GSUT3
280409,MCDLD_T2,False,same_teid_bus_pair_no_suffix,60112113.0,MCDLD_T2,60006093.0,MCDLD_SAN_T2
279146,ODEHV_MR1H,True,no_sibling_found,60006482.0,ODEHV_AXFMR1H,,
279491,BOMSW_MR1H,True,no_sibling_found,60003426.0,BOMSW_AXFMR1H,,
280411,SKYLINE_MR3H,True,no_sibling_found,60007237.0,SKYLINE_AXFMR3H,,
298189,DOWGEN_XF81,False,same_teid_bus_pair_no_suffix,60111758.0,DOWGEN_XF81,60004393.0,DOWGEN_GSUXF81
100188,WINK_KAT2,False,same_teid_bus_pair_no_suffix,60111397.0,WINK_WINKAT2B,60074821.0,WINK_WINKAT2
279323,SANMIGL_ATBH,True,no_sibling_found,60007090.0,SANMIGL_AUTB_H,,
279638,LYTTON_S_AT1L,True,no_sibling_found,,,60005985.0,LYTTON_S_LY_AT1L
280412,RNKSW_MR2L,True,no_sibling_found,,,60006973.0,RNKSW_AXFMR2L
863967,FRONTERA_XFL1,True,no_sibling_found,60104783.0,FRONTERA_XFL1_H,,
304027,TB_AT2H,True,no_sibling_found,60111512.0,TB_AT2H_H,,
28328,ORANS_XF2H,True,no_sibling_found,60006547.0,ORANS_AXFMR2H,,
280414,LA_PALMA_69A1,True,same_teid_hl_suffix,60043690.0,LA_PALMA_138_69A1_H,60111081.0,LA_PALMA_138_69A1_L
874774,STRATTON_XF1L,True,no_sibling_found,,,60114362.0,STRATTON_XF1L
280415,FORMOSA_TR02,True,no_sibling_found,60004741.0,FORMOSA_TR02H,,
280416,GIBCRK_WT2L,True,no_sibling_found,,,60110648.0,GIBCRK_GCSWT2L
372720,CABEZON_T2,True,no_sibling_found,60112603.0,CABEZON_T2_H,,
327087,JCK_AT2H,True,no_sibling_found,60009334.0,JCK_AT2H_H,,
279787,WRN_XT1,True,no_sibling_found,60111446.0,WRN_XT1_H,,
534352,RAB_XT1H,True,no_sibling_found,60111979.0,RAB_XT1H,,
2013,PHR_AT2H,True,no_sibling_found,60111447.0,PHR_AT2H_H,,
364817,PHARRSVC_AUT2,True,no_sibling_found,60111718.0,PHARRSVC_AUT2_H,,
321284,GV_AT1,True,no_sibling_found,60111476.0,GV_AT1_H,,
718824,EXCSW_MR2H,True,no_sibling_found,60111288.0,EXCSW_AXFMR2H,,
280419,MDANP_FMR3,True,no_sibling_found,60084399.0,MDANP_UCXFMR3_H,,
54008,ORANS_XF1L,True,no_sibling_found,60110716.0,ORANS_AXFMR1LH,,
139919,BLSUMMIT_TRF1,True,no_sibling_found,60112265.0,BLSUMMIT_TRF1H,,
320667,LYTTON_S_AT3H,True,no_sibling_found,60111123.0,LYTTON_S_AT3H_H,,
278981,PC_NORTH_PCT1,False,same_teid_bus_pair_no_suffix,60112127.0,PC_NORTH_P1T1,60006640.0,PC_NORTH_PC1_T1
719724,MULBERRY_XF1H,True,no_sibling_found,60110978.0,MULBERRY_1_345_1_H,,
828835,WCRSW_MR2L,True,no_sibling_found,,,60110888.0,WCRSW_MR2L
316306,PANDA_T1_10AT,False,same_teid_bus_pair_no_suffix,60112419.0,PANDA_T1_10AT,60006596.0,PANDA_T1_10BAT10
279633,CBY4_XF04,False,same_teid_bus_pair_no_suffix,60111746.0,CBY4_XF04,60003707.0,CBY4_GSU-XF-04001
405559,WLNDSSRC_XF-1,False,same_teid_bus_pair_no_suffix,60111004.0,WLNDSSRC_1W1,60075065.0,WLNDSSRC_1W2
254110,CLAYTNVL_162L,True,no_sibling_found,60008569.0,CLAYTNVL_6T3162L_H,,
279401,VENSW_MR3H,True,no_sibling_found,60110757.0,VENSW_AXFMR3H,,
736074,WHITE_PT_XF1L,True,no_sibling_found,,,60111111.0,WHITE_PT_XF1L
280422,CBEC_24T,False,same_teid_bus_pair_no_suffix,60111859.0,CBEC_24T,60003686.0,CBEC_24T701
279494,SJO_SJO1,False,same_teid_bus_pair_no_suffix,60065203.0,SJO_SJO1,60007231.0,SJO_XFMR1
81018,TWINBU_AT2L,True,no_sibling_found,60111675.0,TWINBU_AT2L_H,,
279225,ANASW_XF2L,True,same_teid_hl_suffix,60097084.0,ANASW_AXFMR2L-H,60003052.0,ANASW_AXFMR2L
370248,CRSCN_XF1L,True,no_sibling_found,60110875.0,CRSCN_AXFMR1L_H,,
279268,CDHSW_AXFH,True,no_sibling_found,60110795.0,CDHSW_AXFMR2H,,
279052,TNP_ONE_GSU1,False,same_teid_bus_pair_no_suffix,60111407.0,TNP_ONE_GSU1,60007586.0,TNP_ONE_TNP1GSU1
280149,FORMOSA_TR01,True,no_sibling_found,60004740.0,FORMOSA_TR01H,,
279649,VICTORIA_69A1,True,same_teid_hl_suffix,60072274.0,VICTORIA_138_69A1_H,60111067.0,VICTORIA_138_69A1_L
207862,FORMOSA_1001,False,same_teid_bus_pair_no_suffix,60111811.0,FORMOSA_1001,60082194.0,FORCFB_TR-1001
719059,SAPOWER_XF1L,True,no_sibling_found,,,60110990.0,SAPOWER_XF1L
681480,TEASW_MR2L,True,no_sibling_found,,,60110849.0,TEASW_AXFMR2L
326252,NA_NO_1,True,no_sibling_found,60111901.0,NA_NO_1H,,
279959,DNDAM_XF_2,False,same_teid_bus_pair_no_suffix,60112251.0,DNDAM_XF_2,60004334.0,DNDAM_XF_2_138
262772,CAGNON_MR1H,True,no_sibling_found,60110899.0,CAGNON_AXFMR1H-H,,
326255,NA_NO_5,True,no_sibling_found,60111902.0,NA_NO_5H,,
313123,HAMILTON_AUT2,True,no_sibling_found,60111073.0,HAMILTON_AUT2_H,,
279556,NUECES_B_18-9,True,no_sibling_found,60006435.0,NUECES_B_142_18_9_H,,
280152,CALAVERS_24_2,False,same_teid_bus_pair_no_suffix,60080570.0,CALAVERS_138_24_2,60021256.0,CALAVERS_24_2
320383,YUCSW_MR1H,True,no_sibling_found,60110669.0,YUCSW_MR1HH,,
279398,SACH_69T1,True,same_teid_hl_suffix,60062440.0,SACH_138_69T1_H,60009972.0,SACH_138_69T1_L
279044,SJS_XT1,False,same_teid_bus_pair_no_suffix,60111815.0,SJS_XT1,60087339.0,SJS_SJSXT1_
280155,SILASRAY_T1,True,no_sibling_found,,,60010423.0,SILASRAY_T1_L
280436,STASW_FMR1,True,same_teid_hl_suffix,60110696.0,STASW_AXFMRH,60067029.0,STASW_AXFMRL
279046,LENSW_FMR2,True,same_teid_hl_suffix,60044288.0,LENSW_AXFMR2H,60009299.0,LENSW_AXFMR2L
279785,WO_AT2H,True,no_sibling_found,60007868.0,WO_AT2H_H,,
728530,TMPCR_MR2H,True,no_sibling_found,60110863.0,TMPCR_MR2H,,
279846,DOW_AT1H,True,no_sibling_found,60111462.0,DOW_AT1H_H,,
279582,CAPRIDGE_AT1,True,no_sibling_found,,,60021604.0,CAPRIDGE_AT1_L
88075,BI_AT4,True,no_sibling_found,60003314.0,BI_AT4_H,,
827149,SBYSW_MR1L,True,no_sibling_found,,,60110701.0,SBYSW_MR1L
339734,DEC_G1NH,True,no_sibling_found,60010744.0,DEC_G1NH,,
279133,TKWSW1_T1,False,same_teid_bus_pair_no_suffix,60112786.0,TKWSW1_T1,60007565.0,TKWSW1_ROS_T1
465299,CMBSW_MR1L,True,no_sibling_found,,,60011741.0,CMBSW_AXFMR1L
399343,IH20_IHS1,True,no_sibling_found,60111400.0,IH20_IHS1_HISIDE,,
279835,BRAUNIG_18_3,True,no_sibling_found,60003469.0,BRAUNIG_345_18_3H,,
280005,PHR_AT4,True,no_sibling_found,60111451.0,PHR_AT4_H,,
81372,GRANDVW1_COT1,True,no_sibling_found,60112277.0,GRANDVW1_COL_T1_H,,
280159,LENSW_FMR5,True,same_teid_hl_suffix,60110721.0,LENSW_AXFMR5H,60044289.0,LENSW_AXFMR5L
279047,ELMOT_FMR1,True,same_teid_hl_suffix,60030287.0,ELMOT_AXFMR1H,60110859.0,ELMOT_AXFMR1L
21497,GS_AT2L,True,no_sibling_found,60008563.0,GS_AT2L_H,,
652128,LPNSW_MR2L,True,no_sibling_found,,,60111259.0,LPNSW_AXFMR2L
279685,GABRIE_AT1,True,same_teid_hl_suffix,60033959.0,GABRIE_AT1H,60008821.0,GABRIE_AT1L
28444,ORANS_XF2L,True,no_sibling_found,,,60006548.0,ORANS_AXFMR2L
363678,OB_AT2,True,no_sibling_found,60111482.0,OB_AT2_H,,
279165,SC_AT1H,True,no_sibling_found,60111440.0,SC_AT1H_H,,
280165,DECKER_MPT2,False,same_teid_bus_pair_no_suffix,60111135.0,DECKER_MPT2,60081498.0,DECKER_DP_MPT2
279574,EDGWD_MR2L,True,no_sibling_found,,,60004519.0,EDGWD_AXFMR2L
196470,WAKEWE_T2,True,no_sibling_found,60112286.0,WAKEWE_T2H,,
419024,FORMOSA_TR32,True,no_sibling_found,,,60032849.0,FORMOSA_TR32_L
399344,IH20_IHS2,True,no_sibling_found,60111399.0,IH20_IHS2_HISIDE,,
280167,CBEC_26T,False,same_teid_bus_pair_no_suffix,60111860.0,CBEC_26T,60003688.0,CBEC_26T701
361523,PALMASVC_AUT1,True,no_sibling_found,60111715.0,PALMASVC_AUT1_H,,
438354,SARRD_MR2H,True,no_sibling_found,60110811.0,SARRD_AXFMR2H-H,,
374205,EVRSW_MR4H,True,no_sibling_found,60110748.0,EVRSW_AXFMR4H_H,,
830879,PRLSW_MR2L,True,no_sibling_found,,,60100498.0,PRLSW_AXFMR2L
429032,WLFSW_AX1L,True,no_sibling_found,60110671.0,WLFSW_AX1LH,,
279402,VENSW_MR3L,True,no_sibling_found,,,60110758.0,VENSW_AXFMR3L
80439,SHANNONW_T1,True,no_sibling_found,60112290.0,SHANNONW_T1_H,,
279238,SARRD_MR1H,True,no_sibling_found,60110810.0,SARRD_AXFMR1H-H,,
334578,HICKMAN_T2,True,no_sibling_found,60112150.0,HICKMAN_T2_H,,
359854,HUD_XT02,True,no_sibling_found,60111909.0,HUD_XT02H,,
280169,LYTTON_S_AT2H,True,no_sibling_found,60005987.0,LYTTON_S_LY_AT2H,,
279718,MARBFA_GSU1,False,same_teid_bus_pair_no_suffix,60111044.0,MARBFA_GSU1,60006038.0,MARBFA_13GSUT1
728531,TMPCR_MR2L,True,no_sibling_found,,,60110868.0,TMPCR_MR2L
872351,MASN_XF1H,True,no_sibling_found,60114069.0,MASN_XF1H,,
280171,FORMOSA_TR06,True,no_sibling_found,60004745.0,FORMOSA_TR06H,,
630887,EXPSW_MR2L,True,no_sibling_found,,,60111193.0,EXPSW_MR2L
69860,ALMC_T2,True,same_teid_hl_suffix,60002994.0,ALMC_138_69T2_H,60014096.0,ALMC_138_69T2_L
419958,ACSSW_AX2H,True,no_sibling_found,60011732.0,ACSSW_AX2HH,,
875578,GAINSVIL_TRF2,True,same_teid_hl_suffix,60114499.0,GAINSVIL_AUTO2_H,60114500.0,GAINSVIL_AUTO2_L
828813,WCRSW_MR1H,True,no_sibling_found,60110889.0,WCRSW_MR1H,,
279800,EXN_T401,False,same_teid_bus_pair_no_suffix,60111792.0,EXN_T401,60004645.0,EXN_TP401
280172,CALAVERS_24_5,False,same_teid_bus_pair_no_suffix,60080573.0,CALAVERS_345_24_5,60021259.0,CALAVERS_24_5
726990,HERON_XF1H,True,no_sibling_found,60111661.0,HERON_1_138_1_H,,
1117,REDGATE_GS2H,True,no_sibling_found,60112582.0,REDGATE_GS2H,,
279763,THW_AT1L,True,no_sibling_found,60111492.0,THW_AT1L_H,,
279564,MNSES_MR1L,True,no_sibling_found,,,60110737.0,MNSES_AXFMR1L
279682,SANDCR_AT1,True,same_teid_hl_suffix,60062838.0,SANDCR_AT1H,60008810.0,SANDCR_AT1L
279037,WWEST_MR2H,True,no_sibling_found,60110871.0,WWEST_AXFMR2H,,
873313,ROCKPORT_AT2L,True,no_sibling_found,,,60114144.0,ROCKPORT_AT2L
597080,HEADWA_AT1,True,no_sibling_found,,,60037532.0,HEADWA_AT1_L
278990,BUFF_GAP_FMR1,False,same_teid_bus_pair_no_suffix,60112770.0,BUFF_GAP_FMR1,60003543.0,BUFF_GAP_UXFMR1
280176,TMPSW_MR1L,True,no_sibling_found,,,60007579.0,TMPSW_AXFMR1L
279430,LWSSW_FMR2,False,same_teid_bus_pair_no_suffix,60047047.0,LWSSW_AXFMR21,60005974.0,LWSSW_AXFMR22
280177,CBEC_22T,False,same_teid_bus_pair_no_suffix,60111857.0,CBEC_22T,60003684.0,CBEC_22T701
279083,NCDSE_MR1H,True,no_sibling_found,60006353.0,NCDSE_AXFMR1H,,
280179,SILASRAY_T2,True,no_sibling_found,,,60010424.0,SILASRAY_T2_L
280180,EVRSW_MR3H,True,no_sibling_found,60004630.0,EVRSW_AXFMR3H,,
280181,DANSBY_T2,True,sibling_teid_null_matched_by_name_and_pair,60111382.0,DANSBY_T2_H,60010478.0,DANSBY_T2_L
279198,JN_AT1H,True,no_sibling_found,60111525.0,JN_AT1H_H,,
60394,FSHSW_MR1L,True,no_sibling_found,60110706.0,FSHSW_AXFMR1L_H,,
279505,CBY_AT3,True,no_sibling_found,60097988.0,CBY_AT3_H,,
18935,QALSW_11H,True,no_sibling_found,60112122.0,QALSW_11H,,
717097,RGRSW_MR1H,True,no_sibling_found,60111145.0,RGRSW_AXFMR1H,,
280184,DOW_A4P,False,same_teid_bus_pair_no_suffix,60111464.0,DOW_A4P,60004352.0,DOW_DOW_A4P
429036,WLFSW_AX2H,True,no_sibling_found,60111171.0,WLFSW_AX2HH,,
127817,CBFSW_MR1H,True,no_sibling_found,60111200.0,CBFSW_AXFMR1H,,
279779,SWEETWND_XF1,False,same_teid_bus_pair_no_suffix,60112754.0,SWEETWND_XF1,60087688.0,SWEETWND_0UXFMR1
280216,ODEHV_MR2L,True,no_sibling_found,,,60006486.0,ODEHV_AXFMR2L
13348,HCKSW_MR1L,True,no_sibling_found,60008792.0,HCKSW_AXFMR1LH,,
829939,GARZA_XF1H,True,no_sibling_found,60098657.0,GARZA_1_138_1_H,,
279725,AUSTRO_AT1H,True,no_sibling_found,60003132.0,AUSTRO_AU_AT1H,,
874776,N_SHARPE_XF1H,True,no_sibling_found,60114357.0,N_SHARPE_XF1H,,
279016,PRSSW_MR1L,True,no_sibling_found,,,60006772.0,PRSSW_AXFMR1L
341900,LNCRK_T2,True,no_sibling_found,,,60045291.0,LNCRK_T2_L
280217,CORONA_GSU2,False,same_teid_bus_pair_no_suffix,60111020.0,CORONA_GSU2,60004074.0,CORONA_GSUT2
279197,FPPYD2_GSU3,False,same_teid_bus_pair_no_suffix,60111015.0,FPPYD2_GSU3,60004783.0,FPPYD2_T_406
330408,MASOCT_AT3,True,same_teid_hl_suffix,60111677.0,MASOCT_AT3H,60048231.0,MASOCT_AT3L
279284,PTENN_MR1L,True,no_sibling_found,,,60110808.0,PTENN_AXFMR1L
280443,BI_AT1L,True,no_sibling_found,60111521.0,BI_AT1L_H,,
279023,MDANP_FMR1,True,no_sibling_found,60084397.0,MDANP_UCXFMR1_H,,
280020,GBY_AT1,True,no_sibling_found,60111423.0,GBY_AT1_H,,
313115,HAMILTON_AUT1,True,no_sibling_found,60111075.0,HAMILTON_AUT1_H,,
279077,SSPSW_MR1L,True,no_sibling_found,,,60007354.0,SSPSW_AXFMR1L
279622,THW_AT1,True,no_sibling_found,60111490.0,THW_AT1_H,,
326254,NA_NO_4,True,no_sibling_found,60111903.0,NA_NO_4H,,
875384,GAINSVIL_TRF1,True,no_sibling_found,,,60114498.0,GAINSVIL_AUTO1_L
298356,DOWGEN_XF95,False,same_teid_bus_pair_no_suffix,60111763.0,DOWGEN_XF95,60004397.0,DOWGEN_GSUXF95
280220,FORMOSA_TR08,True,no_sibling_found,60004747.0,FORMOSA_TR08H,,
279798,EXN_T396,False,same_teid_bus_pair_no_suffix,60010569.0,EXN_T396,60004643.0,EXN_TP396
731935,TIMPP_SU1H,True,no_sibling_found,60112728.0,TIMPP_SU1H,,
279027,WLVEE_MR1L,True,no_sibling_found,60110802.0,WLVEE_AXFMR1L_H,,
279849,OGSES_FMR1,False,same_teid_bus_pair_no_suffix,60112059.0,OGSES_FRM1,60006501.0,OGSES_OGAXFRM1
6037,DIGBY_T1,True,no_sibling_found,60112298.0,DIGBY_T1H,,
270552,SALEM_AT4H,True,no_sibling_found,60007052.0,SALEM_AT4H_H,,
279571,FGRSW_MR1L,True,no_sibling_found,,,60110828.0,FGRSW_AXFMR1L
279217,MGSES_FMR3,False,same_teid_bus_pair_no_suffix,60110684.0,MGSES_FMR3,60084506.0,MGSES_UCXFMR3
717098,RGRSW_MR1L,True,no_sibling_found,,,60111147.0,RGRSW_AXFMR1L
280426,HUTTO_MR1H,True,no_sibling_found,60005434.0,HUTTO_AXFMR1H,,
279788,EXN_H301,False,same_teid_bus_pair_no_suffix,60111797.0,EXN_H301,60004651.0,EXN_TRTH301
21711,LON_HILL_69A1,True,same_teid_hl_suffix,60045805.0,LON_HILL_69A1_H,60111096.0,LON_HILL_69A1_L
104415,JOR_AT2H,True,no_sibling_found,60111427.0,JOR_AT2H_H,,
603130,CONSW_MR1H,True,no_sibling_found,60012803.0,CONSW_AXFMR1H,,
279365,RTW_AT1,True,no_sibling_found,60111510.0,RTW_AT1_H,,
280222,INDL_T2,False,same_teid_bus_pair_no_suffix,60112790.0,INDL_T2,60005470.0,INDL_IND_T2
534355,RAB_XT2H,True,no_sibling_found,60111978.0,RAB_XT2H,,
279527,HOC_AT1,True,no_sibling_found,60111522.0,HOC_AT1_H,,
279272,WHTNY_FMR2,True,no_sibling_found,,,60011728.0,WHTNY_AXFMR2_L
124653,SCOSW_MR1H,True,no_sibling_found,60111190.0,SCOSW_AXFMR1H,,
280441,KENDAL_AT4L,True,no_sibling_found,60005598.0,KENDAL_4LH,,
280071,GBY_AT5,True,no_sibling_found,60004978.0,GBY_AT5L_H,,
533373,MCCREE_CT2L,True,no_sibling_found,,,60110630.0,MCCREE_CT2L
279294,GRMSW_FMR1,True,no_sibling_found,,,60036202.0,GRMSW_AXFMR1_L
503635,WO_AT4,True,no_sibling_found,60111517.0,WO_AT4_H,,
279378,CORONA_GSU1,False,same_teid_bus_pair_no_suffix,60111022.0,CORONA_GSU1,60004073.0,CORONA_GSUT1
537561,QUEEN_BA_ROAD,False,same_teid_bus_pair_no_suffix,60112217.0,QUEEN_BA_ROAD,60012089.0,QUEEN_BA_T1
69541,HRFDWIND_T2,True,no_sibling_found,60112281.0,HRFDWIND_T2_H,,
280187,THW_AT2,True,no_sibling_found,60111493.0,THW_AT2_H,,
327932,CASSAVA_T1,True,same_teid_hl_suffix,60111651.0,CASSAVA_CASA1_H,60021777.0,CASSAVA_CASA1_L
98558,ACSSW_AX1L,True,no_sibling_found,60008253.0,ACSSW_AX1LH,,
255036,ILLN_AUT1,True,same_teid_hl_suffix,60110998.0,ILLN_138_69_AUTO1_H,60039915.0,ILLN_138_69_AUTO1_L
582373,MDLNE_MR1H,True,no_sibling_found,60110676.0,MDLNE_AXFMR1H,,
61724,ODEHV_MR3L,True,no_sibling_found,,,60110681.0,ODEHV_AXFMR3L
113628,MDO_AT2H,True,no_sibling_found,60111477.0,MDO_AT2H_H,,
718019,SAPOWER_XF1H,True,no_sibling_found,60110991.0,SAPOWER_XF1H,,
279848,INKSDA_GSU1,False,same_teid_bus_pair_no_suffix,60111023.0,INKSDA_GSU1,60005481.0,INKSDA_12GSUT1
830878,PRLSW_MR2H,True,no_sibling_found,60100497.0,PRLSW_AXFMR2H,,
279320,WTRML_MR1H,True,no_sibling_found,60110798.0,WTRML_AXFMR1H,,
228551,TRINITY_T2,True,no_sibling_found,60007612.0,TRINITY_T2_H,,
859553,TMPSW_MR2H,True,no_sibling_found,60104351.0,TMPSW_AXFMR2H,,
279495,CBY_A2AL,True,no_sibling_found,60003696.0,CBY_AT2AL_H,,
279594,INDL_T1,False,same_teid_bus_pair_no_suffix,60112789.0,INDL_T1,60005469.0,INDL_IND_T1
279205,JN_AT3H,True,no_sibling_found,60111524.0,JN_AT3H_H,,
492644,JOR_AT3,True,no_sibling_found,60111430.0,JOR_AT3_H,,
280196,CNRSW_MR2H,True,no_sibling_found,60004005.0,CNRSW_AXFMR2H,,
280429,BIGLAKE_PS_1,False,same_teid_bus_pair_no_suffix,60110996.0,BIGLAKE_SOURCE,60017411.0,BIGLAKE_LOAD
279155,FTLN_69T1,True,same_teid_hl_suffix,60033726.0,FTLN_138_69T1_H,60110999.0,FTLN_138_69T1_L
676576,FORMOSA_TR2H,True,no_sibling_found,60111061.0,FORMOSA_TR2H,,
43340,KEO_T2,True,no_sibling_found,60005611.0,KEO_XFMR_SM2_H,,
363104,OWLS_XFR1,False,same_teid_bus_pair_no_suffix,60111656.0,OWLS_138_69_1_HS,60054891.0,OWLS_138_69_1_LS
279480,BI_AT5,True,no_sibling_found,60003317.0,BI_AT5_H,,
124321,SCOSW_MR1L,True,no_sibling_found,,,60111192.0,SCOSW_AXFMR1L
90199,RTW_AT2H,True,no_sibling_found,60111508.0,RTW_AT2H_H,,
493691,BOG_T5H,True,no_sibling_found,60111445.0,BOG_T5H,,
647462,BROOKHOL_XF3H,True,no_sibling_found,60111108.0,BROOKHOL_1_138_1_H,,
280199,CNRSW_MR2L,True,no_sibling_found,,,60004006.0,CNRSW_AXFMR2L
280200,SKYLINE_MR3L,True,no_sibling_found,60110919.0,SKYLINE_AXFMR3L-H,,
279208,MGSES_FMR4,False,same_teid_bus_pair_no_suffix,60110682.0,MGSES_FMR4,60084507.0,MGSES_UCXFMR4
279643,BASTEN_TF-A,False,same_teid_bus_pair_no_suffix,60111013.0,BASTEN_TF-A,60003211.0,BASTEN_1EY-TF-A
322453,ZORN_AT1L,True,no_sibling_found,60111030.0,ZORN_AT1L_H,,
279561,MNSES_MR1H,True,no_sibling_found,60110728.0,MNSES_AXFMR1H,,
279207,MGSES_FMR2,False,same_teid_bus_pair_no_suffix,60110683.0,MGSES_FMR2,60084505.0,MGSES_UCXFMR2
140389,LIGSW_MR2L,True,no_sibling_found,60110760.0,LIGSW_AXFMR2L_H,,
280206,SANMIGL_ATAH,True,no_sibling_found,60007087.0,SANMIGL_AUTA_H,,
279477,BI_AT2L,True,no_sibling_found,60111520.0,BI_AT2L_H,,
465298,CMBSW_MR1H,True,no_sibling_found,60011382.0,CMBSW_AXFMR1H-H,,
279583,SWEETWN2_XF22,False,same_teid_bus_pair_no_suffix,60087676.0,SWEETWN2_UXFMR1,60067944.0,SWEETWN2_XF22
280208,MLSES_MR2L,True,no_sibling_found,,,60110819.0,MLSES_AXFMR2L
280209,CORONA_AT4,True,same_teid_hl_suffix,60025254.0,CORONA_AT4H,60008807.0,CORONA_AT4L
721622,WTRML_MR2H,True,no_sibling_found,60094094.0,WTRML_MR2H,,
364057,TAHOKA_T1,True,no_sibling_found,60112163.0,TAHOKA_T1_H,,
279837,BRAUNIG_MT56,True,no_sibling_found,60003472.0,BRAUNIG_MT56H,,
720712,RCKSW_MR1H,True,no_sibling_found,60111159.0,RCKSW_AXFMR1H,,
314167,GWEC_T1,True,no_sibling_found,60112425.0,GWEC_T1_H,,
279621,KENDAL_AT4H,True,no_sibling_found,60005597.0,KENDAL_4HH,,
279764,NCARBIDE_113A,False,same_teid_bus_pair_no_suffix,60111788.0,NCARBIDE_113A,60084878.0,NCARBIDE_XF-113A
61835,VENSW_MR2L,True,no_sibling_found,60007706.0,VENSW_AXFMR2L_H,,
293090,WO_AT3H,True,no_sibling_found,60111514.0,WO_AT3H_H,,
153621,SHRSW_MR1L,True,no_sibling_found,60007197.0,SHRSW_AXFMR1L_H,,
280214,RIOHONDO_AT2H,True,no_sibling_found,60111082.0,RIOHONDO_345_138_2H,,
59628,OB_AT1H,True,no_sibling_found,60111480.0,OB_AT1H_H,,
764610,NUECES_B_XF1H,True,no_sibling_found,60111095.0,NUECES_B_XF1H,,
395316,HDRSC_FMR1,True,no_sibling_found,60111179.0,HDRSC_AXFMRH,,
97895,SASASW_AT1,True,same_teid_hl_suffix,60111019.0,SASASW_ATH,60063376.0,SASASW_ATL
602570,INRT_W_T1A,True,no_sibling_found,,,60040116.0,INRT_W_T1A_L
81455,GRANDVW1_COT2,True,no_sibling_found,60112278.0,GRANDVW1_COL_T2_H,,
279092,MLSES_FMR1,False,same_teid_bus_pair_no_suffix,60110817.0,MLSES_FMR1,60006222.0,MLSES_UXFMR1
375368,MARION_AT3H,True,no_sibling_found,60111009.0,MARION_AT3H_H,,
279514,LEG_AT2,True,no_sibling_found,60111500.0,LEG_AT2_H,,
441471,SLKSW_AX1L,True,no_sibling_found,60011077.0,SLKSW_AX1LH,,
586712,CRESW_MR1L,True,no_sibling_found,60110841.0,CRESW_AXFMR1LH,,
278982,RCSES_MR1H,True,no_sibling_found,60110734.0,RCSES_AXFMR1H,,
280226,ABEAST_69T2,True,same_teid_hl_suffix,60115041.0,ABEAST_138_69_T2_H,60115042.0,ABEAST_138_69_T2_L
521226,REDGTSS_REDG,True,no_sibling_found,,,60059815.0,REDGTSS_REDG_L
279497,BOMSW_MR1L,True,no_sibling_found,,,60110704.0,BOMSW_AXFMR1L
218591,MDSSW_MR1H,True,no_sibling_found,60008790.0,MDSSW_AXFMR1H-H,,
453247,DPW_AT1,True,no_sibling_found,60011410.0,DPW_AT1_H,,
279694,FRIEND_R_FMR1,True,same_teid_hl_suffix,60033400.0,FRIEND_R_XFMR1_H,60110997.0,FRIEND_R_XFMR1_L
279748,CALLAHAN_UT1,True,no_sibling_found,,,60021332.0,CALLAHAN_UT1_L
280227,AMOCOOIL_GSU4,False,same_teid_bus_pair_no_suffix,60111780.0,AMOCOOIL_GSU4,60079578.0,AMOCOOIL_GSUT4
280228,GIBCRK_WT2H,True,no_sibling_found,60110653.0,GIBCRK_GCSWT2H,,
279281,FORSW_MR3L,True,no_sibling_found,,,60004760.0,FORSW_AXFMR3L
24107,TORDILLO_TORD,True,same_teid_hl_suffix,60110942.0,TORDILLO_HIGH,60070377.0,TORDILLO_LOW
313286,FERGCC_GSU1,False,same_teid_bus_pair_no_suffix,60112747.0,FERGCC_GSU1,60004709.0,FERGCC_1EY-TF-A
280231,FLCNS_AMR1,True,no_sibling_found,,,60032368.0,FLCNS_AMR1_L
102869,MASOCT_AT2,True,same_teid_hl_suffix,60111676.0,MASOCT_AT2H,60084276.0,MASOCT_AT2_L
665377,TESSW_MR2H,True,no_sibling_found,60111310.0,TESSW_MR2H,,
280233,DIB_MT1,True,sibling_teid_null_matched_by_name_and_pair,60111415.0,DIB_MT1H,60008578.0,DIB_MT1L
279022,DUPV1_GSU1,False,same_teid_bus_pair_no_suffix,60111838.0,DUPV1_GSU1,60081729.0,DUPV1_COGEN_STEPUP
774317,PRMSW_MR2H,True,no_sibling_found,60111157.0,PRMSW_MR2H,,
873269,ROCKPORT_AT1H,True,no_sibling_found,60114141.0,ROCKPORT_AT1H,,
774297,PRMSW_MR1L,True,no_sibling_found,,,60111165.0,PRMSW_MR1L
776472,SBYSW_MR1H,True,no_sibling_found,60110700.0,SBYSW_MR1H,,
279411,NORSW_MR1H,True,no_sibling_found,60110792.0,NORSW_AXFMR1H_H,,
546678,LOCKHA_AT3H,True,no_sibling_found,60012036.0,LOCKHA_AT3H,,
279072,CRKET_MR2L,True,no_sibling_found,,,60004128.0,CRKET_AXFMR2L
312844,GILLCR_AT1H,True,no_sibling_found,60005052.0,GILLCR_AT1H_H,,
280239,FORMOSA_TR03,True,no_sibling_found,60004742.0,FORMOSA_TR03H,,
279984,OKLA_1382,True,no_sibling_found,,,60110969.0,OKLA_345_1382_L
824576,WATTP_FMR1,False,same_teid_bus_pair_no_suffix,60100634.0,WATTP_AXFMR1-69,60100633.0,WATTP_AXFMR1-138
405560,WLNDSSRC_XF-2,False,same_teid_bus_pair_no_suffix,60111003.0,WLNDSSRC_2W1,60075066.0,WLNDSSRC_2W2
872350,MASN_XF1L,True,no_sibling_found,,,60114070.0,MASN_XF1L
133566,SHILOH_FMR1,False,same_teid_bus_pair_no_suffix,60110637.0,SHILOH_HIGHSIDE,60064745.0,SHILOH_LOWSIDE
717118,RGRSW_MR2L,True,no_sibling_found,,,60111146.0,RGRSW_AXFMR2L
61636,KENDAL_AT3H,True,no_sibling_found,60005600.0,KENDAL_AT3H_H,,
280241,RENSW_MR1H,True,no_sibling_found,60110783.0,RENSW_AXFMR1H,,
278980,PLVSW_FMR1,True,same_teid_hl_suffix,60110713.0,PLVSW_AXFMR1-H,60057168.0,PLVSW_AXFMR1-L
279453,NVARO_MR2L,True,no_sibling_found,,,60006442.0,NVARO_AXFMR2L
493697,BOG_T6H,True,no_sibling_found,60111443.0,BOG_T6H,,
652043,LPNSW_MR1H,True,no_sibling_found,60111319.0,LPNSW_AXFMR1H,,
327868,DERMOTT_T1,True,no_sibling_found,60112804.0,DERMOTT_T1H,,
717117,RGRSW_MR2H,True,no_sibling_found,60111144.0,RGRSW_AXFMR2H,,
280245,SCLPCOGN_GSU3,False,same_teid_bus_pair_no_suffix,60111820.0,SCLPCOGN_GSU3,60087200.0,SCLPCOGN_SCLPGSU3
346165,BERGHE_AT1H,True,no_sibling_found,60011063.0,BERGHE_AT1H_H,,
859554,TMPSW_MR2L,True,no_sibling_found,,,60104352.0,TMPSW_AXFMR2L
768792,PRY_PRY2,True,no_sibling_found,,,60102373.0,PRY_PRY2_L
299916,NB_AT2H,True,no_sibling_found,60111503.0,NB_AT2H_H,,
279173,BIGLAKE_R-E1,True,same_teid_hl_suffix,60017412.0,BIGLAKE_XFMR_E1_H,60110994.0,BIGLAKE_XFMR_E1_L
280248,PRY_PRY1,True,same_teid_hl_suffix,60105077.0,PRY_PRY1_H,60105078.0,PRY_PRY1_L
279305,SNDSW_MR2L,True,no_sibling_found,60007282.0,SNDSW_AXFMR2L-H,,
459076,VENADO_T3,True,no_sibling_found,,,60072120.0,VENADO_T3_L
313132,HAMILTON_AUT3,True,no_sibling_found,60111074.0,HAMILTON_AUT3_H,,
280249,CBY4_XF41,False,same_teid_bus_pair_no_suffix,60111745.0,CBY4_XF41,60003708.0,CBY4_GSU-XF-41001
429037,WLFSW_AX2L,True,no_sibling_found,60110670.0,WLFSW_AX2LH,,
126292,DMTSW_AX2H,True,no_sibling_found,60004324.0,DMTSW_AX2HH,,
292974,WO_AT1,True,no_sibling_found,60007864.0,WO_AT1_H,,
324280,ZORN_AT2H,True,no_sibling_found,60111007.0,ZORN_AT2H_H,,
503636,WO_AT4H,True,no_sibling_found,60111515.0,WO_AT4H_H,,
279462,CRLNW_MR1H,True,no_sibling_found,60004130.0,CRLNW_AXFMR1H-H,,
124041,SALTFORK_T2,True,no_sibling_found,60112315.0,SALTFORK_T2_H,,
280252,LAREDO_A1-H,True,no_sibling_found,60111077.0,LAREDO_138_69A1H,,
231914,OB_AT3,True,no_sibling_found,60111483.0,OB_AT3_H,,
279515,LEG_AT1,True,no_sibling_found,60111498.0,LEG_AT1_H,,
280254,MDANP_FMR2,True,no_sibling_found,60084398.0,MDANP_UCXFMR2_H,,
646857,WHITE_PT_T3L,True,no_sibling_found,,,60074145.0,WHITE_PT_T3L
231913,OB_AT3H,True,no_sibling_found,60111479.0,OB_AT3H_H,,
730816,REDSW_MR1H,True,no_sibling_found,60110846.0,REDSW_AXFMR1H,,
279291,CMNSW_MR1L,True,no_sibling_found,,,60003989.0,CMNSW_AXFMR1L
279799,EXN_T397,False,same_teid_bus_pair_no_suffix,60111789.0,EXN_T397,60004644.0,EXN_TP397
493688,BOG_T2H,True,no_sibling_found,60012042.0,BOG_T2H,,
90864,FM524_FMF1,False,same_teid_bus_pair_no_suffix,60032560.0,FM524_FMF524FMF1_B,60008279.0,FM524_FMF524FMF1_A
833433,WILSW_MR2H,True,no_sibling_found,60114284.0,WILSW_MR2H,,
279058,TRSES_MR6H,True,no_sibling_found,60007623.0,TRSES_AXFMR6H,,
279572,FGRSW_MR1H,True,no_sibling_found,60110827.0,FGRSW_AXFMR1H,,
325830,MOULSO_AT3,True,same_teid_hl_suffix,60111049.0,MOULSO_AT3H,60050930.0,MOULSO_AT3L
279676,DECKER_MPT1,False,same_teid_bus_pair_no_suffix,60111134.0,DECKER_MPT1,60081497.0,DECKER_DP_MPT1
279493,CBY_AT2A,True,no_sibling_found,60003695.0,CBY_AT2A_H,,
279617,KENEDSW_69A1,True,same_teid_hl_suffix,60041804.0,KENEDSW_138_69A1_H,60111069.0,KENEDSW_138_69A1_L
79945,EASTMUND_T1,True,same_teid_hl_suffix,60110970.0,EASTMUND_T1_H,60029454.0,EASTMUND_T1_L
279409,SHELBY_BT1L,True,no_sibling_found,,,60007183.0,SHELBY_SHLBT1L
279585,PYR_T1,False,same_teid_bus_pair_no_suffix,60112788.0,PYR_T1,60006812.0,PYR_PYR_T1
583210,WHITE_PT_XF2L,True,no_sibling_found,60012539.0,WHITE_PT_138_1_1_H,,
330497,SALVTION_T1,True,no_sibling_found,60112319.0,SALVTION_T1_H,,
279724,BANDER_AT2,True,same_teid_hl_suffix,60016139.0,BANDER_AT2H,60111048.0,BANDER_65AT2_L
764611,NUECES_B_XF1L,True,no_sibling_found,,,60111094.0,NUECES_B_XF1L
737270,TUMSC_FMR1,True,no_sibling_found,60111158.0,TUMSC_FMR1_H,,
279017,PRSSW_MR1H,True,no_sibling_found,60006771.0,PRSSW_AXFMR1H,,
279431,CNRSW_MR1H,True,no_sibling_found,60110801.0,CNRSW_AXFMR1H,,
280258,SWEETWN2_XF21,False,same_teid_bus_pair_no_suffix,60087677.0,SWEETWN2_UXFMR2,60067943.0,SWEETWN2_XF21
303989,TB_AT1H,True,no_sibling_found,60111511.0,TB_AT1H_H,,
279236,RENSW_MR2L,True,no_sibling_found,,,60110780.0,RENSW_AXFMR2L
280260,BOMSW_MR2H,True,no_sibling_found,60003429.0,BOMSW_AXFMR2H,,
280262,DIB_MT2,True,sibling_teid_null_matched_by_name_and_pair,60111414.0,DIB_MT2H,60008579.0,DIB_MT2L
579071,POESTA_69L,True,no_sibling_found,,,60012282.0,POESTA_69L
279809,GOAT_T_1H,True,no_sibling_found,60112795.0,GOAT_T_1H,,
280265,TNP_ONE_GSU2,False,same_teid_bus_pair_no_suffix,60111408.0,TNP_ONE_GSU2,60007587.0,TNP_ONE_TNP1GSU2
319569,SALEM_AT3L,True,no_sibling_found,60111035.0,SALEM_AT3L_H,,
280268,TKWSW1_T2,False,same_teid_bus_pair_no_suffix,60112785.0,TKWSW1_T2,60007566.0,TKWSW1_ROS_T2
279510,RIOHONDO_AT1H,True,no_sibling_found,60006942.0,RIOHONDO_345_138_1H,,
279790,EXN_H501,False,same_teid_bus_pair_no_suffix,60111799.0,EXN_H501,60004653.0,EXN_TRTH501
609504,CL_AT1H,True,no_sibling_found,60012808.0,CL_AT1H,,
833434,WILSW_MR2L,True,no_sibling_found,,,60114285.0,WILSW_MR2L
280004,PHR_AT4H,True,no_sibling_found,60111450.0,PHR_AT4H_H,,
279145,ODEHV_MR1L,True,no_sibling_found,,,60006483.0,ODEHV_AXFMR1L
39798,VEALMOOR_7TR2,True,same_teid_hl_suffix,60111166.0,VEALMOOR_VLM7TR2H,60072102.0,VEALMOOR_VLMTR2L
126596,HKBRY_MR3L,True,no_sibling_found,60110786.0,HKBRY_AXFMR3L_H,,
280434,BI_AT1,True,no_sibling_found,60111519.0,BI_AT1_H,,
666946,TESSW_MR1L,True,no_sibling_found,,,60111311.0,TESSW_MR1L
429035,WLFSW_AX1H,True,no_sibling_found,60111170.0,WLFSW_AX1HH,,
468141,TYLSW_FMR1,True,same_teid_hl_suffix,60071529.0,TYLSW_AXFMR1H,60111275.0,TYLSW_AXFMR1L
280275,AMOCOOIL_GXU2,False,same_teid_bus_pair_no_suffix,60111777.0,AMOCOOIL_GXU2,60079581.0,AMOCOOIL_XT420
279289,SGVSW_MR2H,True,no_sibling_found,60007166.0,SGVSW_AXFMR2H,,
279248,LCSES_MR1L,True,no_sibling_found,,,60005780.0,LCSES_AXFMR1L
31680,ECLIPSE_TR1,True,no_sibling_found,60112800.0,ECLIPSE_TR1_H,,
279832,RIOPECOS_69_2,True,same_teid_hl_suffix,60086450.0,RIOP_138_69_2_H,60086451.0,RIOP_138_69_2_L
279013,VERS_69_1,True,same_teid_hl_suffix,60072245.0,VERS_138_69_1_H,60009966.0,VERS_138_69_1_L
41077,DOW_A3S,False,same_teid_bus_pair_no_suffix,60111766.0,DOW_A3S,60004350.0,DOW_DOW_A3S
280277,UCC_COGN_TRST,False,same_teid_bus_pair_no_suffix,60111839.0,UCC_COGN_TRST,60088093.0,UCC_COGN_TR_STG
279796,EXN_5903,False,same_teid_bus_pair_no_suffix,60111420.0,EXN_5903,60004641.0,EXN_T5903
279442,ALNSW_MR1L,True,no_sibling_found,60111263.0,ALNSW_AXFMR1L-H,,
307551,WLVSW_MR1H,True,no_sibling_found,60110698.0,WLVSW_MR1HH,,
305604,TESLA_AUT1,True,no_sibling_found,60111665.0,TESLA_AUT1_H,,
322457,ZORN_AT1H,True,no_sibling_found,60111006.0,ZORN_AT1H_H,,
329182,TCOSW_AX1H,True,no_sibling_found,60110729.0,TCOSW_AXFMR1HH,,
279570,EDGWD_MR2H,True,no_sibling_found,60004518.0,EDGWD_AXFMR2H,,
118784,BNBSW_MR1L,True,no_sibling_found,60111317.0,BNBSW_AXFMR1L_H,,
834210,FERIS_MR3L,True,no_sibling_found,,,60110777.0,FERIS_MR3L
751194,MRLSW_MR1L,True,no_sibling_found,,,60111286.0,MRLSW_MR1L
327084,JCK_AT1H,True,no_sibling_found,60111471.0,JCK_AT1H_H,,
459973,SOLSTICE_T2,True,no_sibling_found,,,60066307.0,SOLSTICE_T2_L
279084,NCDSE_MR1L,True,no_sibling_found,,,60006354.0,NCDSE_AXFMR1L
280281,INGLCOSW_FMR3,True,sibling_teid_null_matched_by_name_and_pair,60040084.0,INGLCOSW_UXFMR3_H,60111114.0,INGLCOSW_UXFMR3_L
58390,LOBO_A3,True,same_teid_hl_suffix,60111713.0,LOBO_3_345_138_H,60045407.0,LOBO_3_345_138_L
307142,GBY_AT2H,True,no_sibling_found,60111421.0,GBY_AT2H_H,,
11930,HAS_HAS2,True,no_sibling_found,,,60037263.0,HAS_HAS2_L
347844,VEALMOOR_7TR1,True,same_teid_hl_suffix,60111321.0,VEALMOOR_VLMTR1H,60072101.0,VEALMOOR_VLMTR1L
279730,EMSES_AX2L,True,no_sibling_found,60004586.0,EMSES_AXFMR2L_HIGH,,
313517,ZORN_AT3H,True,no_sibling_found,60111005.0,ZORN_AT3H_H,,
279279,FORSW_MR3H,True,no_sibling_found,60004759.0,FORSW_AXFMR3H,,
279169,KING_SW_XFMR,True,no_sibling_found,60005632.0,KING_SW_XFMR_H,,
280283,MDANP_FMR4,True,no_sibling_found,60084400.0,MDANP_UCXFMR4_H,,
855779,BALLINGE_FMRH,True,no_sibling_found,60103586.0,BALLINGE_FMRH,,
61756,VENSW_MR2H,True,no_sibling_found,60007705.0,VENSW_AXFMR2H_H,,
453256,DPW_AT1H,True,no_sibling_found,60011409.0,DPW_AT1H_H,,
279012,SANMIGL_ATBL,True,no_sibling_found,,,60007091.0,SANMIGL_AUTB_L
279687,GIDEON_GSU1,False,same_teid_bus_pair_no_suffix,60111040.0,GIDEON_GSU1,60005040.0,GIDEON_2_GSUT1
279239,MCCREE_CT1H,True,no_sibling_found,60110660.0,MCCREE_GAMCT1H,,
278985,FALFUR_69A1,True,same_teid_hl_suffix,60031649.0,FALFUR_138_69A1_H,60010010.0,FALFUR_138_69A1_L
609336,LOOKOUT_T1_H,True,sibling_teid_null_matched_by_name_only,60110627.0,LOOKOUT_T1_H,60110634.0,LOOKOUT_T1_L
279759,DIB_MT3,True,no_sibling_found,60111417.0,DIB_MT3H,,
298453,DOWGEN_XF82,False,same_teid_bus_pair_no_suffix,60111759.0,DOWGEN_XF82,60004394.0,DOWGEN_GSUXF82
280289,CBY_AT1H,True,no_sibling_found,60012807.0,CBY_AT1H_H,,
279834,BRAUNIG_18_2,False,same_teid_bus_pair_no_suffix,60110929.0,BRAUNIG_18_2,60080344.0,BRAUNIG_345_18_2
279509,OLMOSW_AT1,True,same_teid_hl_suffix,60111050.0,OLMOSW_AT1H,60054559.0,OLMOSW_AT1L
3392,PHR_AT1,True,no_sibling_found,60006690.0,PHR_AT1_H,,
375138,BLSUMMIT_TRF2,True,no_sibling_found,60112266.0,BLSUMMIT_TRF2_H,,
82196,REDFISH_MVT1,False,same_teid_bus_pair_no_suffix,60112575.0,REDFISH_MVT1,60006907.0,REDFISH_MV1_T1
441582,SLKSW_AX2H,True,no_sibling_found,60011079.0,SLKSW_AX2HH,,
374206,EVRSW_MR4L,True,no_sibling_found,60110747.0,EVRSW_AXFMR4L_H,,
279216,ORANS_XF1H,True,no_sibling_found,60006544.0,ORANS_AXFMR1HH,,
279606,CHAMPION_T1,False,same_teid_bus_pair_no_suffix,60112784.0,CHAMPION_T1,60003785.0,CHAMPION_CHP_T1
579251,TXCITYMN_TCM1,True,no_sibling_found,,,60071336.0,TXCITYMN_TCM1_L
113629,MDO_AT2,True,no_sibling_found,60111478.0,MDO_AT2_H,,
774296,PRMSW_MR1H,True,no_sibling_found,60111156.0,PRMSW_MR1H,,
279222,ANASW_XF2H,True,no_sibling_found,60097083.0,ANASW_AXFMR2H-H,,
279262,RKCRK_MR1L,True,no_sibling_found,,,60110746.0,RKCRK_AXFMR1L
379936,ALTAIR_AT1T,True,same_teid_hl_suffix,60111696.0,ALTAIR_AT1T_H,60014278.0,ALTAIR_AT1T_L
298401,DOWGEN_XF9P,False,same_teid_bus_pair_no_suffix,60111762.0,DOWGEN_XF9P,60004398.0,DOWGEN_GSUXF96
358589,PALMITO_7TR2,True,same_teid_hl_suffix,60010425.0,PALMITO_7TR2_H,60055272.0,PALMITO_7TR2_L
706409,GREENCK_GCK1,True,no_sibling_found,,,60091867.0,GREENCK_GCK1_L
57711,BEVO_BEVO,True,same_teid_hl_suffix,60110951.0,BEVO_HIGH,60017207.0,BEVO_LOW
280299,INGLCOSW_FMR2,True,sibling_teid_null_matched_by_name_and_pair,60040083.0,INGLCOSW_UXFMR2_H,60111116.0,INGLCOSW_UXFMR2_L
308391,ADK_AT2H,True,no_sibling_found,60111494.0,ADK_AT2H_H,,
860279,CANGREJO_XF1H,True,no_sibling_found,60104202.0,CANGREJO_XF1H,,
774318,PRMSW_MR2L,True,no_sibling_found,,,60111316.0,PRMSW_MR2L
280300,SJO_SJO2,True,no_sibling_found,,,60110622.0,SJO_SJO2_L
308386,ADK_AT1,True,no_sibling_found,60111496.0,ADK_AT1_H,,
279301,SGMTN_FMR1,False,same_teid_bus_pair_no_suffix,60112098.0,SGMTN_FMR1,60007165.0,SGMTN_UCXFMR1
223507,PALMITO_7TR1,True,no_sibling_found,60008265.0,PALMITO_PLM7TR1H,,
546679,LOCKHA_AT3L,True,no_sibling_found,,,60008814.0,LOCKHA_AT3L
279427,BNDVS_GABH,True,no_sibling_found,60110658.0,BNDVS_GABDT2H,,
372719,CABEZON_T1,True,no_sibling_found,60112604.0,CABEZON_T1_H,,
279780,YELWJCKT_PS_1,True,same_teid_hl_suffix,60110987.0,YELWJCKT_PS_1_H,60076843.0,YELWJCKT_PS_1_L
279613,SKYLINE_MR2L,True,no_sibling_found,60007235.0,SKYLINE_AXFMR2L-H,,
583209,WHITE_PT_XF2H,True,no_sibling_found,60012538.0,WHITE_PT_345_1_1_H,,
280107,CCEC_T1,False,same_teid_bus_pair_no_suffix,60112559.0,CCEC_T1,60003727.0,CCEC_ST1
279648,CBEC_21T,False,same_teid_bus_pair_no_suffix,60111853.0,CBEC_21T,60003683.0,CBEC_21T701
279024,RNKSW_MR1L,True,no_sibling_found,,,60006970.0,RNKSW_AXFMR1L
279838,BRAUNIG_20_1,False,same_teid_bus_pair_no_suffix,60110895.0,BRAUNIG_20_1,60080341.0,BRAUNIG_138_20_1
61328,VLSES_MR1L,True,no_sibling_found,60007729.0,VLSES_AXFMR1L_H,,
280108,DUKE_TF-A,False,same_teid_bus_pair_no_suffix,60111118.0,DUKE_TF-A,60010016.0,DUKE_1-EY-TF-A
279546,SCSES_FMR1,False,same_teid_bus_pair_no_suffix,60110823.0,SCSES_FMR1,60007147.0,SCSES_UXFMR1
279267,CDHSW_AXFL,True,no_sibling_found,,,60111291.0,CDHSW_AXFMR2L
313287,FERGCC_GSU0,False,same_teid_bus_pair_no_suffix,60112749.0,FERGCC_GSU0,60004711.0,FERGCC_1EY-TF-C
719725,MULBERRY_XF1L,True,no_sibling_found,60110977.0,MULBERRY_1_138_1_H,,
90200,RTW_AT2,True,no_sibling_found,60111509.0,RTW_AT2_H,,
279698,HILLCTRY_MR2L,True,no_sibling_found,60110904.0,HILLCTRY_AXFMR2L-H,,
281130,HILLCTRY_MR1H,True,no_sibling_found,60110906.0,HILLCTRY_AXFMR1H,,
278956,PC_SOUTH_P2T1,False,same_teid_bus_pair_no_suffix,60112131.0,PC_SOUTH_P2T1,60006641.0,PC_SOUTH_PC2_T1
377189,DENTSW_AT1L,True,no_sibling_found,,,60110632.0,DENTSW_AT1L
280117,FORMOSA_TR09,True,no_sibling_found,60004748.0,FORMOSA_TR09H,,
874773,STRATTON_XF1H,True,no_sibling_found,60114361.0,STRATTON_XF1H,,
299935,NB_AT2,True,no_sibling_found,60111506.0,NB_AT2_H,,
27503,MDO_AT1,True,no_sibling_found,60006127.0,MDO_AT1_H,,
493694,BOG_T4H,True,no_sibling_found,60012044.0,BOG_T4H,,
279604,REDCREEK_T1L,True,no_sibling_found,,,60087139.0,SARC_T1L
280119,BIGLAKE_R-W2,True,same_teid_hl_suffix,60017413.0,BIGLAKE_XFMR_W2_H,60110995.0,BIGLAKE_XFMR_W2_L
311872,HORSECRK_T2,True,no_sibling_found,60112313.0,HORSECRK_T2_H,,
308392,ADK_AT2,True,no_sibling_found,60111497.0,ADK_AT2_H,,
86577,OLN_FMR2,False,same_teid_bus_pair_no_suffix,60054627.0,OLN_XFMR21,60006533.0,OLN_XFMR22
279286,PTENN_MR1H,True,no_sibling_found,60110807.0,PTENN_AXFMR1H,,
319566,SALEM_AT3H,True,no_sibling_found,60111018.0,SALEM_AT3H_H,,
279803,EXN_T404,False,same_teid_bus_pair_no_suffix,60111793.0,EXN_T404,60004648.0,EXN_TP404
60229,ALNSW_MR2H,True,no_sibling_found,60110806.0,ALNSW_AXFMR2H_H,,
321283,GV_AT1H,True,no_sibling_found,60111475.0,GV_AT1H_H,,
65543,GARFIELD_AT2,True,same_teid_hl_suffix,60004956.0,GARFIELD_AT2_H,60034119.0,GARFIELD_AT2_L
280122,GIBCRK_WT1H,True,no_sibling_found,60110652.0,GIBCRK_GCSWT1H,,
4970,HCKSW_MR1H,True,no_sibling_found,60008791.0,HCKSW_AXFMR1HH,,
280126,GIDEON_GSU2,False,same_teid_bus_pair_no_suffix,60111038.0,GIDEON_GSU2,60005041.0,GIDEON_3_GSUT2
279362,NEDIN_138L,True,no_sibling_found,,,60006361.0,NEDIN_345_138L
315698,PANDA_S_11AT,False,same_teid_bus_pair_no_suffix,60112249.0,PANDA_S_11AT,60006594.0,PANDA_S_11BAT10
330498,SALVTION_T2,True,no_sibling_found,60112318.0,SALVTION_T2_H,,
830858,PRLSW_MR1H,True,no_sibling_found,60111313.0,PRLSW_AXFMR1H,,
274169,CAGNON_MR1L,True,no_sibling_found,60110897.0,CAGNON_AXFMR1L-H,,
280129,RIOHONDO_AT2L,True,no_sibling_found,,,60111083.0,RIOHONDO_345_138_2L
442273,SKYLINE_MR1,True,same_teid_hl_suffix,60110920.0,SKYLINE_MR1H,60065331.0,SKYLINE_MR1L
829941,GARZA_XF1L,True,no_sibling_found,60111087.0,GARZA_1_69_1_H,,
279255,TRU_TRF1,False,same_teid_bus_pair_no_suffix,60095186.0,TRU_XFMR1_2_138_69,60007629.0,TRU_TRUAT1
279273,IRBRG_FMR1,True,no_sibling_found,60110832.0,IRBRG_AXFMR1H,,
279335,COLETO_2L,True,no_sibling_found,,,60111065.0,COLETO_2L
279555,NUECES_B_18-8,True,no_sibling_found,60006434.0,NUECES_B_142_18_8_H,,
443800,WINCHES_AT1H,True,no_sibling_found,60011092.0,WINCHES_AT1H_H,,
280133,FORMOSA_TR04,True,no_sibling_found,60004743.0,FORMOSA_TR04H,,
508684,GYP_GYP1,False,same_teid_bus_pair_no_suffix,60111391.0,GYP_GYP1_2,60036710.0,GYP_GYP1_1
279311,EMSES_MR1H,True,no_sibling_found,60004582.0,EMSES_AXFMR1H,,
207881,FORMOSA_1002,False,same_teid_bus_pair_no_suffix,60111813.0,FORMOSA_1002,60082195.0,FORCFB_TR-1002
280134,AMOCOOIL_U805,False,same_teid_bus_pair_no_suffix,60111781.0,AMOCOOIL_U805,60079579.0,AMOCOOIL_GSUT805
124684,SCOSW_MR2H,True,no_sibling_found,60111191.0,SCOSW_AXFMR2H,,
279161,CAPRIDGE_R1T1,False,same_teid_bus_pair_no_suffix,60112779.0,CAPRIDGE_R1T1,60003656.0,CAPRIDGE_WCR1-T1
312939,GILLCR_AT1L,True,no_sibling_found,60005053.0,GILLCR_AT1L_H,,
318731,GILLCR_AT2H,True,no_sibling_found,60111043.0,GILLCR_AT2H_H,,
280140,GN_S_I_XT2H,True,no_sibling_found,60005071.0,GN_S_I_GNIN_T2H,,
365943,MIDWIND_T1,True,no_sibling_found,60112595.0,MIDWIND_T1_H,,
279256,DESSW_MR1L,True,no_sibling_found,,,60110797.0,DESSW_AXFMR1L
279199,JN_AT1,True,no_sibling_found,60111527.0,JN_AT1_H,,
279361,RTW_AT1H,True,no_sibling_found,60111507.0,RTW_AT1H_H,,
441458,SLKSW_AX1H,True,no_sibling_found,60011078.0,SLKSW_AX1HH,,
308385,ADK_AT1H,True,no_sibling_found,60111495.0,ADK_AT1H_H,,
652063,LPNSW_MR1L,True,no_sibling_found,,,60111258.0,LPNSW_AXFMR1L
503202,QRYSW_AX1H,True,no_sibling_found,60111182.0,QRYSW_AX1H,,
720713,RCKSW_MR1L,True,no_sibling_found,,,60111161.0,RCKSW_AXFMR1L
279167,SC_AT1,True,no_sibling_found,60111441.0,SC_AT1_H,,
279429,SOUTHABI_38T1,True,same_teid_hl_suffix,60066397.0,SOUTHABI_138_69T1_H,60110980.0,SOUTHABI_138_69T1_L
279960,DNDAM_XF_1,False,same_teid_bus_pair_no_suffix,60112250.0,DNDAM_XF_1,60004333.0,DNDAM_XF_1_138
741116,TRU_TRF2,True,no_sibling_found,,,60095184.0,TRU_TRF2_L
344698,ZEN_AT3,True,no_sibling_found,60111487.0,ZEN_AT3_H,,
279265,RKCRK_MR1H,True,no_sibling_found,60110745.0,RKCRK_AXFMR1H,,
279704,BUDA_AT2,True,same_teid_hl_suffix,60020219.0,BUDA_AT2H,60008825.0,BUDA_AT2L
828834,WCRSW_MR2H,True,no_sibling_found,60110890.0,WCRSW_MR2H,,
279457,W_DENT_T2L,True,no_sibling_found,,,60007739.0,W_DENT_DNWDT2L
313731,NORTMC_AT1L,True,no_sibling_found,60006412.0,NORTMC_AT1L_H,,
279842,VANBLTSS_69_1,False,same_teid_bus_pair_no_suffix,60110936.0,VANBLTSS_138_69_1,60007700.0,VANBLT_138_69_1
279120,HARLNSW_69AH,True,same_teid_hl_suffix,60037075.0,HARLNSW_138_69A1H_H,60009996.0,HARLNSW_138_69A1H_L
102156,SPLAIN1_T2,True,no_sibling_found,60112294.0,SPLAIN1_T2_H,,
97913,TELPH_RD_7TR1,True,same_teid_hl_suffix,60111322.0,TELPH_RD_TPR7TR1H,60068821.0,TELPH_RD_TPR7TR1L
279659,AMOCOOIL_GSU1,False,same_teid_bus_pair_no_suffix,60111782.0,AMOCOOIL_GSU1,60079575.0,AMOCOOIL_GSUT1
373933,WSMSW_MR1H,True,no_sibling_found,60110774.0,WSMSW_AXFMR1H-H,,
279211,MGSES_FMR5,False,same_teid_bus_pair_no_suffix,60110687.0,MGSES_FMR5,60084508.0,MGSES_UCXFMR5
346072,HCKSW_MR2L,True,no_sibling_found,60009303.0,HCKSW_AXFMR2LH,,
279970,LEON_CRK_12H,True,no_sibling_found,60110914.0,LEON_CRK_12H,,
7650,BWNSW_S002,True,no_sibling_found,60110711.0,BWNSW_AXFMR2_H,,
280432,SKYLINE_MR4H,True,no_sibling_found,60007240.0,SKYLINE_AXFMR4H_H,,
279850,BLUF_CRK_T1_H,True,no_sibling_found,60003380.0,BLUF_CRK_T1_H,,
279851,SCLPCOGN_GSU4,False,same_teid_bus_pair_no_suffix,60111818.0,SCLPCOGN_GSU4,60087201.0,SCLPCOGN_SCLPGSU4
84230,RSNAKE_T2,True,no_sibling_found,60112141.0,RSNAKE_T2_H,,
301894,LV2_MPTB,True,no_sibling_found,60005958.0,LV1_MPT-1B_H,,
279588,GRSES_MR1L,True,no_sibling_found,,,60005132.0,GRSES_AXFMR1L
279692,HILLCTRY_MR3L,True,no_sibling_found,60110903.0,HILLCTRY_AXFMR3L-H,,
755661,NAVALBAS_XFH1,True,no_sibling_found,60111121.0,NAVALBAS_1_138_1_H,,
279702,HILLCTRY_MR4H,True,no_sibling_found,60005334.0,HILLCTRY_AXFMR4H-H,,
279857,BNDVS_DT1H,True,no_sibling_found,60110657.0,BNDVS_GABDT1H,,
279526,MDLNE_MR2L,True,no_sibling_found,,,60012276.0,MDLNE_AXFMR2L
279054,DANSBY_69_2,True,no_sibling_found,,,60004224.0,DANSBY_138_69_2_L
279252,DESSW_MR1H,True,no_sibling_found,60110799.0,DESSW_AXFMR1H,,
94191,EXGNSND_T1,True,no_sibling_found,60112587.0,EXGNSND_T1_H,,
279859,NORSW_MR1L,True,same_teid_hl_suffix,60110790.0,NORSW_AXFMR1L_H,60006402.0,NORSW_AXFMR1L
280013,DT_AT2H,True,no_sibling_found,60111529.0,DT_AT2H_H,,
377188,DENTSW_AT1H,True,no_sibling_found,60110631.0,DENTSW_AT1H,,
279865,MDANP_FMR5,True,no_sibling_found,60084401.0,MDANP_UCXFMR5_H,,
681478,TEASW_MR2H,True,no_sibling_found,60111386.0,TEASW_AXFMR2H,,
279593,PITSBU_AT1,True,same_teid_hl_suffix,60056813.0,PITSBU_AT1H,60111026.0,PITSBU_AT1L
279176,FIREROCK_PS1,True,same_teid_hl_suffix,60110988.0,FIREROCK_138_PS_H,60032144.0,FIREROCK_138_PS_L
552502,CCKSW_FMR1,True,no_sibling_found,,,60022186.0,CCKSW_AXFMR1_L
279866,OLINGR_FMR4,False,same_teid_bus_pair_no_suffix,60110626.0,OLINGR_FMR4,60006523.0,OLINGR_GSUXFMR4
3005,ANASW_XF1L,True,no_sibling_found,60003050.0,ANASW_AXFMR1LH,,
279179,FTST_69T1,True,same_teid_hl_suffix,60033802.0,FTST_138_69T1_H,60009981.0,FTST_138_69T1_L
279090,JK_CK_XF1L,True,no_sibling_found,,,60005534.0,JK_CK_JKCKT1L
650270,LPNSW_MR2H,True,no_sibling_found,60111320.0,LPNSW_AXFMR2H,,
754003,FRYSW_MR3H,True,no_sibling_found,60110877.0,FRYSW_MR3H,,
871625,VERN_XF1H,True,no_sibling_found,60113803.0,VERN_XF1H,,
279746,WIPOPA_GSUB,False,same_teid_bus_pair_no_suffix,60111036.0,WIPOPA_GSUB,60088672.0,WIPOPA_GSU_34
835253,GTRSW_MR1L,True,no_sibling_found,,,60110776.0,GTRSW_MR1L
339761,DEC_G2SH,True,no_sibling_found,60010745.0,DEC_G2SH,,
279073,CRKET_MR2H,True,no_sibling_found,60004127.0,CRKET_AXFMR2H,,
279345,ALICE_69A1,True,same_teid_hl_suffix,60013990.0,ALICE_138_69A1_H,60010008.0,ALICE_138_69A1_L
256181,DEERCR_AT1,True,same_teid_hl_suffix,60008269.0,DEERCR_ATH,60027706.0,DEERCR_ATL
279672,ABEAST_69T1,True,same_teid_hl_suffix,60115039.0,ABEAST_138_69_T1_H,60115040.0,ABEAST_138_69_T1_L
74256,QALSW_16H,True,no_sibling_found,60112124.0,QALSW_16H,,
279873,HHGT_T2L,True,no_sibling_found,,,60112698.0,HHGT_T2L
361531,PALMASVC_AUT2,True,no_sibling_found,60111716.0,PALMASVC_AUT2_H,,
279874,TMPSW_MR1H,True,no_sibling_found,60007578.0,TMPSW_AXFMR1H,,
698657,OLKSW_MR1L,True,no_sibling_found,,,60111208.0,OLKSW_MR1L
373934,WSMSW_MR1L,True,no_sibling_found,60009955.0,WSMSW_AXFMR1L-H,,
61256,NCARBIDE_X121,False,same_teid_bus_pair_no_suffix,60111786.0,NCARBIDE_X121,60084880.0,NCARBIDE_XF-121
38564,BANDER_AT3,True,same_teid_hl_suffix,60008822.0,BANDER_AT3H,60079882.0,BANDER_AT3_L
731938,TIMPP_SU2H,True,no_sibling_found,60112729.0,TIMPP_SU2H,,
279566,JEWET_MR3L,True,no_sibling_found,,,60110854.0,JEWET_AXFMR3L
346071,HCKSW_MR2H,True,no_sibling_found,60009302.0,HCKSW_AXFMR2HH,,
300920,RICEBI_RCBD,True,same_teid_hl_suffix,60110934.0,RICEBI_HIGH,60060382.0,RICEBI_LOW
860280,CANGREJO_XF1L,True,no_sibling_found,,,60104203.0,CANGREJO_XF1L
742145,KINNISON_XF1H,True,no_sibling_found,60111658.0,KINNISON_XF1H,,
31053,PNPI_XT2,True,no_sibling_found,60006737.0,PNPI_PNPIXT2H,,
227053,WEBBER_S_MT1,True,no_sibling_found,60111140.0,WEBBER_S_MT1H,,
279881,PC_SOUTH_P3T1,False,same_teid_bus_pair_no_suffix,60112132.0,PC_SOUTH_P3T1,60006642.0,PC_SOUTH_PC3_T1
279209,MGSES_FMR6,False,same_teid_bus_pair_no_suffix,60110686.0,MGSES_FMR6,60084509.0,MGSES_UCXFMR6
279777,EXN_H201,False,same_teid_bus_pair_no_suffix,60111798.0,EXN_H201,60004650.0,EXN_TRTH201
279795,EXN_5902,False,same_teid_bus_pair_no_suffix,60111418.0,EXN_5902,60004640.0,EXN_T5902
279709,CAGNON_MR3L,True,no_sibling_found,60003609.0,CAGNON_AXFMR3L-H,,
279355,LAREDO_A2-L,True,no_sibling_found,,,60111103.0,LAREDO_138_69A2L
279886,MGSES_MR2L,True,no_sibling_found,,,60006158.0,MGSES_AXFMR2L
6562,SNOOK_052,True,same_teid_hl_suffix,60111378.0,SNOOK_XFMR052H,60066064.0,SNOOK_XFMR052L
873270,ROCKPORT_AT1L,True,no_sibling_found,,,60114142.0,ROCKPORT_AT1L
280427,TC_010B,True,no_sibling_found,60008300.0,TC_010B_H,,
279116,GIBCRK_FM3H,True,no_sibling_found,60110654.0,GIBCRK_GCSWT3H,,
293143,WO_AT3,True,no_sibling_found,60111516.0,WO_AT3_H,,
279739,HHGT_T1L,True,no_sibling_found,,,60112697.0,HHGT_T1L
730817,REDSW_MR1L,True,no_sibling_found,,,60110845.0,REDSW_AXFMR1L
647463,BROOKHOL_XF3L,True,no_sibling_found,60111062.0,BROOKHOL_1_69_1_H,,
279095,MLSES_MR1H,True,no_sibling_found,60110818.0,MLSES_AXFMR1H,,
505118,DOWGEN_647H,True,no_sibling_found,60111757.0,DOWGEN_647H,,
279021,EMSES_AX2H,True,no_sibling_found,60004585.0,EMSES_AXFMR2H_HIGH,,
223983,UVALDE_T1,True,same_teid_hl_suffix,60111072.0,UVALDE_T1_H,60071780.0,UVALDE_T1_L
593152,VALERO_E_69L,True,no_sibling_found,,,60012616.0,VALERO_E_69L
27952,JOR_AT1,True,no_sibling_found,60111429.0,JOR_AT1_H,,
279745,WIPOPA_GSUA,False,same_teid_bus_pair_no_suffix,60111037.0,WIPOPA_GSUA,60088671.0,WIPOPA_GSU_12
279890,NCARBIDE_113B,False,same_teid_bus_pair_no_suffix,60111787.0,NCARBIDE_113B,60084879.0,NCARBIDE_XF-113B
229048,MDSSW_MR1L,True,no_sibling_found,60008789.0,MDSSW_AXFMR1L-H,,
22249,LON_HILL_69A2,True,same_teid_hl_suffix,60045806.0,LON_HILL_69A2_H,60010003.0,LON_HILL_69A2_L
279334,INGLCOSW_FMR1,True,sibling_teid_null_matched_by_name_and_pair,60040082.0,INGLCOSW_UXFMR1_H,60111115.0,INGLCOSW_UXFMR1_L
842703,TIMPP_SU4H,True,no_sibling_found,60112735.0,TIMPP_SU4H,,
279782,HEIGHTTN_HAT1,True,no_sibling_found,,,60111404.0,HEIGHTTN_HEIGHAT1_L
279158,CAPRIDG4_T1,False,same_teid_bus_pair_no_suffix,60021583.0,CAPRIDG4_T1,60003654.0,CAPRIDG4_WCR4-T1
279891,CCEC_TG2,False,same_teid_bus_pair_no_suffix,60112560.0,CCEC_TG2,60003726.0,CCEC_CTG2
279892,COLETO_138H,True,no_sibling_found,60004031.0,COLETO_345_138H,,
279347,NUECES_B_22-3,True,no_sibling_found,60006432.0,NUECES_B_138_22_3_H,,
359855,HUD_XT03,True,no_sibling_found,60111910.0,HUD_XT03H,,
603093,CONSW_MR2L,True,no_sibling_found,,,60111197.0,CONSW_AXFMR2L
279884,LOBO_AUTO,True,same_teid_hl_suffix,60045392.0,LOBO_1_138_69_AUTOH,60111714.0,LOBO_1_138_69_AUTOL
279422,CN345_MR1H,True,no_sibling_found,60110784.0,CN345_AXFMR1H,,
419959,ACSSW_AX2L,True,no_sibling_found,60010370.0,ACSSW_AX2LH,,
206969,HUTTO_MR1L,True,no_sibling_found,,,60005435.0,HUTTO_AXFMR1L
279030,WLVEE_MR2L,True,no_sibling_found,,,60110803.0,WLVEE_AXFMR2L
61498,VENSW_MR1L,True,no_sibling_found,60007703.0,VENSW_AXFMR1L_H,,
279041,WWEST_MR2L,True,no_sibling_found,,,60110872.0,WWEST_AXFMR2L
754004,FRYSW_MR3L,True,no_sibling_found,,,60110878.0,FRYSW_MR3L
279498,CBY_A2BL,True,no_sibling_found,60111410.0,CBY_AT2BL_H,,
279899,DIB_MT4,True,sibling_teid_null_matched_by_name_and_pair,60111416.0,DIB_MT4H,60008580.0,DIB_MT4L
510439,AZURE_T1-H,True,no_sibling_found,60112341.0,AZURE_T1-H,,
279901,MLSES_FMR2,False,same_teid_bus_pair_no_suffix,60110815.0,MLSES_FMR2,60006223.0,MLSES_UXFMR2
279076,SSPSW_MR1H,True,no_sibling_found,60007353.0,SSPSW_AXFMR1H,,
521825,PRIDDY_T3,True,no_sibling_found,,,60057837.0,PRIDDY_T3_L
279417,CN345_MR1L,True,no_sibling_found,,,60111366.0,CN345_AXFMR1L
279904,MLSES_MR2H,True,no_sibling_found,60110816.0,MLSES_AXFMR2H,,
279870,OGSES_MPT1,False,same_teid_bus_pair_no_suffix,60112060.0,OGSES_MPT1,60006502.0,OGSES_OGMPT1
659625,CHLD_XF1H,True,no_sibling_found,60110966.0,CHLD_1_138_1_H,,
299940,NB_AT3H,True,no_sibling_found,60111502.0,NB_AT3H_H,,
339733,DEC_G0CH,True,no_sibling_found,60112431.0,DEC_G0CH,,
279306,HLSES_MR1H,True,no_sibling_found,60005364.0,HLSES_AXFMR1H,,
279907,EVRSW_MR3L,True,no_sibling_found,,,60004631.0,EVRSW_AXFMR3L
2290,PHR_AT2,True,no_sibling_found,60111452.0,PHR_AT2_H,,
279839,BRAUNIG_22_2,False,same_teid_bus_pair_no_suffix,60110896.0,BRAUNIG_22_2,60080342.0,BRAUNIG_138_22_2
863966,FRONTERA_XFH1,True,no_sibling_found,60104781.0,FRONTERA_XFH1_H,,
279908,CAGNON_MR4H,True,no_sibling_found,60003611.0,CAGNON_AXFMR4H,,
307556,WLVSW_MR1L,True,no_sibling_found,60110697.0,WLVSW_MR1LH,,
429038,RVRSW_AX1H,True,no_sibling_found,60011074.0,RVRSW_AX1HH,,
374837,CARVER_T1,True,same_teid_hl_suffix,60111659.0,CARVER_T1_H,60021743.0,CARVER_T1_L
101307,NCARBIDE_69A1,True,same_teid_hl_suffix,60006344.0,NCARBIDE_138_69A1_H,60052039.0,NCARBIDE_138_69A1_L
279910,LA_PALMA_69A2,True,same_teid_hl_suffix,60043691.0,LA_PALMA_138_69A2_H,60009994.0,LA_PALMA_138_69A2_L
279983,OKLA_1384,True,no_sibling_found,60110968.0,OKLA_XFH,,
1973,ANASW_XF1H,True,no_sibling_found,60003049.0,ANASW_AXFMR1HH,,
279414,EXN_H101,False,same_teid_bus_pair_no_suffix,60111796.0,EXN_H101,60004649.0,EXN_TRTH101
279454,W_DENT_T2H,True,no_sibling_found,60007738.0,W_DENT_DNWDT2H,,
279915,LCSES_MR2H,True,no_sibling_found,60110858.0,LCSES_AXFMR2H,,
100980,SPLAIN1_T1,True,no_sibling_found,60112295.0,SPLAIN1_T1_H,,
307143,GBY_AT2,True,no_sibling_found,60111424.0,GBY_AT2_H,,
279326,GS_AT1,True,no_sibling_found,60111532.0,GS_AT1_H,,
279917,CBEC_23T,False,same_teid_bus_pair_no_suffix,60111854.0,CBEC_23T,60003685.0,CBEC_23T701
352496,THW_AT3L,True,no_sibling_found,60007524.0,THW_AT3L_H,,
126465,DMTSW_AX1L,True,no_sibling_found,60004323.0,DMTSW_AX1LH,,
279053,VISTRON_T1,False,same_teid_bus_pair_no_suffix,60010447.0,VISTRON_T1,60007725.0,VISTRON_NB-9302A
70621,CLEASP_AT1H,True,no_sibling_found,60111014.0,CLEASP_AT1H_H,,
305618,TESLA_AUT3,True,no_sibling_found,60111666.0,TESLA_AUT3_H,,
763014,PAINTCRE_XFL1,True,no_sibling_found,60110971.0,PAINTCRE_1_69_1_H,,
630886,EXPSW_MR2H,True,no_sibling_found,60031418.0,EXPSW_MR2H,,
279920,RNKSW_MR2H,True,no_sibling_found,60006972.0,RNKSW_AXFMR2H,,
279921,FLCNS_AMR2,True,no_sibling_found,,,60032369.0,FLCNS_AMR2_L
491423,QNLTP_MR1L,True,no_sibling_found,60110809.0,QNLTP_AXFMR1L_H,,
830859,PRLSW_MR1L,True,no_sibling_found,,,60111314.0,PRLSW_AXFMR1L
279302,GN_S_I_XT1H,True,no_sibling_found,60005068.0,GN_S_I_GNIN_T1H,,
279039,DIESEL_FMR1,False,same_teid_bus_pair_no_suffix,60010358.0,DIESEL_FMR1,60004298.0,DIESEL_GSUXFMR1
279807,PEARSAL2_T902,False,same_teid_bus_pair_no_suffix,60111621.0,PEARSAL2_T902,60006654.0,PEARSAL2_AET902
833454,WILSW_MR1H,True,no_sibling_found,60114282.0,WILSW_MR1H,,
280023,DUKE_TF-B,False,same_teid_bus_pair_no_suffix,60111119.0,DUKE_TF-B,60010017.0,DUKE_1-EY-TF-B
107357,FAYETT_AT2H,True,no_sibling_found,60008804.0,FAYETT_AT2H_H,,
279784,YELWJCKT_69T1,True,same_teid_hl_suffix,60110986.0,YELWJCKT_138_69_1_H,60076783.0,YELWJCKT_138_69_1_L
306375,THREE_RI_AUT3,True,same_teid_hl_suffix,60069269.0,THREE_RI_AUT3_H,60008539.0,THREE_RI_AUT3_L
319871,JEWET_MR1H,True,no_sibling_found,60110850.0,JEWET_AXFMR1H_H,,
280025,RCSES_MR1L,True,no_sibling_found,,,60110735.0,RCSES_AXFMR1L
736073,WHITE_PT_XF1H,True,no_sibling_found,60111112.0,WHITE_PT_XF1H,,
279476,BI_AT2,True,no_sibling_found,60111518.0,BI_AT2_H,,
95546,MARION_AT2H,True,no_sibling_found,60111008.0,MARION_AT2H_H,,
313753,NORTMC_AT2L,True,no_sibling_found,60006415.0,NORTMC_AT2L_H,,
443801,WINCHES_AT1L,True,no_sibling_found,60011060.0,WINCHES_AT1L_H,,
280029,BLUF_CRK_T1_L,True,same_teid_hl_suffix,60009967.0,BLUF_CRK_T1_L_H,60003381.0,BLUF_CRK_T1_L
726991,HERON_XF1L,True,no_sibling_found,60111660.0,HERON_1_69_1_H,,
279821,WHTNY_HT1L,True,no_sibling_found,60007829.0,WHTNY_WHT1L_H,,
196167,WAKEWE_T1,True,no_sibling_found,60112287.0,WAKEWE_T1H,,
254107,CLAYTNVL_157H,True,no_sibling_found,60111670.0,CLAYTNVL_6T3157H_H,,
159871,DCSES_MR1L,True,no_sibling_found,60004239.0,DCSES_AXFMR1L_H,,
279565,JEWET_MR3H,True,no_sibling_found,60110851.0,JEWET_AXFMR3H,,
279351,LARDVFTS_230T,True,same_teid_hl_suffix,60111710.0,LARDVFTS_230_138_1_H,60043429.0,LARDVFTS_230_138_1_L
68898,HRFDWIND_T1,True,no_sibling_found,60112280.0,HRFDWIND_T1_H,,
280031,SWEETWN3_XF31,False,same_teid_bus_pair_no_suffix,60087684.0,SWEETWN3_XFMRT2,60011168.0,SWEETWN3_XF31
279958,FPPYD1_GSU2,False,same_teid_bus_pair_no_suffix,60111017.0,FPPYD1_GSU2,60082276.0,FPPYD1_T_403
280011,DT_AT1,True,no_sibling_found,60111530.0,DT_AT1_H,,
279840,BRAUNIG_22_3,False,same_teid_bus_pair_no_suffix,60110892.0,BRAUNIG_22_3,60080343.0,BRAUNIG_138_22_3
279187,CRAN_FMR1,True,same_teid_hl_suffix,60025851.0,CRAN_XFMR1_H,60111000.0,CRAN_XFMR1_L
742146,KINNISON_XF1L,True,no_sibling_found,,,60111657.0,KINNISON_XF1L
280033,AUSTRO_AT2H,True,no_sibling_found,60003135.0,AUSTRO_AU_AT2H,,
92293,ESKSW_FMR2,True,same_teid_hl_suffix,60110703.0,ESKSW_AXFMR2H,60030928.0,ESKSW_AXFMR2L
364809,PHARRSVC_AUT1,True,no_sibling_found,60111717.0,PHARRSVC_AUT1_H,,
279492,CBY_AT2B,True,no_sibling_found,60111409.0,CBY_AT2B_H,,
304031,TB_AT2,True,no_sibling_found,60111513.0,TB_AT2_H,,
280040,LYTTON_S_AT2L,True,no_sibling_found,,,60111124.0,LYTTON_S_LY_AT2L
27933,JOR_AT1H,True,no_sibling_found,60111426.0,JOR_AT1H_H,,
54276,KLNSW_MR2H,True,no_sibling_found,60005648.0,KLNSW_AXFMR2H,,
279836,BRAUNIG_MT78,True,no_sibling_found,60003475.0,BRAUNIG_MT78H,,
863989,FRONTERA_XFL2,True,no_sibling_found,60104784.0,FRONTERA_XFL2_H,,
280042,SCLPCOGN_GSU2,False,same_teid_bus_pair_no_suffix,60111819.0,SCLPCOGN_GSU2,60087199.0,SCLPCOGN_SCLPGSU2
280014,DT_AT2,True,no_sibling_found,60004437.0,DT_AT2_H,,
280045,LAREDO_A1-L,True,no_sibling_found,,,60111076.0,LAREDO_138_69A1L
280019,GBY_AT1H,True,no_sibling_found,60111422.0,GBY_AT1H_H,,
28013,TRSES_MR7L,True,no_sibling_found,60110825.0,TRSES_AXFMR7LH,,
279605,DOWNIES_AX1H,True,no_sibling_found,60004403.0,DOWNIES_AXFMR1H,,
280047,CBY4_XF42,False,same_teid_bus_pair_no_suffix,60111747.0,CBY4_XF42,60003709.0,CBY4_GSU-XF-42001
279781,HEIGHTTN_HAT2,True,no_sibling_found,,,60011758.0,HEIGHTTN_HEIGHAT2_L
280049,SCLPCOGN_PATA,False,same_teid_bus_pair_no_suffix,60087196.0,SCLPCOGN_SCLPATA,60010600.0,SCLPCOGN_PATA
280050,MARSFO_GSU2,False,same_teid_bus_pair_no_suffix,60111046.0,MARSFO_GSU2,60084259.0,MARSFO_73GSUT2
279001,LON_HILL_381H,True,no_sibling_found,60010005.0,LON_HILL_345_1381H_H,,
20860,CN345_MR2H,True,no_sibling_found,60003998.0,CN345_MR2HH,,
279665,SCLPCOGN_GSU1,False,same_teid_bus_pair_no_suffix,60111817.0,SCLPCOGN_GSU1,60087198.0,SCLPCOGN_SCLPGSU1
279189,LMESA_FMR1,True,no_sibling_found,,,60011734.0,LMESA_AXFMR1_L
280052,MDANP_FMR6,True,no_sibling_found,60084402.0,MDANP_UCXFMR6_H,,
278992,AUSTPL_GSU1,False,same_teid_bus_pair_no_suffix,60112665.0,AUSTPL_GSU1,60003131.0,AUSTPL_AUSGSUT1
830025,MAGRUDER_XF1H,True,no_sibling_found,60101389.0,MAGRUDER_XF1H,,
422440,JCK_AT3,True,no_sibling_found,60111472.0,JCK_AT3_H,,
280056,LARDVFT_VFTS,True,no_sibling_found,60111712.0,LARDVFT_VFT_S_H,,
279318,SHELBY_BT1H,True,no_sibling_found,60110645.0,SHELBY_SHLBT1H,,
319882,JEWET_MR1L,True,no_sibling_found,60110855.0,JEWET_AXFMR1L_H,,
278991,SILASRAY_SGT1,False,same_teid_bus_pair_no_suffix,60111644.0,SILASRAY_SGT1,60007211.0,SILASRAY_GSU-10
279511,RIOHONDO_AT1L,True,no_sibling_found,,,60006943.0,RIOHONDO_345_138_1L
718553,EXCSW_MR1H,True,no_sibling_found,60111287.0,EXCSW_AXFMR1H,,
34658,KLNSW_MR1L,True,no_sibling_found,60005646.0,KLNSW_AXFMR1L_H,,
281262,HILLCTRY_MR1L,True,no_sibling_found,,,60110905.0,HILLCTRY_AXFMR1L
7903,BWNSW_S1_2,True,no_sibling_found,60111204.0,BWNSW_AXFMR1_2_H,,
279261,OLSEN_NAT1,False,same_teid_bus_pair_no_suffix,60111395.0,OLSEN_NAT1,60006539.0,OLSEN_OLSENAT1
280060,BOMSW_MR2L,True,no_sibling_found,,,60003430.0,BOMSW_AXFMR2L
60694,TMPCR_MR1H,True,no_sibling_found,60110864.0,TMPCR_AXFMR1H_H,,
874777,N_SHARPE_XF1L,True,no_sibling_found,,,60114358.0,N_SHARPE_XF1L
225795,EINSTEIN_7TR1,True,no_sibling_found,60008577.0,EINSTEIN_ENS7TR1H,,
280063,HHGT_UT1,False,same_teid_bus_pair_no_suffix,60082851.0,HHGT_TR1,60038028.0,HHGT_UT1
279473,EL_CAMPO_69-1,True,same_teid_hl_suffix,60030446.0,EL_CAMPO_138_69_1_H,60111059.0,EL_CAMPO_138_69_1_L
280064,AMOCOOIL_GSU2,False,same_teid_bus_pair_no_suffix,60111784.0,AMOCOOIL_GSU2,60079576.0,AMOCOOIL_GSUT2
279575,DIALV_FMR1,True,same_teid_hl_suffix,60028293.0,DIALV_AXFMR1-H,60110831.0,DIALV_AXFMR1-L
313530,ZORN_AT3L,True,no_sibling_found,60111032.0,ZORN_AT3L_H,,
279234,MCCREE_CT1L,True,no_sibling_found,,,60110629.0,MCCREE_GAMCT1L
6021,BWNSW_S001,True,no_sibling_found,60110712.0,BWNSW_AXFMR1_H,,
279543,ELKTN_MR3H,True,no_sibling_found,60004564.0,ELKTN_AXFMR3H,,
109333,EXGNWTL_T1,True,no_sibling_found,60004637.0,EXGNWTL_T1H,,
217805,REDFISH_MVT2,False,same_teid_bus_pair_no_suffix,60112574.0,REDFISH_MVT2,60006908.0,REDFISH_MV1_T2
280066,CBY_AT1,True,no_sibling_found,60003693.0,CBY_AT1L_H,,
7281,KENDAL_AT5H,True,no_sibling_found,60111010.0,KENDAL_AT5H_H,,
582374,MDLNE_MR1L,True,no_sibling_found,,,60110677.0,MDLNE_AXFMR1L
492645,JOR_AT3H,True,no_sibling_found,60111425.0,JOR_AT3H_H,,
681447,TEASW_MR1L,True,no_sibling_found,,,60110848.0,TEASW_AXFMR1L
33736,CAGNON_MR2,True,same_teid_hl_suffix,60110898.0,CAGNON_MR2H,60021141.0,CAGNON_MR2L
597632,TAYLR_FMR1,False,same_teid_bus_pair_no_suffix,60110883.0,TAYLR_AXFMR1-69,60068639.0,TAYLR_AXFMR1-138
279789,CUERO_AT3,True,same_teid_hl_suffix,60008853.0,CUERO_AT3H,60081360.0,CUERO_AT3_L
718825,EXCSW_MR2L,True,no_sibling_found,,,60111237.0,EXCSW_AXFMR2L
279237,SARRD_MR1L,True,same_teid_hl_suffix,60110812.0,SARRD_AXFMR1L-H,60007107.0,SARRD_AXFMR1L
280069,SOUTHABI_38T2,True,same_teid_hl_suffix,60066398.0,SOUTHABI_138_69T2_H,60111001.0,SOUTHABI_138_69T2_L
280070,MGSES_MR4L,True,no_sibling_found,,,60006164.0,MGSES_AXFMR4L
207908,FORMOSA_2002,False,same_teid_bus_pair_no_suffix,60111812.0,FORMOSA_2002,60082197.0,FORCFB_TR-2002
706410,GREENCK_GCK2,True,no_sibling_found,,,60091869.0,GREENCK_GCK2_L
720526,MULBERRY_XF2H,True,no_sibling_found,60110979.0,MULBERRY_2_345_1_H,,
130026,LIGSW_MR1L,True,no_sibling_found,60005838.0,LIGSW_AXFMR1L_H,,
280074,FLATON_AT3,True,same_teid_hl_suffix,60008816.0,FLATON_AT3H,60082113.0,FLATON_AT3_L
720970,RCKSW_MR2L,True,no_sibling_found,,,60111162.0,RCKSW_AXFMR2L
280076,FORMOSA_TR07,True,no_sibling_found,60004746.0,FORMOSA_TR07H,,
280078,ODEHV_MR2H,True,no_sibling_found,60006485.0,ODEHV_AXFMR2H,,
280079,LON_HILL_382L,True,same_teid_hl_suffix,60010055.0,LON_HILL_345_1382L_H,60005912.0,LON_HILL_345_1382L
154845,SHRSW_MR2L,True,no_sibling_found,60110759.0,SHRSW_AXFMR2L_H,,
279063,PLSTN_FMR3,True,same_teid_hl_suffix,60057140.0,PLSTN_AXFMR3-H,60110844.0,PLSTN_AXFMR3-L
280082,BASTEN_TF-B,False,same_teid_bus_pair_no_suffix,60111011.0,BASTEN_TF-B,60003212.0,BASTEN_1EY-TF-B
1974,REDGATE_GS1H,True,no_sibling_found,60112581.0,REDGATE_GS1H,,
280083,TYGND_MR1L,True,no_sibling_found,60007660.0,TYGND_AXFMR1L_H,,
280084,NUECES_B_69A1,True,same_teid_hl_suffix,60053244.0,NUECES_B_138_69A1_H,60111093.0,NUECES_B_138_69A1_L
279419,HLSBR_MR1H,True,no_sibling_found,60110880.0,HLSBR_AXFMR1H,,
503223,QRYSW_AX2H,True,no_sibling_found,60111181.0,QRYSW_AX2H,,
491422,QNLTP_MR1H,True,no_sibling_found,60111268.0,QNLTP_AXFMR1H_H,,
299942,NB_AT3,True,no_sibling_found,60111505.0,NB_AT3_H,,
60678,NORSW_MR2L,True,no_sibling_found,60110796.0,NORSW_AXFMR2L_H,,
71379,OLEANDER_AUT1,True,same_teid_hl_suffix,60111701.0,OLEANDER_138_69_AUTO_H,60054435.0,OLEANDER_138_69_AUTO_L
128215,LIGSW_MR1H,True,no_sibling_found,60005837.0,LIGSW_AXFMR1H_H,,
732128,HOWARD_MR1,True,no_sibling_found,,,60095670.0,HOWARD_MR1_L
280085,W_DENT_T1L,True,no_sibling_found,,,60007742.0,W_DENT_XFT1L
280088,MARBFA_GSU2,False,same_teid_bus_pair_no_suffix,60111045.0,MARBFA_GSU2,60006039.0,MARBFA_14GSUT2
307991,DUNLAP_AT1,True,same_teid_hl_suffix,60004455.0,DUNLAP_AT1H,60029126.0,DUNLAP_AT1L
370926,BTTSW_FMR2,True,same_teid_hl_suffix,60110714.0,BTTSW_AXFMR2_HISIDE,60020147.0,BTTSW_AXFMR2_LOSIDE
327088,JCK_AT2,True,no_sibling_found,60111473.0,JCK_AT2_H,,
279206,JN_AT3,True,no_sibling_found,60111526.0,JN_AT3_H,,
279819,WHTNY_MR2L,True,no_sibling_found,60007826.0,WHTNY_AXFMR2L_H,,
423285,CVC_XT1H,True,no_sibling_found,60111863.0,CVC_XT1H,,
279805,BELLSO_AT2,True,same_teid_hl_suffix,60016873.0,BELLSO_AT2H,60008818.0,BELLSO_AT2L
732137,HOWARD_MR2,True,no_sibling_found,,,60095672.0,HOWARD_MR2_L
421221,HARALD_T1,True,no_sibling_found,60112159.0,HARALD_T1_H,,
413385,FOWLRTON_7TR1,True,no_sibling_found,60110941.0,FOWLRTON_7TRH,,
279689,HILLCTRY_MR3H,True,no_sibling_found,60110907.0,HILLCTRY_AXFMR3H-H,,
345059,CFLATS_T1H,True,sibling_teid_null_matched_by_name_only,60112704.0,CFLATS_T1H,60112703.0,CFLATS_T1L
279721,GONZAL_AT3,True,same_teid_hl_suffix,60035639.0,GONZAL_AT3H,60008829.0,GONZAL_AT3L
61265,VLSES_MR1H,True,no_sibling_found,60007728.0,VLSES_AXFMR1H_H,,
305614,TESLA_AUT2,True,no_sibling_found,60111664.0,TESLA_AUT2_H,,
62100,KEECHI_T1,True,no_sibling_found,60112426.0,KEECHI_T1_H,,
279341,CCEC_TG1,False,same_teid_bus_pair_no_suffix,60112561.0,CCEC_TG1,60003725.0,CCEC_CTG1
279716,LEHIGH_AT2,True,same_teid_hl_suffix,60044137.0,LEHIGH_AT2H,60008813.0,LEHIGH_AT2L
3222,PHR_AT1H,True,no_sibling_found,60111448.0,PHR_AT1H_H,,
279971,LEON_CRK_34H,True,no_sibling_found,60110913.0,LEON_CRK_34H,,
279804,EXN_H401,False,same_teid_bus_pair_no_suffix,60111795.0,EXN_H401,60004652.0,EXN_TRTH401
833400,ASPM_XF1L,True,no_sibling_found,,,60103585.0,ASPM_XF1L
279802,EXN_T403,False,same_teid_bus_pair_no_suffix,60111791.0,EXN_T403,60004647.0,EXN_TP403
299913,NB_AT1H,True,no_sibling_found,60111501.0,NB_AT1H_H,,
579070,POESTA_138H,True,no_sibling_found,60012281.0,POESTA_138H,,
279957,FPPYD1_GSU1,False,same_teid_bus_pair_no_suffix,60111016.0,FPPYD1_GSU1,60082275.0,FPPYD1_T_402
280094,SANMIGL_ATAL,True,no_sibling_found,,,60007088.0,SANMIGL_AUTA_L
108985,THOMASTN_PS1,False,same_teid_bus_pair_no_suffix,60069205.0,THOMASTN_LD,60007513.0,THOMASTN_SR
279332,ASHERTON_69A1,True,same_teid_hl_suffix,60015328.0,ASHERTON_138_69A1_H,60009993.0,ASHERTON_138_69A1_L
18718,COTULAS_COTU,True,same_teid_hl_suffix,60110952.0,COTULAS_HIGH,60025429.0,COTULAS_LOW
279524,MDLNE_MR2H,True,no_sibling_found,60012275.0,MDLNE_AXFMR2H,,
279028,WLVEE_MR2H,True,no_sibling_found,60110787.0,WLVEE_AXFMR2H,,
755662,NAVALBAS_XFL1,True,no_sibling_found,60111099.0,NAVALBAS_1_69_1_H,,
712718,BLCKJACK_BKJK,True,no_sibling_found,,,60092616.0,BLCKJACK_BKJK_L
279793,EXN_5901,False,same_teid_bus_pair_no_suffix,60111419.0,EXN_5901,60004639.0,EXN_T5901
279710,CAGNON_MR3H,True,no_sibling_found,60003608.0,CAGNON_AXFMR3H-H,,
279038,HAS_HAS1,True,no_sibling_found,,,60037262.0,HAS_HAS1_L
279344,RIO_GRAN_138_,True,same_teid_hl_suffix,60060877.0,RIO_GRAN_138_69A1_H,60010013.0,RIO_GRAN_138_69A1_L
279088,JK_CK_XF1H,True,no_sibling_found,60110663.0,JK_CK_JKCKT1H,,
292332,WO_AT1H,True,no_sibling_found,60008561.0,WO_AT1H_H,,
126752,DMTSW_AX2L,True,no_sibling_found,60004325.0,DMTSW_AX2LH,,
379055,MOSSW_MR2H,True,no_sibling_found,60110674.0,MOSSW_AXFMR2H_H,,
60527,NORSW_MR2H,True,no_sibling_found,60110791.0,NORSW_AXFMR2H_H,,
717071,RGRSW_FMR3,False,same_teid_bus_pair_no_suffix,60111167.0,RGRSW_AXFMR3-69,60092942.0,RGRSW_AXFMR3-138
279300,GN_S_I_XT1L,True,no_sibling_found,,,60005069.0,GN_S_I_GNIN_T1L
279924,MGSES_MR4H,True,no_sibling_found,60006163.0,MGSES_AXFMR4H,,
311870,HORSECRK_T1,True,no_sibling_found,60112314.0,HORSECRK_T1_H,,
279180,WINK_KAT1,False,same_teid_bus_pair_no_suffix,60111398.0,WINK_KAT1,60007838.0,WINK_WINKAT1
315693,PANDA_S_10AT,False,same_teid_bus_pair_no_suffix,60112248.0,PANDA_S_10AT,60006593.0,PANDA_S_10BAT10
254103,CLAYTNVL_162H,True,no_sibling_found,60008566.0,CLAYTNVL_6T3162H_H,,
279081,SCSES_MR1L,True,no_sibling_found,,,60007145.0,SCSES_AXFMR1L
873312,ROCKPORT_AT2H,True,no_sibling_found,60114143.0,ROCKPORT_AT2H,,
326253,NA_NO_2,True,no_sibling_found,60111900.0,NA_NO_2H,,
60407,FSHSW_MR1H,True,no_sibling_found,60110705.0,FSHSW_AXFMR1H_H,,
666945,TESSW_MR1H,True,no_sibling_found,60111309.0,TESSW_MR1H,,
846315,FERIS_XFRM,True,no_sibling_found,,,60101921.0,FERIS_XFRM_L
748706,CATSW_MR2H,True,no_sibling_found,60111151.0,CATSW_MR2H,,
301797,LV1_MPTA,True,no_sibling_found,60005957.0,LV1_MPT-1A_H,,
94511,ZEN_AT1,True,no_sibling_found,60111488.0,ZEN_AT1_H,,
279363,NEDIN_138H,True,no_sibling_found,60006360.0,NEDIN_345_138H,,
279122,WESTYA_FMR1,True,same_teid_hl_suffix,60073867.0,WESTYA_XFMR1_H,60010042.0,WESTYA_XFMR1_L
855780,BALLINGE_FMRL,True,no_sibling_found,,,60103587.0,BALLINGE_FMRL
366331,WAYMARK_T1,True,no_sibling_found,60112167.0,WAYMARK_T1_H,,
344697,ZEN_AT3H,True,no_sibling_found,60111485.0,ZEN_AT3H_H,,
279758,BTE_AT-1,True,no_sibling_found,,,60003525.0,BTE_AT-1_L
279303,SNDSW_MR2H,True,no_sibling_found,60007281.0,SNDSW_AXFMR2H-H,,
459962,SOLSTICE_T1,True,no_sibling_found,,,60066306.0,SOLSTICE_T1_L
118680,BNBSW_MR1H,True,no_sibling_found,60110740.0,BNBSW_AXFMR1H_H,,
279930,MLSES_FMR3,False,same_teid_bus_pair_no_suffix,60110814.0,MLSES_FMR3,60006224.0,MLSES_UXFMR3
279931,LVOK_T2,True,same_teid_hl_suffix,60046939.0,LVOK_138_69_2_H,60110993.0,LVOK_138_69_2_L
226170,ANACACHO_T1,False,same_teid_bus_pair_no_suffix,60112796.0,ANACACHO_T1,60003047.0,ANACACHO_ANA_T1
626864,EXPSW_MR1L,True,no_sibling_found,,,60031417.0,EXPSW_MR1L
379056,MOSSW_MR2L,True,no_sibling_found,60110675.0,MOSSW_AXFMR2L_H,,
60509,MOSSW_MR1L,True,no_sibling_found,60006248.0,MOSSW_AXFMR1L_H,,
28048,TRSES_MR7H,True,no_sibling_found,60110824.0,TRSES_AXFMR7HH,,
279935,BASTEN_TF-C,False,same_teid_bus_pair_no_suffix,60111012.0,BASTEN_TF-C,60003213.0,BASTEN_1EY-TF-C
429042,RVRSW_AX2L,True,no_sibling_found,60011072.0,RVRSW_AX2LH,,
279885,LOBO_A2,True,same_teid_hl_suffix,60005890.0,LOBO_2_345_138_H,60045401.0,LOBO_2_345_138_L
279723,LULING_AT1,True,same_teid_hl_suffix,60046809.0,LULING_AT1H,60008815.0,LULING_AT1L
279936,AMOCOOIL_GXU5,False,same_teid_bus_pair_no_suffix,60111779.0,AMOCOOIL_GXU5,60079582.0,AMOCOOIL_XT450
20920,CN345_MR2L,True,no_sibling_found,60003999.0,CN345_MR2LH,,
279550,TWINBU_AT1H,True,no_sibling_found,60008846.0,TWINBU_AT1H,,
298586,DOWGEN_XF68,False,same_teid_bus_pair_no_suffix,60010543.0,DOWGEN_XF68,60004391.0,DOWGEN_GSUXF68
438335,HUTTO_MR2H,True,no_sibling_found,60011051.0,HUTTO_AXFMR2H,,
368366,STNSW_AX1H,True,no_sibling_found,60110738.0,STNSW_AXFMR1HH,,
279940,FORMOSA_TR05,True,no_sibling_found,60004744.0,FORMOSA_TR05H,,
279331,GS_AT1L,True,no_sibling_found,60111533.0,GS_AT1L_H,,
279699,HILLCTRY_MR2H,True,no_sibling_found,60110908.0,HILLCTRY_AXFMR2H-H,,
419023,FORMOSA_TR31,True,no_sibling_found,,,60032848.0,FORMOSA_TR31_L
608249,NVAP_345_NPXF,True,no_sibling_found,,,60053387.0,NVAP_345_NPXF_L
383643,REFUGIO_AT1,False,same_teid_bus_pair_no_suffix,60111089.0,REFUGIO_AT1_HS,60059916.0,REFUGIO_AT1_LS
279244,LCSES_MR1H,True,no_sibling_found,60005779.0,LCSES_AXFMR1H,,
279371,RINCON_69A1,True,same_teid_hl_suffix,60060575.0,RINCON_138_69A1_H,60010000.0,RINCON_138_69A1_L
360927,WICKETT_WAT1,False,same_teid_bus_pair_no_suffix,60074388.0,WICKETT_WKTWAT1_HI,60010028.0,WICKETT_WKTWAT1_LO
60412,MOSSW_MR1H,True,no_sibling_found,60006247.0,MOSSW_AXFMR1H_H,,
34929,KLNSW_MR2L,True,no_sibling_found,60005649.0,KLNSW_AXFMR2L_H,,
878709,SASASW_AT_M,True,same_teid_hl_suffix,60114803.0,SASASW_AT_M_H,60114804.0,SASASW_AT_M_L
279941,SWEETWN4_XF4B,False,same_teid_bus_pair_no_suffix,60112757.0,SWEETWN4_XF4B,60007426.0,SWEETWN4_4B
279545,ELKTN_MR3L,True,no_sibling_found,,,60004565.0,ELKTN_AXFMR3L
279443,ALNSW_MR1H,True,no_sibling_found,60110805.0,ALNSW_AXFMR1H-H,,
279602,REDCREEK_T1H,True,no_sibling_found,60087138.0,SARC_T1H,,
81773,NIXON_AT1,True,same_teid_hl_suffix,60008270.0,NIXON_ATH,60052616.0,NIXON_ATL
279421,HLSBR_MR1L,True,no_sibling_found,,,60110881.0,HLSBR_AXFMR1L
324285,ZORN_AT2L,True,no_sibling_found,60111031.0,ZORN_AT2L_H,,
279528,HOC_AT1L,True,no_sibling_found,60111523.0,HOC_AT1L_H,,
291551,SALEM_AT4L,True,no_sibling_found,60007053.0,SALEM_AT4L_H,,
313285,FERGCC_GSU2,False,same_teid_bus_pair_no_suffix,60112748.0,FERGCC_GSU2,60004710.0,FERGCC_1EY-TF-B
533372,MCCREE_CT2H,True,no_sibling_found,60110661.0,MCCREE_CT2H,,
279050,ELMOT_MR2H,True,no_sibling_found,60004568.0,ELMOT_AXFMR2HH,,
279945,COLETO_138L,True,no_sibling_found,,,60004032.0,COLETO_345_138L
754787,CMTSW_MR2H,True,no_sibling_found,60110772.0,CMTSW_MR2H,,
279946,DOW_A3P,False,same_teid_bus_pair_no_suffix,60111465.0,DOW_A3P,60004349.0,DOW_DOW_A3P
279452,NVARO_MR2H,True,no_sibling_found,60006441.0,NVARO_AXFMR2H,,
588613,BOARDCRK_T3,True,no_sibling_found,,,60018518.0,BOARDCRK_T3_L
279772,CALAVERS_22_1,False,same_teid_bus_pair_no_suffix,60080569.0,CALAVERS_138_22_1,60021245.0,CALAVERS_22_1
279808,PEARSAL2_T901,False,same_teid_bus_pair_no_suffix,60111619.0,PEARSAL2_T901,60006653.0,PEARSAL2_AET901
331137,LEVEE_XT1,True,no_sibling_found,60111908.0,LEVEE_XT1H,,
335070,FTWIND_T1,True,no_sibling_found,60112430.0,FTWIND_T1_H,,
763013,PAINTCRE_XFH1,True,no_sibling_found,60110972.0,PAINTCRE_1_138_1_H,,
279951,RENSW_MR1L,True,same_teid_hl_suffix,60110782.0,RENSW_AXFMR1L-H,60006915.0,RENSW_AXFMR1L
754788,CMTSW_MR2L,True,no_sibling_found,,,60111236.0,CMTSW_MR2L
279369,DUKE_TF-C,False,same_teid_bus_pair_no_suffix,60111120.0,DUKE_TF-C,60010018.0,DUKE_1-EY-TF-C
302554,ACACIA_T1,True,no_sibling_found,60111650.0,ACACIA_T1H,,
21361,GS_AT2,True,no_sibling_found,60111531.0,GS_AT2_H,,
298451,DOWGEN_XF69,False,same_teid_bus_pair_no_suffix,60010544.0,DOWGEN_XF69,60004392.0,DOWGEN_GSUXF69
111535,JOR_AT2,True,no_sibling_found,60111428.0,JOR_AT2_H,,
